{"level":"error","message":"Nome do paciente e obrigatorio.","service":"vetpro-backend","stack":"ValidationError: Nome do paciente e obrigatorio.\n    at validatePatientInput (C:\\Cliente\\HSS\\VetPro\\vetpro-backend\\src\\services\\patientService.js:70:20)\n    at Object.validatePatientInput [as createPatient] (C:\\Cliente\\HSS\\VetPro\\vetpro-backend\\src\\services\\patientService.js:142:3)\n    at createPatient (C:\\Cliente\\HSS\\VetPro\\vetpro-backend\\src\\controllers\\patientController.js:18:42)\n    at Layer.handle [as handle_request] (C:\\Cliente\\HSS\\VetPro\\vetpro-backend\\node_modules\\express\\lib\\router\\layer.js:95:5)\n    at next (C:\\Cliente\\HSS\\VetPro\\vetpro-backend\\node_modules\\express\\lib\\router\\route.js:149:13)\n    at next (C:\\Cliente\\HSS\\VetPro\\vetpro-backend\\src\\middlewares\\validationMiddleware.js:78:12)\n    at Layer.handle [as handle_request] (C:\\Cliente\\HSS\\VetPro\\vetpro-backend\\node_modules\\express\\lib\\router\\layer.js:95:5)\n    at next (C:\\Cliente\\HSS\\VetPro\\vetpro-backend\\node_modules\\express\\lib\\router\\route.js:149:13)\n    at Route.dispatch (C:\\Cliente\\HSS\\VetPro\\vetpro-backend\\node_modules\\express\\lib\\router\\route.js:119:3)\n    at Layer.handle [as handle_request] (C:\\Cliente\\HSS\\VetPro\\vetpro-backend\\node_modules\\express\\lib\\router\\layer.js:95:5)\n    at C:\\Cliente\\HSS\\VetPro\\vetpro-backend\\node_modules\\express\\lib\\router\\index.js:284:15\n    at Function.process_params (C:\\Cliente\\HSS\\VetPro\\vetpro-backend\\node_modules\\express\\lib\\router\\index.js:346:12)\n    at next (C:\\Cliente\\HSS\\VetPro\\vetpro-backend\\node_modules\\express\\lib\\router\\index.js:280:10)\n    at next (C:\\Cliente\\HSS\\VetPro\\vetpro-backend\\src\\tests\\consultationRoutes.test.js:39:5)\n    at Layer.handle [as handle_request] (C:\\Cliente\\HSS\\VetPro\\vetpro-backend\\node_modules\\express\\lib\\router\\layer.js:95:5)\n    at trim_prefix (C:\\Cliente\\HSS\\VetPro\\vetpro-backend\\node_modules\\express\\lib\\router\\index.js:328:13)\n    at C:\\Cliente\\HSS\\VetPro\\vetpro-backend\\node_modules\\express\\lib\\router\\index.js:286:9\n    at Function.process_params (C:\\Cliente\\HSS\\VetPro\\vetpro-backend\\node_modules\\express\\lib\\router\\index.js:346:12)\n    at next (C:\\Cliente\\HSS\\VetPro\\vetpro-backend\\node_modules\\express\\lib\\router\\index.js:280:10)\n    at Function.handle (C:\\Cliente\\HSS\\VetPro\\vetpro-backend\\node_modules\\express\\lib\\router\\index.js:175:3)\n    at router (C:\\Cliente\\HSS\\VetPro\\vetpro-backend\\node_modules\\express\\lib\\router\\index.js:47:12)\n    at Layer.handle [as handle_request] (C:\\Cliente\\HSS\\VetPro\\vetpro-backend\\node_modules\\express\\lib\\router\\layer.js:95:5)\n    at trim_prefix (C:\\Cliente\\HSS\\VetPro\\vetpro-backend\\node_modules\\express\\lib\\router\\index.js:328:13)\n    at C:\\Cliente\\HSS\\VetPro\\vetpro-backend\\node_modules\\express\\lib\\router\\index.js:286:9\n    at Function.process_params (C:\\Cliente\\HSS\\VetPro\\vetpro-backend\\node_modules\\express\\lib\\router\\index.js:346:12)\n    at next (C:\\Cliente\\HSS\\VetPro\\vetpro-backend\\node_modules\\express\\lib\\router\\index.js:280:10)\n    at C:\\Cliente\\HSS\\VetPro\\vetpro-backend\\node_modules\\express-rate-limit\\dist\\index.cjs:942:7\n    at processTicksAndRejections (node:internal/process/task_queues:95:5)\n    at C:\\Cliente\\HSS\\VetPro\\vetpro-backend\\node_modules\\express-rate-limit\\dist\\index.cjs:825:5","timestamp":"2026-02-27 15:10:01"}
{"level":"error","message":"Especie e obrigatoria.","service":"vetpro-backend","stack":"ValidationError: Especie e obrigatoria.\n    at validatePatientInput (C:\\Cliente\\HSS\\VetPro\\vetpro-backend\\src\\services\\patientService.js:71:23)\n    at Object.validatePatientInput [as updatePatient] (C:\\Cliente\\HSS\\VetPro\\vetpro-backend\\src\\services\\patientService.js:202:3)\n    at updatePatient (C:\\Cliente\\HSS\\VetPro\\vetpro-backend\\src\\controllers\\patientController.js:56:42)\n    at Layer.handle [as handle_request] (C:\\Cliente\\HSS\\VetPro\\vetpro-backend\\node_modules\\express\\lib\\router\\layer.js:95:5)\n    at next (C:\\Cliente\\HSS\\VetPro\\vetpro-backend\\node_modules\\express\\lib\\router\\route.js:149:13)\n    at next (C:\\Cliente\\HSS\\VetPro\\vetpro-backend\\src\\middlewares\\validationMiddleware.js:78:12)\n    at Layer.handle [as handle_request] (C:\\Cliente\\HSS\\VetPro\\vetpro-backend\\node_modules\\express\\lib\\router\\layer.js:95:5)\n    at next (C:\\Cliente\\HSS\\VetPro\\vetpro-backend\\node_modules\\express\\lib\\router\\route.js:149:13)\n    at Route.dispatch (C:\\Cliente\\HSS\\VetPro\\vetpro-backend\\node_modules\\express\\lib\\router\\route.js:119:3)\n    at Layer.handle [as handle_request] (C:\\Cliente\\HSS\\VetPro\\vetpro-backend\\node_modules\\express\\lib\\router\\layer.js:95:5)\n    at C:\\Cliente\\HSS\\VetPro\\vetpro-backend\\node_modules\\express\\lib\\router\\index.js:284:15\n    at param (C:\\Cliente\\HSS\\VetPro\\vetpro-backend\\node_modules\\express\\lib\\router\\index.js:365:14)\n    at param (C:\\Cliente\\HSS\\VetPro\\vetpro-backend\\node_modules\\express\\lib\\router\\index.js:376:14)\n    at Function.process_params (C:\\Cliente\\HSS\\VetPro\\vetpro-backend\\node_modules\\express\\lib\\router\\index.js:421:3)\n    at next (C:\\Cliente\\HSS\\VetPro\\vetpro-backend\\node_modules\\express\\lib\\router\\index.js:280:10)\n    at next (C:\\Cliente\\HSS\\VetPro\\vetpro-backend\\src\\tests\\consultationRoutes.test.js:39:5)\n    at Layer.handle [as handle_request] (C:\\Cliente\\HSS\\VetPro\\vetpro-backend\\node_modules\\express\\lib\\router\\layer.js:95:5)\n    at trim_prefix (C:\\Cliente\\HSS\\VetPro\\vetpro-backend\\node_modules\\express\\lib\\router\\index.js:328:13)\n    at C:\\Cliente\\HSS\\VetPro\\vetpro-backend\\node_modules\\express\\lib\\router\\index.js:286:9\n    at Function.process_params (C:\\Cliente\\HSS\\VetPro\\vetpro-backend\\node_modules\\express\\lib\\router\\index.js:346:12)\n    at next (C:\\Cliente\\HSS\\VetPro\\vetpro-backend\\node_modules\\express\\lib\\router\\index.js:280:10)\n    at Function.handle (C:\\Cliente\\HSS\\VetPro\\vetpro-backend\\node_modules\\express\\lib\\router\\index.js:175:3)\n    at router (C:\\Cliente\\HSS\\VetPro\\vetpro-backend\\node_modules\\express\\lib\\router\\index.js:47:12)\n    at Layer.handle [as handle_request] (C:\\Cliente\\HSS\\VetPro\\vetpro-backend\\node_modules\\express\\lib\\router\\layer.js:95:5)\n    at trim_prefix (C:\\Cliente\\HSS\\VetPro\\vetpro-backend\\node_modules\\express\\lib\\router\\index.js:328:13)\n    at C:\\Cliente\\HSS\\VetPro\\vetpro-backend\\node_modules\\express\\lib\\router\\index.js:286:9\n    at Function.process_params (C:\\Cliente\\HSS\\VetPro\\vetpro-backend\\node_modules\\express\\lib\\router\\index.js:346:12)\n    at next (C:\\Cliente\\HSS\\VetPro\\vetpro-backend\\node_modules\\express\\lib\\router\\index.js:280:10)\n    at C:\\Cliente\\HSS\\VetPro\\vetpro-backend\\node_modules\\express-rate-limit\\dist\\index.cjs:942:7\n    at processTicksAndRejections (node:internal/process/task_queues:95:5)\n    at C:\\Cliente\\HSS\\VetPro\\vetpro-backend\\node_modules\\express-rate-limit\\dist\\index.cjs:825:5","timestamp":"2026-02-27 15:10:01"}
{"error":"getaddrinfo ENOTFOUND redis","level":"warn","message":"Erro no Redis","service":"vetpro-backend","timestamp":"2026-02-27 15:10:08"}
{"level":"warn","message":"Redis nao disponivel, usando fallback memoria","service":"vetpro-backend","timestamp":"2026-02-27 15:10:08"}
{"error":"getaddrinfo ENOTFOUND redis","level":"warn","message":"Erro no Redis","service":"vetpro-backend","timestamp":"2026-02-27 15:10:08"}
{"level":"warn","message":"Redis nao disponivel, usando fallback memoria","service":"vetpro-backend","timestamp":"2026-02-27 15:10:08"}
{"error":"getaddrinfo ENOTFOUND redis","level":"warn","message":"Erro no Redis","service":"vetpro-backend","timestamp":"2026-02-27 15:10:10"}
{"error":"getaddrinfo ENOTFOUND redis","level":"warn","message":"Erro no Redis","service":"vetpro-backend","timestamp":"2026-02-27 15:10:11"}
{"error":"getaddrinfo ENOTFOUND redis","level":"warn","message":"Erro no Redis","service":"vetpro-backend","timestamp":"2026-02-27 15:10:13"}
{"error":"getaddrinfo ENOTFOUND redis","level":"warn","message":"Erro no Redis","service":"vetpro-backend","timestamp":"2026-02-27 15:10:14"}
{"error":"getaddrinfo ENOTFOUND redis","level":"warn","message":"Erro no Redis","service":"vetpro-backend","timestamp":"2026-02-27 15:10:16"}
{"error":"getaddrinfo ENOTFOUND redis","level":"warn","message":"Erro no Redis","service":"vetpro-backend","timestamp":"2026-02-27 15:10:17"}
{"error":"getaddrinfo ENOTFOUND redis","level":"warn","message":"Erro no Redis","service":"vetpro-backend","timestamp":"2026-02-27 15:10:19"}
{"error":"getaddrinfo ENOTFOUND redis","level":"warn","message":"Erro no Redis","service":"vetpro-backend","timestamp":"2026-02-27 15:10:19"}
{"error":"getaddrinfo ENOTFOUND redis","level":"warn","message":"Erro no Redis","service":"vetpro-backend","timestamp":"2026-02-27 15:10:22"}
{"error":"getaddrinfo ENOTFOUND redis","level":"warn","message":"Erro no Redis","service":"vetpro-backend","timestamp":"2026-02-27 15:10:22"}
{"error":"getaddrinfo ENOTFOUND redis","level":"warn","message":"Erro no Redis","service":"vetpro-backend","timestamp":"2026-02-27 15:10:29"}
{"error":"getaddrinfo ENOTFOUND redis","level":"warn","message":"Erro no Redis","service":"vetpro-backend","timestamp":"2026-02-27 15:10:30"}
{"error":"getaddrinfo ENOTFOUND redis","level":"warn","message":"Erro no Redis","service":"vetpro-backend","timestamp":"2026-02-27 15:10:32"}
{"error":"getaddrinfo ENOTFOUND redis","level":"warn","message":"Erro no Redis","service":"vetpro-backend","timestamp":"2026-02-27 15:10:33"}
{"error":"getaddrinfo ENOTFOUND redis","level":"warn","message":"Erro no Redis","service":"vetpro-backend","timestamp":"2026-02-27 15:10:35"}
{"error":"getaddrinfo ENOTFOUND redis","level":"warn","message":"Erro no Redis","service":"vetpro-backend","timestamp":"2026-02-27 15:10:36"}
{"error":"getaddrinfo ENOTFOUND redis","level":"warn","message":"Erro no Redis","service":"vetpro-backend","timestamp":"2026-02-27 15:10:38"}
{"error":"getaddrinfo ENOTFOUND redis","level":"warn","message":"Erro no Redis","service":"vetpro-backend","timestamp":"2026-02-27 15:10:39"}
{"error":"getaddrinfo ENOTFOUND redis","level":"warn","message":"Erro no Redis","service":"vetpro-backend","timestamp":"2026-02-27 15:10:42"}
{"error":"getaddrinfo ENOTFOUND redis","level":"warn","message":"Erro no Redis","service":"vetpro-backend","timestamp":"2026-02-27 15:10:42"}
{"error":"getaddrinfo ENOTFOUND redis","level":"warn","message":"Erro no Redis","service":"vetpro-backend","timestamp":"2026-02-27 15:10:49"}
{"error":"getaddrinfo ENOTFOUND redis","level":"warn","message":"Erro no Redis","service":"vetpro-backend","timestamp":"2026-02-27 15:10:50"}
{"error":"getaddrinfo ENOTFOUND redis","level":"warn","message":"Erro no Redis","service":"vetpro-backend","timestamp":"2026-02-27 15:10:53"}
{"error":"getaddrinfo ENOTFOUND redis","level":"warn","message":"Erro no Redis","service":"vetpro-backend","timestamp":"2026-02-27 15:10:53"}
{"error":"getaddrinfo ENOTFOUND redis","level":"warn","message":"Erro no Redis","service":"vetpro-backend","timestamp":"2026-02-27 15:10:56"}
{"error":"getaddrinfo ENOTFOUND redis","level":"warn","message":"Erro no Redis","service":"vetpro-backend","timestamp":"2026-02-27 15:10:57"}
{"error":"getaddrinfo ENOTFOUND redis","level":"warn","message":"Erro no Redis","service":"vetpro-backend","timestamp":"2026-02-27 15:10:59"}
{"error":"getaddrinfo ENOTFOUND redis","level":"warn","message":"Erro no Redis","service":"vetpro-backend","timestamp":"2026-02-27 15:11:00"}
{"error":"getaddrinfo ENOTFOUND redis","level":"warn","message":"Erro no Redis","service":"vetpro-backend","timestamp":"2026-02-27 15:11:03"}
{"error":"getaddrinfo ENOTFOUND redis","level":"warn","message":"Erro no Redis","service":"vetpro-backend","timestamp":"2026-02-27 15:11:03"}
{"error":"getaddrinfo ENOTFOUND redis","level":"warn","message":"Erro no Redis","service":"vetpro-backend","timestamp":"2026-02-27 15:11:11"}
{"error":"getaddrinfo ENOTFOUND redis","level":"warn","message":"Erro no Redis","service":"vetpro-backend","timestamp":"2026-02-27 15:11:11"}
{"error":"getaddrinfo ENOTFOUND redis","level":"warn","message":"Erro no Redis","service":"vetpro-backend","timestamp":"2026-02-27 15:11:14"}
{"error":"getaddrinfo ENOTFOUND redis","level":"warn","message":"Erro no Redis","service":"vetpro-backend","timestamp":"2026-02-27 15:11:15"}
{"error":"getaddrinfo ENOTFOUND redis","level":"warn","message":"Erro no Redis","service":"vetpro-backend","timestamp":"2026-02-27 15:11:18"}
{"error":"getaddrinfo ENOTFOUND redis","level":"warn","message":"Erro no Redis","service":"vetpro-backend","timestamp":"2026-02-27 15:11:18"}
{"error":"getaddrinfo ENOTFOUND redis","level":"warn","message":"Erro no Redis","service":"vetpro-backend","timestamp":"2026-02-27 15:11:21"}
{"error":"getaddrinfo ENOTFOUND redis","level":"warn","message":"Erro no Redis","service":"vetpro-backend","timestamp":"2026-02-27 15:11:22"}
{"error":"getaddrinfo ENOTFOUND redis","level":"warn","message":"Erro no Redis","service":"vetpro-backend","timestamp":"2026-02-27 15:11:25"}
{"error":"getaddrinfo ENOTFOUND redis","level":"warn","message":"Erro no Redis","service":"vetpro-backend","timestamp":"2026-02-27 15:11:26"}
{"error":"getaddrinfo ENOTFOUND redis","level":"warn","message":"Erro no Redis","service":"vetpro-backend","timestamp":"2026-02-27 15:11:33"}
{"error":"getaddrinfo ENOTFOUND redis","level":"warn","message":"Erro no Redis","service":"vetpro-backend","timestamp":"2026-02-27 15:11:34"}
{"error":"getaddrinfo ENOTFOUND redis","level":"warn","message":"Erro no Redis","service":"vetpro-backend","timestamp":"2026-02-27 15:11:37"}
{"error":"getaddrinfo ENOTFOUND redis","level":"warn","message":"Erro no Redis","service":"vetpro-backend","timestamp":"2026-02-27 15:11:38"}
{"error":"getaddrinfo ENOTFOUND redis","level":"warn","message":"Erro no Redis","service":"vetpro-backend","timestamp":"2026-02-27 15:11:41"}
{"error":"getaddrinfo ENOTFOUND redis","level":"warn","message":"Erro no Redis","service":"vetpro-backend","timestamp":"2026-02-27 15:11:42"}
{"error":"getaddrinfo ENOTFOUND redis","level":"warn","message":"Erro no Redis","service":"vetpro-backend","timestamp":"2026-02-27 15:11:45"}
{"error":"getaddrinfo ENOTFOUND redis","level":"warn","message":"Erro no Redis","service":"vetpro-backend","timestamp":"2026-02-27 15:11:45"}
{"error":"getaddrinfo ENOTFOUND redis","level":"warn","message":"Erro no Redis","service":"vetpro-backend","timestamp":"2026-02-27 15:11:53"}
{"error":"getaddrinfo ENOTFOUND redis","level":"warn","message":"Erro no Redis","service":"vetpro-backend","timestamp":"2026-02-27 15:11:54"}
{"error":"getaddrinfo ENOTFOUND redis","level":"warn","message":"Erro no Redis","service":"vetpro-backend","timestamp":"2026-02-27 15:11:57"}
{"error":"getaddrinfo ENOTFOUND redis","level":"warn","message":"Erro no Redis","service":"vetpro-backend","timestamp":"2026-02-27 15:11:58"}
{"error":"getaddrinfo ENOTFOUND redis","level":"warn","message":"Erro no Redis","service":"vetpro-backend","timestamp":"2026-02-27 15:12:01"}
{"error":"getaddrinfo ENOTFOUND redis","level":"warn","message":"Erro no Redis","service":"vetpro-backend","timestamp":"2026-02-27 15:12:02"}
{"error":"getaddrinfo ENOTFOUND redis","level":"warn","message":"Erro no Redis","service":"vetpro-backend","timestamp":"2026-02-27 15:12:05"}
{"error":"getaddrinfo ENOTFOUND redis","level":"warn","message":"Erro no Redis","service":"vetpro-backend","timestamp":"2026-02-27 15:12:06"}
{"level":"error","message":"Nome do paciente e obrigatorio.","service":"vetpro-backend","stack":"ValidationError: Nome do paciente e obrigatorio.\n    at validatePatientInput (C:\\Cliente\\HSS\\VetPro\\vetpro-backend\\src\\services\\patientService.js:70:20)\n    at Object.validatePatientInput [as createPatient] (C:\\Cliente\\HSS\\VetPro\\vetpro-backend\\src\\services\\patientService.js:142:3)\n    at createPatient (C:\\Cliente\\HSS\\VetPro\\vetpro-backend\\src\\controllers\\patientController.js:18:42)\n    at Layer.handle [as handle_request] (C:\\Cliente\\HSS\\VetPro\\vetpro-backend\\node_modules\\express\\lib\\router\\layer.js:95:5)\n    at next (C:\\Cliente\\HSS\\VetPro\\vetpro-backend\\node_modules\\express\\lib\\router\\route.js:149:13)\n    at next (C:\\Cliente\\HSS\\VetPro\\vetpro-backend\\src\\middlewares\\validationMiddleware.js:78:12)\n    at Layer.handle [as handle_request] (C:\\Cliente\\HSS\\VetPro\\vetpro-backend\\node_modules\\express\\lib\\router\\layer.js:95:5)\n    at next (C:\\Cliente\\HSS\\VetPro\\vetpro-backend\\node_modules\\express\\lib\\router\\route.js:149:13)\n    at Route.dispatch (C:\\Cliente\\HSS\\VetPro\\vetpro-backend\\node_modules\\express\\lib\\router\\route.js:119:3)\n    at Layer.handle [as handle_request] (C:\\Cliente\\HSS\\VetPro\\vetpro-backend\\node_modules\\express\\lib\\router\\layer.js:95:5)\n    at C:\\Cliente\\HSS\\VetPro\\vetpro-backend\\node_modules\\express\\lib\\router\\index.js:284:15\n    at Function.process_params (C:\\Cliente\\HSS\\VetPro\\vetpro-backend\\node_modules\\express\\lib\\router\\index.js:346:12)\n    at next (C:\\Cliente\\HSS\\VetPro\\vetpro-backend\\node_modules\\express\\lib\\router\\index.js:280:10)\n    at next (C:\\Cliente\\HSS\\VetPro\\vetpro-backend\\src\\tests\\consultationRoutes.test.js:39:5)\n    at Layer.handle [as handle_request] (C:\\Cliente\\HSS\\VetPro\\vetpro-backend\\node_modules\\express\\lib\\router\\layer.js:95:5)\n    at trim_prefix (C:\\Cliente\\HSS\\VetPro\\vetpro-backend\\node_modules\\express\\lib\\router\\index.js:328:13)\n    at C:\\Cliente\\HSS\\VetPro\\vetpro-backend\\node_modules\\express\\lib\\router\\index.js:286:9\n    at Function.process_params (C:\\Cliente\\HSS\\VetPro\\vetpro-backend\\node_modules\\express\\lib\\router\\index.js:346:12)\n    at next (C:\\Cliente\\HSS\\VetPro\\vetpro-backend\\node_modules\\express\\lib\\router\\index.js:280:10)\n    at Function.handle (C:\\Cliente\\HSS\\VetPro\\vetpro-backend\\node_modules\\express\\lib\\router\\index.js:175:3)\n    at router (C:\\Cliente\\HSS\\VetPro\\vetpro-backend\\node_modules\\express\\lib\\router\\index.js:47:12)\n    at Layer.handle [as handle_request] (C:\\Cliente\\HSS\\VetPro\\vetpro-backend\\node_modules\\express\\lib\\router\\layer.js:95:5)\n    at trim_prefix (C:\\Cliente\\HSS\\VetPro\\vetpro-backend\\node_modules\\express\\lib\\router\\index.js:328:13)\n    at C:\\Cliente\\HSS\\VetPro\\vetpro-backend\\node_modules\\express\\lib\\router\\index.js:286:9\n    at Function.process_params (C:\\Cliente\\HSS\\VetPro\\vetpro-backend\\node_modules\\express\\lib\\router\\index.js:346:12)\n    at next (C:\\Cliente\\HSS\\VetPro\\vetpro-backend\\node_modules\\express\\lib\\router\\index.js:280:10)\n    at C:\\Cliente\\HSS\\VetPro\\vetpro-backend\\node_modules\\express-rate-limit\\dist\\index.cjs:942:7\n    at processTicksAndRejections (node:internal/process/task_queues:95:5)\n    at C:\\Cliente\\HSS\\VetPro\\vetpro-backend\\node_modules\\express-rate-limit\\dist\\index.cjs:825:5","timestamp":"2026-02-27 15:12:13"}
{"level":"error","message":"Especie e obrigatoria.","service":"vetpro-backend","stack":"ValidationError: Especie e obrigatoria.\n    at validatePatientInput (C:\\Cliente\\HSS\\VetPro\\vetpro-backend\\src\\services\\patientService.js:71:23)\n    at Object.validatePatientInput [as updatePatient] (C:\\Cliente\\HSS\\VetPro\\vetpro-backend\\src\\services\\patientService.js:202:3)\n    at updatePatient (C:\\Cliente\\HSS\\VetPro\\vetpro-backend\\src\\controllers\\patientController.js:56:42)\n    at Layer.handle [as handle_request] (C:\\Cliente\\HSS\\VetPro\\vetpro-backend\\node_modules\\express\\lib\\router\\layer.js:95:5)\n    at next (C:\\Cliente\\HSS\\VetPro\\vetpro-backend\\node_modules\\express\\lib\\router\\route.js:149:13)\n    at next (C:\\Cliente\\HSS\\VetPro\\vetpro-backend\\src\\middlewares\\validationMiddleware.js:78:12)\n    at Layer.handle [as handle_request] (C:\\Cliente\\HSS\\VetPro\\vetpro-backend\\node_modules\\express\\lib\\router\\layer.js:95:5)\n    at next (C:\\Cliente\\HSS\\VetPro\\vetpro-backend\\node_modules\\express\\lib\\router\\route.js:149:13)\n    at Route.dispatch (C:\\Cliente\\HSS\\VetPro\\vetpro-backend\\node_modules\\express\\lib\\router\\route.js:119:3)\n    at Layer.handle [as handle_request] (C:\\Cliente\\HSS\\VetPro\\vetpro-backend\\node_modules\\express\\lib\\router\\layer.js:95:5)\n    at C:\\Cliente\\HSS\\VetPro\\vetpro-backend\\node_modules\\express\\lib\\router\\index.js:284:15\n    at param (C:\\Cliente\\HSS\\VetPro\\vetpro-backend\\node_modules\\express\\lib\\router\\index.js:365:14)\n    at param (C:\\Cliente\\HSS\\VetPro\\vetpro-backend\\node_modules\\express\\lib\\router\\index.js:376:14)\n    at Function.process_params (C:\\Cliente\\HSS\\VetPro\\vetpro-backend\\node_modules\\express\\lib\\router\\index.js:421:3)\n    at next (C:\\Cliente\\HSS\\VetPro\\vetpro-backend\\node_modules\\express\\lib\\router\\index.js:280:10)\n    at next (C:\\Cliente\\HSS\\VetPro\\vetpro-backend\\src\\tests\\consultationRoutes.test.js:39:5)\n    at Layer.handle [as handle_request] (C:\\Cliente\\HSS\\VetPro\\vetpro-backend\\node_modules\\express\\lib\\router\\layer.js:95:5)\n    at trim_prefix (C:\\Cliente\\HSS\\VetPro\\vetpro-backend\\node_modules\\express\\lib\\router\\index.js:328:13)\n    at C:\\Cliente\\HSS\\VetPro\\vetpro-backend\\node_modules\\express\\lib\\router\\index.js:286:9\n    at Function.process_params (C:\\Cliente\\HSS\\VetPro\\vetpro-backend\\node_modules\\express\\lib\\router\\index.js:346:12)\n    at next (C:\\Cliente\\HSS\\VetPro\\vetpro-backend\\node_modules\\express\\lib\\router\\index.js:280:10)\n    at Function.handle (C:\\Cliente\\HSS\\VetPro\\vetpro-backend\\node_modules\\express\\lib\\router\\index.js:175:3)\n    at router (C:\\Cliente\\HSS\\VetPro\\vetpro-backend\\node_modules\\express\\lib\\router\\index.js:47:12)\n    at Layer.handle [as handle_request] (C:\\Cliente\\HSS\\VetPro\\vetpro-backend\\node_modules\\express\\lib\\router\\layer.js:95:5)\n    at trim_prefix (C:\\Cliente\\HSS\\VetPro\\vetpro-backend\\node_modules\\express\\lib\\router\\index.js:328:13)\n    at C:\\Cliente\\HSS\\VetPro\\vetpro-backend\\node_modules\\express\\lib\\router\\index.js:286:9\n    at Function.process_params (C:\\Cliente\\HSS\\VetPro\\vetpro-backend\\node_modules\\express\\lib\\router\\index.js:346:12)\n    at next (C:\\Cliente\\HSS\\VetPro\\vetpro-backend\\node_modules\\express\\lib\\router\\index.js:280:10)\n    at C:\\Cliente\\HSS\\VetPro\\vetpro-backend\\node_modules\\express-rate-limit\\dist\\index.cjs:942:7\n    at processTicksAndRejections (node:internal/process/task_queues:95:5)\n    at C:\\Cliente\\HSS\\VetPro\\vetpro-backend\\node_modules\\express-rate-limit\\dist\\index.cjs:825:5","timestamp":"2026-02-27 15:12:13"}
{"error":"getaddrinfo ENOTFOUND redis","level":"warn","message":"Erro no Redis","service":"vetpro-backend","timestamp":"2026-02-27 15:12:14"}
{"error":"getaddrinfo ENOTFOUND redis","level":"warn","message":"Erro no Redis","service":"vetpro-backend","timestamp":"2026-02-27 15:12:15"}
{"error":"getaddrinfo ENOTFOUND redis","level":"warn","message":"Erro no Redis","service":"vetpro-backend","timestamp":"2026-02-27 15:12:15"}
{"level":"warn","message":"Redis nao disponivel, usando fallback memoria","service":"vetpro-backend","timestamp":"2026-02-27 15:12:15"}
{"error":"getaddrinfo ENOTFOUND redis","level":"warn","message":"Erro no Redis","service":"vetpro-backend","timestamp":"2026-02-27 15:12:15"}
{"level":"warn","message":"Redis nao disponivel, usando fallback memoria","service":"vetpro-backend","timestamp":"2026-02-27 15:12:15"}
{"error":"getaddrinfo ENOTFOUND redis","level":"warn","message":"Erro no Redis","service":"vetpro-backend","timestamp":"2026-02-27 15:12:17"}
{"error":"getaddrinfo ENOTFOUND redis","level":"warn","message":"Erro no Redis","service":"vetpro-backend","timestamp":"2026-02-27 15:12:18"}
{"error":"getaddrinfo ENOTFOUND redis","level":"warn","message":"Erro no Redis","service":"vetpro-backend","timestamp":"2026-02-27 15:12:18"}
{"error":"getaddrinfo ENOTFOUND redis","level":"warn","message":"Erro no Redis","service":"vetpro-backend","timestamp":"2026-02-27 15:12:19"}
{"error":"getaddrinfo ENOTFOUND redis","level":"warn","message":"Erro no Redis","service":"vetpro-backend","timestamp":"2026-02-27 15:12:20"}
{"error":"getaddrinfo ENOTFOUND redis","level":"warn","message":"Erro no Redis","service":"vetpro-backend","timestamp":"2026-02-27 15:12:21"}
{"error":"getaddrinfo ENOTFOUND redis","level":"warn","message":"Erro no Redis","service":"vetpro-backend","timestamp":"2026-02-27 15:12:22"}
{"error":"getaddrinfo ENOTFOUND redis","level":"warn","message":"Erro no Redis","service":"vetpro-backend","timestamp":"2026-02-27 15:12:23"}
{"error":"getaddrinfo ENOTFOUND redis","level":"warn","message":"Erro no Redis","service":"vetpro-backend","timestamp":"2026-02-27 15:12:23"}
{"error":"getaddrinfo ENOTFOUND redis","level":"warn","message":"Erro no Redis","service":"vetpro-backend","timestamp":"2026-02-27 15:12:24"}
{"error":"getaddrinfo ENOTFOUND redis","level":"warn","message":"Erro no Redis","service":"vetpro-backend","timestamp":"2026-02-27 15:12:26"}
{"error":"getaddrinfo ENOTFOUND redis","level":"warn","message":"Erro no Redis","service":"vetpro-backend","timestamp":"2026-02-27 15:12:26"}
{"error":"getaddrinfo ENOTFOUND redis","level":"warn","message":"Erro no Redis","service":"vetpro-backend","timestamp":"2026-02-27 15:12:27"}
{"error":"getaddrinfo ENOTFOUND redis","level":"warn","message":"Erro no Redis","service":"vetpro-backend","timestamp":"2026-02-27 15:12:27"}
{"error":"getaddrinfo ENOTFOUND redis","level":"warn","message":"Erro no Redis","service":"vetpro-backend","timestamp":"2026-02-27 15:12:29"}
{"error":"getaddrinfo ENOTFOUND redis","level":"warn","message":"Erro no Redis","service":"vetpro-backend","timestamp":"2026-02-27 15:12:34"}
{"error":"getaddrinfo ENOTFOUND redis","level":"warn","message":"Erro no Redis","service":"vetpro-backend","timestamp":"2026-02-27 15:12:36"}
{"error":"getaddrinfo ENOTFOUND redis","level":"warn","message":"Erro no Redis","service":"vetpro-backend","timestamp":"2026-02-27 15:12:36"}
{"error":"getaddrinfo ENOTFOUND redis","level":"warn","message":"Erro no Redis","service":"vetpro-backend","timestamp":"2026-02-27 15:12:36"}
{"error":"getaddrinfo ENOTFOUND redis","level":"warn","message":"Erro no Redis","service":"vetpro-backend","timestamp":"2026-02-27 15:12:37"}
{"error":"getaddrinfo ENOTFOUND redis","level":"warn","message":"Erro no Redis","service":"vetpro-backend","timestamp":"2026-02-27 15:12:39"}
{"error":"getaddrinfo ENOTFOUND redis","level":"warn","message":"Erro no Redis","service":"vetpro-backend","timestamp":"2026-02-27 15:12:40"}
{"error":"getaddrinfo ENOTFOUND redis","level":"warn","message":"Erro no Redis","service":"vetpro-backend","timestamp":"2026-02-27 15:12:40"}
{"error":"getaddrinfo ENOTFOUND redis","level":"warn","message":"Erro no Redis","service":"vetpro-backend","timestamp":"2026-02-27 15:12:41"}
{"error":"getaddrinfo ENOTFOUND redis","level":"warn","message":"Erro no Redis","service":"vetpro-backend","timestamp":"2026-02-27 15:12:42"}
{"error":"getaddrinfo ENOTFOUND redis","level":"warn","message":"Erro no Redis","service":"vetpro-backend","timestamp":"2026-02-27 15:12:43"}
{"error":"getaddrinfo ENOTFOUND redis","level":"warn","message":"Erro no Redis","service":"vetpro-backend","timestamp":"2026-02-27 15:12:44"}
{"error":"getaddrinfo ENOTFOUND redis","level":"warn","message":"Erro no Redis","service":"vetpro-backend","timestamp":"2026-02-27 15:12:45"}
{"error":"getaddrinfo ENOTFOUND redis","level":"warn","message":"Erro no Redis","service":"vetpro-backend","timestamp":"2026-02-27 15:12:46"}
{"error":"getaddrinfo ENOTFOUND redis","level":"warn","message":"Erro no Redis","service":"vetpro-backend","timestamp":"2026-02-27 15:12:46"}
{"error":"getaddrinfo ENOTFOUND redis","level":"warn","message":"Erro no Redis","service":"vetpro-backend","timestamp":"2026-02-27 15:12:49"}
{"error":"getaddrinfo ENOTFOUND redis","level":"warn","message":"Erro no Redis","service":"vetpro-backend","timestamp":"2026-02-27 15:12:49"}
{"error":"getaddrinfo ENOTFOUND redis","level":"warn","message":"Erro no Redis","service":"vetpro-backend","timestamp":"2026-02-27 15:12:54"}
{"error":"getaddrinfo ENOTFOUND redis","level":"warn","message":"Erro no Redis","service":"vetpro-backend","timestamp":"2026-02-27 15:12:54"}
{"error":"getaddrinfo ENOTFOUND redis","level":"warn","message":"Erro no Redis","service":"vetpro-backend","timestamp":"2026-02-27 15:12:56"}
{"error":"getaddrinfo ENOTFOUND redis","level":"warn","message":"Erro no Redis","service":"vetpro-backend","timestamp":"2026-02-27 15:12:57"}
{"error":"getaddrinfo ENOTFOUND redis","level":"warn","message":"Erro no Redis","service":"vetpro-backend","timestamp":"2026-02-27 15:12:58"}
{"error":"getaddrinfo ENOTFOUND redis","level":"warn","message":"Erro no Redis","service":"vetpro-backend","timestamp":"2026-02-27 15:12:58"}
{"error":"getaddrinfo ENOTFOUND redis","level":"warn","message":"Erro no Redis","service":"vetpro-backend","timestamp":"2026-02-27 15:13:00"}
{"error":"getaddrinfo ENOTFOUND redis","level":"warn","message":"Erro no Redis","service":"vetpro-backend","timestamp":"2026-02-27 15:13:00"}
{"error":"getaddrinfo ENOTFOUND redis","level":"warn","message":"Erro no Redis","service":"vetpro-backend","timestamp":"2026-02-27 15:13:02"}
{"error":"getaddrinfo ENOTFOUND redis","level":"warn","message":"Erro no Redis","service":"vetpro-backend","timestamp":"2026-02-27 15:13:03"}
{"error":"getaddrinfo ENOTFOUND redis","level":"warn","message":"Erro no Redis","service":"vetpro-backend","timestamp":"2026-02-27 15:13:03"}
{"error":"getaddrinfo ENOTFOUND redis","level":"warn","message":"Erro no Redis","service":"vetpro-backend","timestamp":"2026-02-27 15:13:04"}
{"error":"getaddrinfo ENOTFOUND redis","level":"warn","message":"Erro no Redis","service":"vetpro-backend","timestamp":"2026-02-27 15:13:06"}
{"error":"getaddrinfo ENOTFOUND redis","level":"warn","message":"Erro no Redis","service":"vetpro-backend","timestamp":"2026-02-27 15:13:07"}
{"error":"getaddrinfo ENOTFOUND redis","level":"warn","message":"Erro no Redis","service":"vetpro-backend","timestamp":"2026-02-27 15:13:07"}
{"error":"getaddrinfo ENOTFOUND redis","level":"warn","message":"Erro no Redis","service":"vetpro-backend","timestamp":"2026-02-27 15:13:08"}
{"error":"getaddrinfo ENOTFOUND redis","level":"warn","message":"Erro no Redis","service":"vetpro-backend","timestamp":"2026-02-27 15:13:14"}
{"error":"getaddrinfo ENOTFOUND redis","level":"warn","message":"Erro no Redis","service":"vetpro-backend","timestamp":"2026-02-27 15:13:15"}
{"error":"getaddrinfo ENOTFOUND redis","level":"warn","message":"Erro no Redis","service":"vetpro-backend","timestamp":"2026-02-27 15:13:16"}
{"error":"getaddrinfo ENOTFOUND redis","level":"warn","message":"Erro no Redis","service":"vetpro-backend","timestamp":"2026-02-27 15:13:17"}
{"error":"getaddrinfo ENOTFOUND redis","level":"warn","message":"Erro no Redis","service":"vetpro-backend","timestamp":"2026-02-27 15:13:18"}
{"error":"getaddrinfo ENOTFOUND redis","level":"warn","message":"Erro no Redis","service":"vetpro-backend","timestamp":"2026-02-27 15:13:18"}
{"error":"getaddrinfo ENOTFOUND redis","level":"warn","message":"Erro no Redis","service":"vetpro-backend","timestamp":"2026-02-27 15:13:21"}
{"error":"getaddrinfo ENOTFOUND redis","level":"warn","message":"Erro no Redis","service":"vetpro-backend","timestamp":"2026-02-27 15:13:21"}
{"error":"getaddrinfo ENOTFOUND redis","level":"warn","message":"Erro no Redis","service":"vetpro-backend","timestamp":"2026-02-27 15:13:22"}
{"error":"getaddrinfo ENOTFOUND redis","level":"warn","message":"Erro no Redis","service":"vetpro-backend","timestamp":"2026-02-27 15:13:22"}
{"error":"getaddrinfo ENOTFOUND redis","level":"warn","message":"Erro no Redis","service":"vetpro-backend","timestamp":"2026-02-27 15:13:25"}
{"error":"getaddrinfo ENOTFOUND redis","level":"warn","message":"Erro no Redis","service":"vetpro-backend","timestamp":"2026-02-27 15:13:25"}
{"error":"getaddrinfo ENOTFOUND redis","level":"warn","message":"Erro no Redis","service":"vetpro-backend","timestamp":"2026-02-27 15:13:26"}
{"error":"getaddrinfo ENOTFOUND redis","level":"warn","message":"Erro no Redis","service":"vetpro-backend","timestamp":"2026-02-27 15:13:26"}
{"error":"getaddrinfo ENOTFOUND redis","level":"warn","message":"Erro no Redis","service":"vetpro-backend","timestamp":"2026-02-27 15:13:29"}
{"error":"getaddrinfo ENOTFOUND redis","level":"warn","message":"Erro no Redis","service":"vetpro-backend","timestamp":"2026-02-27 15:13:29"}
{"error":"getaddrinfo ENOTFOUND redis","level":"warn","message":"Erro no Redis","service":"vetpro-backend","timestamp":"2026-02-27 15:13:35"}
{"error":"getaddrinfo ENOTFOUND redis","level":"warn","message":"Erro no Redis","service":"vetpro-backend","timestamp":"2026-02-27 15:13:35"}
{"error":"getaddrinfo ENOTFOUND redis","level":"warn","message":"Erro no Redis","service":"vetpro-backend","timestamp":"2026-02-27 15:13:37"}
{"error":"getaddrinfo ENOTFOUND redis","level":"warn","message":"Erro no Redis","service":"vetpro-backend","timestamp":"2026-02-27 15:13:37"}
{"error":"getaddrinfo ENOTFOUND redis","level":"warn","message":"Erro no Redis","service":"vetpro-backend","timestamp":"2026-02-27 15:13:39"}
{"error":"getaddrinfo ENOTFOUND redis","level":"warn","message":"Erro no Redis","service":"vetpro-backend","timestamp":"2026-02-27 15:13:40"}
{"error":"getaddrinfo ENOTFOUND redis","level":"warn","message":"Erro no Redis","service":"vetpro-backend","timestamp":"2026-02-27 15:13:40"}
{"error":"getaddrinfo ENOTFOUND redis","level":"warn","message":"Erro no Redis","service":"vetpro-backend","timestamp":"2026-02-27 15:13:41"}
{"error":"getaddrinfo ENOTFOUND redis","level":"warn","message":"Erro no Redis","service":"vetpro-backend","timestamp":"2026-02-27 15:13:44"}
{"error":"getaddrinfo ENOTFOUND redis","level":"warn","message":"Erro no Redis","service":"vetpro-backend","timestamp":"2026-02-27 15:13:44"}
{"error":"getaddrinfo ENOTFOUND redis","level":"warn","message":"Erro no Redis","service":"vetpro-backend","timestamp":"2026-02-27 15:13:45"}
{"error":"getaddrinfo ENOTFOUND redis","level":"warn","message":"Erro no Redis","service":"vetpro-backend","timestamp":"2026-02-27 15:13:45"}
{"error":"getaddrinfo ENOTFOUND redis","level":"warn","message":"Erro no Redis","service":"vetpro-backend","timestamp":"2026-02-27 15:13:48"}
{"error":"getaddrinfo ENOTFOUND redis","level":"warn","message":"Erro no Redis","service":"vetpro-backend","timestamp":"2026-02-27 15:13:49"}
{"error":"getaddrinfo ENOTFOUND redis","level":"warn","message":"Erro no Redis","service":"vetpro-backend","timestamp":"2026-02-27 15:13:49"}
{"error":"getaddrinfo ENOTFOUND redis","level":"warn","message":"Erro no Redis","service":"vetpro-backend","timestamp":"2026-02-27 15:13:49"}
{"error":"getaddrinfo ENOTFOUND redis","level":"warn","message":"Erro no Redis","service":"vetpro-backend","timestamp":"2026-02-27 15:13:56"}
{"error":"getaddrinfo ENOTFOUND redis","level":"warn","message":"Erro no Redis","service":"vetpro-backend","timestamp":"2026-02-27 15:13:57"}
{"error":"getaddrinfo ENOTFOUND redis","level":"warn","message":"Erro no Redis","service":"vetpro-backend","timestamp":"2026-02-27 15:13:58"}
{"error":"getaddrinfo ENOTFOUND redis","level":"warn","message":"Erro no Redis","service":"vetpro-backend","timestamp":"2026-02-27 15:13:59"}
{"error":"getaddrinfo ENOTFOUND redis","level":"warn","message":"Erro no Redis","service":"vetpro-backend","timestamp":"2026-02-27 15:14:00"}
{"error":"getaddrinfo ENOTFOUND redis","level":"warn","message":"Erro no Redis","service":"vetpro-backend","timestamp":"2026-02-27 15:14:01"}
{"error":"getaddrinfo ENOTFOUND redis","level":"warn","message":"Erro no Redis","service":"vetpro-backend","timestamp":"2026-02-27 15:14:03"}
{"error":"getaddrinfo ENOTFOUND redis","level":"warn","message":"Erro no Redis","service":"vetpro-backend","timestamp":"2026-02-27 15:14:03"}
{"error":"getaddrinfo ENOTFOUND redis","level":"warn","message":"Erro no Redis","service":"vetpro-backend","timestamp":"2026-02-27 15:14:04"}
{"error":"getaddrinfo ENOTFOUND redis","level":"warn","message":"Erro no Redis","service":"vetpro-backend","timestamp":"2026-02-27 15:14:05"}
{"error":"getaddrinfo ENOTFOUND redis","level":"warn","message":"Erro no Redis","service":"vetpro-backend","timestamp":"2026-02-27 15:14:07"}
{"error":"getaddrinfo ENOTFOUND redis","level":"warn","message":"Erro no Redis","service":"vetpro-backend","timestamp":"2026-02-27 15:14:08"}
{"error":"getaddrinfo ENOTFOUND redis","level":"warn","message":"Erro no Redis","service":"vetpro-backend","timestamp":"2026-02-27 15:14:08"}
{"error":"getaddrinfo ENOTFOUND redis","level":"warn","message":"Erro no Redis","service":"vetpro-backend","timestamp":"2026-02-27 15:14:09"}
{"error":"getaddrinfo ENOTFOUND redis","level":"warn","message":"Erro no Redis","service":"vetpro-backend","timestamp":"2026-02-27 15:14:17"}
{"error":"getaddrinfo ENOTFOUND redis","level":"warn","message":"Erro no Redis","service":"vetpro-backend","timestamp":"2026-02-27 15:14:17"}
{"error":"getaddrinfo ENOTFOUND redis","level":"warn","message":"Erro no Redis","service":"vetpro-backend","timestamp":"2026-02-27 15:14:17"}
{"error":"getaddrinfo ENOTFOUND redis","level":"warn","message":"Erro no Redis","service":"vetpro-backend","timestamp":"2026-02-27 15:14:17"}
{"error":"getaddrinfo ENOTFOUND redis","level":"warn","message":"Erro no Redis","service":"vetpro-backend","timestamp":"2026-02-27 15:14:21"}
{"error":"getaddrinfo ENOTFOUND redis","level":"warn","message":"Erro no Redis","service":"vetpro-backend","timestamp":"2026-02-27 15:14:21"}
{"error":"getaddrinfo ENOTFOUND redis","level":"warn","message":"Erro no Redis","service":"vetpro-backend","timestamp":"2026-02-27 15:14:22"}
{"error":"getaddrinfo ENOTFOUND redis","level":"warn","message":"Erro no Redis","service":"vetpro-backend","timestamp":"2026-02-27 15:14:22"}
{"error":"getaddrinfo ENOTFOUND redis","level":"warn","message":"Erro no Redis","service":"vetpro-backend","timestamp":"2026-02-27 15:14:25"}
{"error":"getaddrinfo ENOTFOUND redis","level":"warn","message":"Erro no Redis","service":"vetpro-backend","timestamp":"2026-02-27 15:14:26"}
{"error":"getaddrinfo ENOTFOUND redis","level":"warn","message":"Erro no Redis","service":"vetpro-backend","timestamp":"2026-02-27 15:14:26"}
{"error":"getaddrinfo ENOTFOUND redis","level":"warn","message":"Erro no Redis","service":"vetpro-backend","timestamp":"2026-02-27 15:14:26"}
{"error":"getaddrinfo ENOTFOUND redis","level":"warn","message":"Erro no Redis","service":"vetpro-backend","timestamp":"2026-02-27 15:14:29"}
{"error":"getaddrinfo ENOTFOUND redis","level":"warn","message":"Erro no Redis","service":"vetpro-backend","timestamp":"2026-02-27 15:14:30"}
{"error":"getaddrinfo ENOTFOUND redis","level":"warn","message":"Erro no Redis","service":"vetpro-backend","timestamp":"2026-02-27 15:14:31"}
{"error":"getaddrinfo ENOTFOUND redis","level":"warn","message":"Erro no Redis","service":"vetpro-backend","timestamp":"2026-02-27 15:14:31"}
{"error":"getaddrinfo ENOTFOUND redis","level":"warn","message":"Erro no Redis","service":"vetpro-backend","timestamp":"2026-02-27 15:14:38"}
{"error":"getaddrinfo ENOTFOUND redis","level":"warn","message":"Erro no Redis","service":"vetpro-backend","timestamp":"2026-02-27 15:14:39"}
{"error":"getaddrinfo ENOTFOUND redis","level":"warn","message":"Erro no Redis","service":"vetpro-backend","timestamp":"2026-02-27 15:14:40"}
{"error":"getaddrinfo ENOTFOUND redis","level":"warn","message":"Erro no Redis","service":"vetpro-backend","timestamp":"2026-02-27 15:14:40"}
{"error":"getaddrinfo ENOTFOUND redis","level":"warn","message":"Erro no Redis","service":"vetpro-backend","timestamp":"2026-02-27 15:14:43"}
{"error":"getaddrinfo ENOTFOUND redis","level":"warn","message":"Erro no Redis","service":"vetpro-backend","timestamp":"2026-02-27 15:14:43"}
{"error":"getaddrinfo ENOTFOUND redis","level":"warn","message":"Erro no Redis","service":"vetpro-backend","timestamp":"2026-02-27 15:14:44"}
{"error":"getaddrinfo ENOTFOUND redis","level":"warn","message":"Erro no Redis","service":"vetpro-backend","timestamp":"2026-02-27 15:14:45"}
{"error":"getaddrinfo ENOTFOUND redis","level":"warn","message":"Erro no Redis","service":"vetpro-backend","timestamp":"2026-02-27 15:14:47"}
{"error":"getaddrinfo ENOTFOUND redis","level":"warn","message":"Erro no Redis","service":"vetpro-backend","timestamp":"2026-02-27 15:14:47"}
{"error":"getaddrinfo ENOTFOUND redis","level":"warn","message":"Erro no Redis","service":"vetpro-backend","timestamp":"2026-02-27 15:14:49"}
{"error":"getaddrinfo ENOTFOUND redis","level":"warn","message":"Erro no Redis","service":"vetpro-backend","timestamp":"2026-02-27 15:14:50"}
{"error":"getaddrinfo ENOTFOUND redis","level":"warn","message":"Erro no Redis","service":"vetpro-backend","timestamp":"2026-02-27 15:14:51"}
{"error":"getaddrinfo ENOTFOUND redis","level":"warn","message":"Erro no Redis","service":"vetpro-backend","timestamp":"2026-02-27 15:14:52"}
{"error":"getaddrinfo ENOTFOUND redis","level":"warn","message":"Erro no Redis","service":"vetpro-backend","timestamp":"2026-02-27 15:14:58"}
{"error":"getaddrinfo ENOTFOUND redis","level":"warn","message":"Erro no Redis","service":"vetpro-backend","timestamp":"2026-02-27 15:14:59"}
{"error":"getaddrinfo ENOTFOUND redis","level":"warn","message":"Erro no Redis","service":"vetpro-backend","timestamp":"2026-02-27 15:15:00"}
{"error":"getaddrinfo ENOTFOUND redis","level":"warn","message":"Erro no Redis","service":"vetpro-backend","timestamp":"2026-02-27 15:15:01"}
{"error":"getaddrinfo ENOTFOUND redis","level":"warn","message":"Erro no Redis","service":"vetpro-backend","timestamp":"2026-02-27 15:15:03"}
{"error":"getaddrinfo ENOTFOUND redis","level":"warn","message":"Erro no Redis","service":"vetpro-backend","timestamp":"2026-02-27 15:15:04"}
{"error":"getaddrinfo ENOTFOUND redis","level":"warn","message":"Erro no Redis","service":"vetpro-backend","timestamp":"2026-02-27 15:15:05"}
{"error":"getaddrinfo ENOTFOUND redis","level":"warn","message":"Erro no Redis","service":"vetpro-backend","timestamp":"2026-02-27 15:15:05"}
{"error":"getaddrinfo ENOTFOUND redis","level":"warn","message":"Erro no Redis","service":"vetpro-backend","timestamp":"2026-02-27 15:15:08"}
{"error":"getaddrinfo ENOTFOUND redis","level":"warn","message":"Erro no Redis","service":"vetpro-backend","timestamp":"2026-02-27 15:15:08"}
{"error":"getaddrinfo ENOTFOUND redis","level":"warn","message":"Erro no Redis","service":"vetpro-backend","timestamp":"2026-02-27 15:15:09"}
{"error":"getaddrinfo ENOTFOUND redis","level":"warn","message":"Erro no Redis","service":"vetpro-backend","timestamp":"2026-02-27 15:15:10"}
{"error":"getaddrinfo ENOTFOUND redis","level":"warn","message":"Erro no Redis","service":"vetpro-backend","timestamp":"2026-02-27 15:15:12"}
{"error":"getaddrinfo ENOTFOUND redis","level":"warn","message":"Erro no Redis","service":"vetpro-backend","timestamp":"2026-02-27 15:15:13"}
{"error":"getaddrinfo ENOTFOUND redis","level":"warn","message":"Erro no Redis","service":"vetpro-backend","timestamp":"2026-02-27 15:15:19"}
{"error":"getaddrinfo ENOTFOUND redis","level":"warn","message":"Erro no Redis","service":"vetpro-backend","timestamp":"2026-02-27 15:15:19"}
{"error":"getaddrinfo ENOTFOUND redis","level":"warn","message":"Erro no Redis","service":"vetpro-backend","timestamp":"2026-02-27 15:15:22"}
{"error":"getaddrinfo ENOTFOUND redis","level":"warn","message":"Erro no Redis","service":"vetpro-backend","timestamp":"2026-02-27 15:15:22"}
{"error":"getaddrinfo ENOTFOUND redis","level":"warn","message":"Erro no Redis","service":"vetpro-backend","timestamp":"2026-02-27 15:15:23"}
{"error":"getaddrinfo ENOTFOUND redis","level":"warn","message":"Erro no Redis","service":"vetpro-backend","timestamp":"2026-02-27 15:15:24"}
{"error":"getaddrinfo ENOTFOUND redis","level":"warn","message":"Erro no Redis","service":"vetpro-backend","timestamp":"2026-02-27 15:15:26"}
{"error":"getaddrinfo ENOTFOUND redis","level":"warn","message":"Erro no Redis","service":"vetpro-backend","timestamp":"2026-02-27 15:15:27"}
{"error":"getaddrinfo ENOTFOUND redis","level":"warn","message":"Erro no Redis","service":"vetpro-backend","timestamp":"2026-02-27 15:15:28"}
{"error":"getaddrinfo ENOTFOUND redis","level":"warn","message":"Erro no Redis","service":"vetpro-backend","timestamp":"2026-02-27 15:15:28"}
{"error":"getaddrinfo ENOTFOUND redis","level":"warn","message":"Erro no Redis","service":"vetpro-backend","timestamp":"2026-02-27 15:15:31"}
{"error":"getaddrinfo ENOTFOUND redis","level":"warn","message":"Erro no Redis","service":"vetpro-backend","timestamp":"2026-02-27 15:15:31"}
{"error":"getaddrinfo ENOTFOUND redis","level":"warn","message":"Erro no Redis","service":"vetpro-backend","timestamp":"2026-02-27 15:15:33"}
{"error":"getaddrinfo ENOTFOUND redis","level":"warn","message":"Erro no Redis","service":"vetpro-backend","timestamp":"2026-02-27 15:15:33"}
{"error":"getaddrinfo ENOTFOUND redis","level":"warn","message":"Erro no Redis","service":"vetpro-backend","timestamp":"2026-02-27 15:15:40"}
{"error":"getaddrinfo ENOTFOUND redis","level":"warn","message":"Erro no Redis","service":"vetpro-backend","timestamp":"2026-02-27 15:15:41"}
{"error":"getaddrinfo ENOTFOUND redis","level":"warn","message":"Erro no Redis","service":"vetpro-backend","timestamp":"2026-02-27 15:15:42"}
{"error":"getaddrinfo ENOTFOUND redis","level":"warn","message":"Erro no Redis","service":"vetpro-backend","timestamp":"2026-02-27 15:15:42"}
{"error":"getaddrinfo ENOTFOUND redis","level":"warn","message":"Erro no Redis","service":"vetpro-backend","timestamp":"2026-02-27 15:15:45"}
{"error":"getaddrinfo ENOTFOUND redis","level":"warn","message":"Erro no Redis","service":"vetpro-backend","timestamp":"2026-02-27 15:15:45"}
{"error":"getaddrinfo ENOTFOUND redis","level":"warn","message":"Erro no Redis","service":"vetpro-backend","timestamp":"2026-02-27 15:15:47"}
{"error":"getaddrinfo ENOTFOUND redis","level":"warn","message":"Erro no Redis","service":"vetpro-backend","timestamp":"2026-02-27 15:15:47"}
{"error":"getaddrinfo ENOTFOUND redis","level":"warn","message":"Erro no Redis","service":"vetpro-backend","timestamp":"2026-02-27 15:15:49"}
{"error":"getaddrinfo ENOTFOUND redis","level":"warn","message":"Erro no Redis","service":"vetpro-backend","timestamp":"2026-02-27 15:15:50"}
{"error":"getaddrinfo ENOTFOUND redis","level":"warn","message":"Erro no Redis","service":"vetpro-backend","timestamp":"2026-02-27 15:15:51"}
{"error":"getaddrinfo ENOTFOUND redis","level":"warn","message":"Erro no Redis","service":"vetpro-backend","timestamp":"2026-02-27 15:15:52"}
{"error":"getaddrinfo ENOTFOUND redis","level":"warn","message":"Erro no Redis","service":"vetpro-backend","timestamp":"2026-02-27 15:15:54"}
{"error":"getaddrinfo ENOTFOUND redis","level":"warn","message":"Erro no Redis","service":"vetpro-backend","timestamp":"2026-02-27 15:15:55"}
{"error":"getaddrinfo ENOTFOUND redis","level":"warn","message":"Erro no Redis","service":"vetpro-backend","timestamp":"2026-02-27 15:16:00"}
{"error":"getaddrinfo ENOTFOUND redis","level":"warn","message":"Erro no Redis","service":"vetpro-backend","timestamp":"2026-02-27 15:16:01"}
{"error":"getaddrinfo ENOTFOUND redis","level":"warn","message":"Erro no Redis","service":"vetpro-backend","timestamp":"2026-02-27 15:16:03"}
{"error":"getaddrinfo ENOTFOUND redis","level":"warn","message":"Erro no Redis","service":"vetpro-backend","timestamp":"2026-02-27 15:16:04"}
{"error":"getaddrinfo ENOTFOUND redis","level":"warn","message":"Erro no Redis","service":"vetpro-backend","timestamp":"2026-02-27 15:16:05"}
{"error":"getaddrinfo ENOTFOUND redis","level":"warn","message":"Erro no Redis","service":"vetpro-backend","timestamp":"2026-02-27 15:16:06"}
{"error":"getaddrinfo ENOTFOUND redis","level":"warn","message":"Erro no Redis","service":"vetpro-backend","timestamp":"2026-02-27 15:16:08"}
{"error":"getaddrinfo ENOTFOUND redis","level":"warn","message":"Erro no Redis","service":"vetpro-backend","timestamp":"2026-02-27 15:16:09"}
{"error":"getaddrinfo ENOTFOUND redis","level":"warn","message":"Erro no Redis","service":"vetpro-backend","timestamp":"2026-02-27 15:16:10"}
{"error":"getaddrinfo ENOTFOUND redis","level":"warn","message":"Erro no Redis","service":"vetpro-backend","timestamp":"2026-02-27 15:16:10"}
{"error":"getaddrinfo ENOTFOUND redis","level":"warn","message":"Erro no Redis","service":"vetpro-backend","timestamp":"2026-02-27 15:16:13"}
{"error":"getaddrinfo ENOTFOUND redis","level":"warn","message":"Erro no Redis","service":"vetpro-backend","timestamp":"2026-02-27 15:16:13"}
{"error":"getaddrinfo ENOTFOUND redis","level":"warn","message":"Erro no Redis","service":"vetpro-backend","timestamp":"2026-02-27 15:16:14"}
{"error":"getaddrinfo ENOTFOUND redis","level":"warn","message":"Erro no Redis","service":"vetpro-backend","timestamp":"2026-02-27 15:16:15"}
{"error":"getaddrinfo ENOTFOUND redis","level":"warn","message":"Erro no Redis","service":"vetpro-backend","timestamp":"2026-02-27 15:16:22"}
{"error":"getaddrinfo ENOTFOUND redis","level":"warn","message":"Erro no Redis","service":"vetpro-backend","timestamp":"2026-02-27 15:16:22"}
{"error":"getaddrinfo ENOTFOUND redis","level":"warn","message":"Erro no Redis","service":"vetpro-backend","timestamp":"2026-02-27 15:16:24"}
{"error":"getaddrinfo ENOTFOUND redis","level":"warn","message":"Erro no Redis","service":"vetpro-backend","timestamp":"2026-02-27 15:16:24"}
{"error":"getaddrinfo ENOTFOUND redis","level":"warn","message":"Erro no Redis","service":"vetpro-backend","timestamp":"2026-02-27 15:16:26"}
{"error":"getaddrinfo ENOTFOUND redis","level":"warn","message":"Erro no Redis","service":"vetpro-backend","timestamp":"2026-02-27 15:16:27"}
{"error":"getaddrinfo ENOTFOUND redis","level":"warn","message":"Erro no Redis","service":"vetpro-backend","timestamp":"2026-02-27 15:16:28"}
{"error":"getaddrinfo ENOTFOUND redis","level":"warn","message":"Erro no Redis","service":"vetpro-backend","timestamp":"2026-02-27 15:16:29"}
{"error":"getaddrinfo ENOTFOUND redis","level":"warn","message":"Erro no Redis","service":"vetpro-backend","timestamp":"2026-02-27 15:16:31"}
{"error":"getaddrinfo ENOTFOUND redis","level":"warn","message":"Erro no Redis","service":"vetpro-backend","timestamp":"2026-02-27 15:16:32"}
{"error":"getaddrinfo ENOTFOUND redis","level":"warn","message":"Erro no Redis","service":"vetpro-backend","timestamp":"2026-02-27 15:16:33"}
{"error":"getaddrinfo ENOTFOUND redis","level":"warn","message":"Erro no Redis","service":"vetpro-backend","timestamp":"2026-02-27 15:16:33"}
{"error":"getaddrinfo ENOTFOUND redis","level":"warn","message":"Erro no Redis","service":"vetpro-backend","timestamp":"2026-02-27 15:16:36"}
{"error":"getaddrinfo ENOTFOUND redis","level":"warn","message":"Erro no Redis","service":"vetpro-backend","timestamp":"2026-02-27 15:16:36"}
{"error":"getaddrinfo ENOTFOUND redis","level":"warn","message":"Erro no Redis","service":"vetpro-backend","timestamp":"2026-02-27 15:16:42"}
{"error":"getaddrinfo ENOTFOUND redis","level":"warn","message":"Erro no Redis","service":"vetpro-backend","timestamp":"2026-02-27 15:16:43"}
{"error":"getaddrinfo ENOTFOUND redis","level":"warn","message":"Erro no Redis","service":"vetpro-backend","timestamp":"2026-02-27 15:16:45"}
{"error":"getaddrinfo ENOTFOUND redis","level":"warn","message":"Erro no Redis","service":"vetpro-backend","timestamp":"2026-02-27 15:16:46"}
{"error":"getaddrinfo ENOTFOUND redis","level":"warn","message":"Erro no Redis","service":"vetpro-backend","timestamp":"2026-02-27 15:16:47"}
{"error":"getaddrinfo ENOTFOUND redis","level":"warn","message":"Erro no Redis","service":"vetpro-backend","timestamp":"2026-02-27 15:16:47"}
{"error":"getaddrinfo ENOTFOUND redis","level":"warn","message":"Erro no Redis","service":"vetpro-backend","timestamp":"2026-02-27 15:16:50"}
{"error":"getaddrinfo ENOTFOUND redis","level":"warn","message":"Erro no Redis","service":"vetpro-backend","timestamp":"2026-02-27 15:16:50"}
{"error":"getaddrinfo ENOTFOUND redis","level":"warn","message":"Erro no Redis","service":"vetpro-backend","timestamp":"2026-02-27 15:16:51"}
{"error":"getaddrinfo ENOTFOUND redis","level":"warn","message":"Erro no Redis","service":"vetpro-backend","timestamp":"2026-02-27 15:16:52"}
{"error":"getaddrinfo ENOTFOUND redis","level":"warn","message":"Erro no Redis","service":"vetpro-backend","timestamp":"2026-02-27 15:16:54"}
{"error":"getaddrinfo ENOTFOUND redis","level":"warn","message":"Erro no Redis","service":"vetpro-backend","timestamp":"2026-02-27 15:16:55"}
{"error":"getaddrinfo ENOTFOUND redis","level":"warn","message":"Erro no Redis","service":"vetpro-backend","timestamp":"2026-02-27 15:16:56"}
{"error":"getaddrinfo ENOTFOUND redis","level":"warn","message":"Erro no Redis","service":"vetpro-backend","timestamp":"2026-02-27 15:16:57"}
{"error":"getaddrinfo ENOTFOUND redis","level":"warn","message":"Erro no Redis","service":"vetpro-backend","timestamp":"2026-02-27 15:17:04"}
{"error":"getaddrinfo ENOTFOUND redis","level":"warn","message":"Erro no Redis","service":"vetpro-backend","timestamp":"2026-02-27 15:17:04"}
{"error":"getaddrinfo ENOTFOUND redis","level":"warn","message":"Erro no Redis","service":"vetpro-backend","timestamp":"2026-02-27 15:17:05"}
{"error":"getaddrinfo ENOTFOUND redis","level":"warn","message":"Erro no Redis","service":"vetpro-backend","timestamp":"2026-02-27 15:17:06"}
{"error":"getaddrinfo ENOTFOUND redis","level":"warn","message":"Erro no Redis","service":"vetpro-backend","timestamp":"2026-02-27 15:17:08"}
{"error":"getaddrinfo ENOTFOUND redis","level":"warn","message":"Erro no Redis","service":"vetpro-backend","timestamp":"2026-02-27 15:17:09"}
{"error":"getaddrinfo ENOTFOUND redis","level":"warn","message":"Erro no Redis","service":"vetpro-backend","timestamp":"2026-02-27 15:17:10"}
{"error":"getaddrinfo ENOTFOUND redis","level":"warn","message":"Erro no Redis","service":"vetpro-backend","timestamp":"2026-02-27 15:17:11"}
{"error":"getaddrinfo ENOTFOUND redis","level":"warn","message":"Erro no Redis","service":"vetpro-backend","timestamp":"2026-02-27 15:17:13"}
{"error":"getaddrinfo ENOTFOUND redis","level":"warn","message":"Erro no Redis","service":"vetpro-backend","timestamp":"2026-02-27 15:17:13"}
{"error":"getaddrinfo ENOTFOUND redis","level":"warn","message":"Erro no Redis","service":"vetpro-backend","timestamp":"2026-02-27 15:17:15"}
{"error":"getaddrinfo ENOTFOUND redis","level":"warn","message":"Erro no Redis","service":"vetpro-backend","timestamp":"2026-02-27 15:17:15"}
{"error":"getaddrinfo ENOTFOUND redis","level":"warn","message":"Erro no Redis","service":"vetpro-backend","timestamp":"2026-02-27 15:17:18"}
{"error":"getaddrinfo ENOTFOUND redis","level":"warn","message":"Erro no Redis","service":"vetpro-backend","timestamp":"2026-02-27 15:17:18"}
{"error":"getaddrinfo ENOTFOUND redis","level":"warn","message":"Erro no Redis","service":"vetpro-backend","timestamp":"2026-02-27 15:17:24"}
{"error":"getaddrinfo ENOTFOUND redis","level":"warn","message":"Erro no Redis","service":"vetpro-backend","timestamp":"2026-02-27 15:17:24"}
{"error":"getaddrinfo ENOTFOUND redis","level":"warn","message":"Erro no Redis","service":"vetpro-backend","timestamp":"2026-02-27 15:17:27"}
{"error":"getaddrinfo ENOTFOUND redis","level":"warn","message":"Erro no Redis","service":"vetpro-backend","timestamp":"2026-02-27 15:17:27"}
{"error":"getaddrinfo ENOTFOUND redis","level":"warn","message":"Erro no Redis","service":"vetpro-backend","timestamp":"2026-02-27 15:17:29"}
{"error":"getaddrinfo ENOTFOUND redis","level":"warn","message":"Erro no Redis","service":"vetpro-backend","timestamp":"2026-02-27 15:17:29"}
{"error":"getaddrinfo ENOTFOUND redis","level":"warn","message":"Erro no Redis","service":"vetpro-backend","timestamp":"2026-02-27 15:17:31"}
{"error":"getaddrinfo ENOTFOUND redis","level":"warn","message":"Erro no Redis","service":"vetpro-backend","timestamp":"2026-02-27 15:17:32"}
{"error":"getaddrinfo ENOTFOUND redis","level":"warn","message":"Erro no Redis","service":"vetpro-backend","timestamp":"2026-02-27 15:17:33"}
{"error":"getaddrinfo ENOTFOUND redis","level":"warn","message":"Erro no Redis","service":"vetpro-backend","timestamp":"2026-02-27 15:17:34"}
{"error":"getaddrinfo ENOTFOUND redis","level":"warn","message":"Erro no Redis","service":"vetpro-backend","timestamp":"2026-02-27 15:17:36"}
{"error":"getaddrinfo ENOTFOUND redis","level":"warn","message":"Erro no Redis","service":"vetpro-backend","timestamp":"2026-02-27 15:17:37"}
{"error":"getaddrinfo ENOTFOUND redis","level":"warn","message":"Erro no Redis","service":"vetpro-backend","timestamp":"2026-02-27 15:17:38"}
{"error":"getaddrinfo ENOTFOUND redis","level":"warn","message":"Erro no Redis","service":"vetpro-backend","timestamp":"2026-02-27 15:17:38"}
{"error":"getaddrinfo ENOTFOUND redis","level":"warn","message":"Erro no Redis","service":"vetpro-backend","timestamp":"2026-02-27 15:17:45"}
{"error":"getaddrinfo ENOTFOUND redis","level":"warn","message":"Erro no Redis","service":"vetpro-backend","timestamp":"2026-02-27 15:17:46"}
{"error":"getaddrinfo ENOTFOUND redis","level":"warn","message":"Erro no Redis","service":"vetpro-backend","timestamp":"2026-02-27 15:17:47"}
{"error":"getaddrinfo ENOTFOUND redis","level":"warn","message":"Erro no Redis","service":"vetpro-backend","timestamp":"2026-02-27 15:17:48"}
{"error":"getaddrinfo ENOTFOUND redis","level":"warn","message":"Erro no Redis","service":"vetpro-backend","timestamp":"2026-02-27 15:17:49"}
{"level":"warn","message":"Redis nao disponivel, usando fallback memoria","service":"vetpro-backend","timestamp":"2026-02-27 15:17:49"}
{"error":"getaddrinfo ENOTFOUND redis","level":"warn","message":"Erro no Redis","service":"vetpro-backend","timestamp":"2026-02-27 15:17:50"}
{"error":"getaddrinfo ENOTFOUND redis","level":"warn","message":"Erro no Redis","service":"vetpro-backend","timestamp":"2026-02-27 15:17:51"}
{"error":"getaddrinfo ENOTFOUND redis","level":"warn","message":"Erro no Redis","service":"vetpro-backend","timestamp":"2026-02-27 15:17:52"}
{"error":"getaddrinfo ENOTFOUND redis","level":"warn","message":"Erro no Redis","service":"vetpro-backend","timestamp":"2026-02-27 15:17:52"}
{"error":"getaddrinfo ENOTFOUND redis","level":"warn","message":"Erro no Redis","service":"vetpro-backend","timestamp":"2026-02-27 15:17:52"}
{"error":"getaddrinfo ENOTFOUND redis","level":"warn","message":"Erro no Redis","service":"vetpro-backend","timestamp":"2026-02-27 15:17:55"}
{"error":"getaddrinfo ENOTFOUND redis","level":"warn","message":"Erro no Redis","service":"vetpro-backend","timestamp":"2026-02-27 15:17:55"}
{"error":"getaddrinfo ENOTFOUND redis","level":"warn","message":"Erro no Redis","service":"vetpro-backend","timestamp":"2026-02-27 15:17:55"}
{"error":"getaddrinfo ENOTFOUND redis","level":"warn","message":"Erro no Redis","service":"vetpro-backend","timestamp":"2026-02-27 15:17:56"}
{"error":"getaddrinfo ENOTFOUND redis","level":"warn","message":"Erro no Redis","service":"vetpro-backend","timestamp":"2026-02-27 15:17:57"}
{"error":"getaddrinfo ENOTFOUND redis","level":"warn","message":"Erro no Redis","service":"vetpro-backend","timestamp":"2026-02-27 15:17:58"}
{"error":"getaddrinfo ENOTFOUND redis","level":"warn","message":"Erro no Redis","service":"vetpro-backend","timestamp":"2026-02-27 15:17:59"}
{"error":"getaddrinfo ENOTFOUND redis","level":"warn","message":"Erro no Redis","service":"vetpro-backend","timestamp":"2026-02-27 15:18:00"}
{"error":"getaddrinfo ENOTFOUND redis","level":"warn","message":"Erro no Redis","service":"vetpro-backend","timestamp":"2026-02-27 15:18:05"}
{"error":"getaddrinfo ENOTFOUND redis","level":"warn","message":"Erro no Redis","service":"vetpro-backend","timestamp":"2026-02-27 15:18:06"}
{"error":"getaddrinfo ENOTFOUND redis","level":"warn","message":"Erro no Redis","service":"vetpro-backend","timestamp":"2026-02-27 15:18:06"}
{"error":"getaddrinfo ENOTFOUND redis","level":"warn","message":"Erro no Redis","service":"vetpro-backend","timestamp":"2026-02-27 15:18:08"}
{"error":"getaddrinfo ENOTFOUND redis","level":"warn","message":"Erro no Redis","service":"vetpro-backend","timestamp":"2026-02-27 15:18:09"}
{"error":"getaddrinfo ENOTFOUND redis","level":"warn","message":"Erro no Redis","service":"vetpro-backend","timestamp":"2026-02-27 15:18:09"}
{"error":"getaddrinfo ENOTFOUND redis","level":"warn","message":"Erro no Redis","service":"vetpro-backend","timestamp":"2026-02-27 15:18:10"}
{"error":"getaddrinfo ENOTFOUND redis","level":"warn","message":"Erro no Redis","service":"vetpro-backend","timestamp":"2026-02-27 15:18:11"}
{"error":"getaddrinfo ENOTFOUND redis","level":"warn","message":"Erro no Redis","service":"vetpro-backend","timestamp":"2026-02-27 15:18:11"}
{"error":"getaddrinfo ENOTFOUND redis","level":"warn","message":"Erro no Redis","service":"vetpro-backend","timestamp":"2026-02-27 15:18:13"}
{"error":"getaddrinfo ENOTFOUND redis","level":"warn","message":"Erro no Redis","service":"vetpro-backend","timestamp":"2026-02-27 15:18:14"}
{"error":"getaddrinfo ENOTFOUND redis","level":"warn","message":"Erro no Redis","service":"vetpro-backend","timestamp":"2026-02-27 15:18:14"}
{"error":"getaddrinfo ENOTFOUND redis","level":"warn","message":"Erro no Redis","service":"vetpro-backend","timestamp":"2026-02-27 15:18:15"}
{"error":"getaddrinfo ENOTFOUND redis","level":"warn","message":"Erro no Redis","service":"vetpro-backend","timestamp":"2026-02-27 15:18:16"}
{"error":"getaddrinfo ENOTFOUND redis","level":"warn","message":"Erro no Redis","service":"vetpro-backend","timestamp":"2026-02-27 15:18:17"}
{"error":"getaddrinfo ENOTFOUND redis","level":"warn","message":"Erro no Redis","service":"vetpro-backend","timestamp":"2026-02-27 15:18:18"}
{"error":"getaddrinfo ENOTFOUND redis","level":"warn","message":"Erro no Redis","service":"vetpro-backend","timestamp":"2026-02-27 15:18:18"}
{"error":"getaddrinfo ENOTFOUND redis","level":"warn","message":"Erro no Redis","service":"vetpro-backend","timestamp":"2026-02-27 15:18:20"}
{"error":"getaddrinfo ENOTFOUND redis","level":"warn","message":"Erro no Redis","service":"vetpro-backend","timestamp":"2026-02-27 15:18:25"}
{"error":"getaddrinfo ENOTFOUND redis","level":"warn","message":"Erro no Redis","service":"vetpro-backend","timestamp":"2026-02-27 15:18:25"}
{"error":"getaddrinfo ENOTFOUND redis","level":"warn","message":"Erro no Redis","service":"vetpro-backend","timestamp":"2026-02-27 15:18:27"}
{"error":"getaddrinfo ENOTFOUND redis","level":"warn","message":"Erro no Redis","service":"vetpro-backend","timestamp":"2026-02-27 15:18:28"}
{"error":"getaddrinfo ENOTFOUND redis","level":"warn","message":"Erro no Redis","service":"vetpro-backend","timestamp":"2026-02-27 15:18:28"}
{"error":"getaddrinfo ENOTFOUND redis","level":"warn","message":"Erro no Redis","service":"vetpro-backend","timestamp":"2026-02-27 15:18:29"}
{"error":"getaddrinfo ENOTFOUND redis","level":"warn","message":"Erro no Redis","service":"vetpro-backend","timestamp":"2026-02-27 15:18:29"}
{"error":"getaddrinfo ENOTFOUND redis","level":"warn","message":"Erro no Redis","service":"vetpro-backend","timestamp":"2026-02-27 15:18:31"}
{"error":"getaddrinfo ENOTFOUND redis","level":"warn","message":"Erro no Redis","service":"vetpro-backend","timestamp":"2026-02-27 15:18:32"}
{"error":"getaddrinfo ENOTFOUND redis","level":"warn","message":"Erro no Redis","service":"vetpro-backend","timestamp":"2026-02-27 15:18:32"}
{"error":"getaddrinfo ENOTFOUND redis","level":"warn","message":"Erro no Redis","service":"vetpro-backend","timestamp":"2026-02-27 15:18:34"}
{"error":"getaddrinfo ENOTFOUND redis","level":"warn","message":"Erro no Redis","service":"vetpro-backend","timestamp":"2026-02-27 15:18:34"}
{"error":"getaddrinfo ENOTFOUND redis","level":"warn","message":"Erro no Redis","service":"vetpro-backend","timestamp":"2026-02-27 15:18:34"}
{"error":"getaddrinfo ENOTFOUND redis","level":"warn","message":"Erro no Redis","service":"vetpro-backend","timestamp":"2026-02-27 15:18:36"}
{"error":"getaddrinfo ENOTFOUND redis","level":"warn","message":"Erro no Redis","service":"vetpro-backend","timestamp":"2026-02-27 15:18:37"}
{"error":"getaddrinfo ENOTFOUND redis","level":"warn","message":"Erro no Redis","service":"vetpro-backend","timestamp":"2026-02-27 15:18:38"}
{"error":"getaddrinfo ENOTFOUND redis","level":"warn","message":"Erro no Redis","service":"vetpro-backend","timestamp":"2026-02-27 15:18:38"}
{"error":"getaddrinfo ENOTFOUND redis","level":"warn","message":"Erro no Redis","service":"vetpro-backend","timestamp":"2026-02-27 15:18:39"}
{"error":"getaddrinfo ENOTFOUND redis","level":"warn","message":"Erro no Redis","service":"vetpro-backend","timestamp":"2026-02-27 15:18:46"}
{"error":"getaddrinfo ENOTFOUND redis","level":"warn","message":"Erro no Redis","service":"vetpro-backend","timestamp":"2026-02-27 15:18:46"}
{"error":"getaddrinfo ENOTFOUND redis","level":"warn","message":"Erro no Redis","service":"vetpro-backend","timestamp":"2026-02-27 15:18:46"}
{"error":"getaddrinfo ENOTFOUND redis","level":"warn","message":"Erro no Redis","service":"vetpro-backend","timestamp":"2026-02-27 15:18:47"}
{"error":"getaddrinfo ENOTFOUND redis","level":"warn","message":"Erro no Redis","service":"vetpro-backend","timestamp":"2026-02-27 15:18:48"}
{"error":"getaddrinfo ENOTFOUND redis","level":"warn","message":"Erro no Redis","service":"vetpro-backend","timestamp":"2026-02-27 15:18:49"}
{"error":"getaddrinfo ENOTFOUND redis","level":"warn","message":"Erro no Redis","service":"vetpro-backend","timestamp":"2026-02-27 15:18:50"}
{"error":"getaddrinfo ENOTFOUND redis","level":"warn","message":"Erro no Redis","service":"vetpro-backend","timestamp":"2026-02-27 15:18:51"}
{"error":"getaddrinfo ENOTFOUND redis","level":"warn","message":"Erro no Redis","service":"vetpro-backend","timestamp":"2026-02-27 15:18:52"}
{"error":"getaddrinfo ENOTFOUND redis","level":"warn","message":"Erro no Redis","service":"vetpro-backend","timestamp":"2026-02-27 15:18:52"}
{"error":"getaddrinfo ENOTFOUND redis","level":"warn","message":"Erro no Redis","service":"vetpro-backend","timestamp":"2026-02-27 15:18:53"}
{"error":"getaddrinfo ENOTFOUND redis","level":"warn","message":"Erro no Redis","service":"vetpro-backend","timestamp":"2026-02-27 15:18:55"}
{"error":"getaddrinfo ENOTFOUND redis","level":"warn","message":"Erro no Redis","service":"vetpro-backend","timestamp":"2026-02-27 15:18:56"}
{"error":"getaddrinfo ENOTFOUND redis","level":"warn","message":"Erro no Redis","service":"vetpro-backend","timestamp":"2026-02-27 15:18:56"}
{"error":"getaddrinfo ENOTFOUND redis","level":"warn","message":"Erro no Redis","service":"vetpro-backend","timestamp":"2026-02-27 15:18:57"}
{"error":"getaddrinfo ENOTFOUND redis","level":"warn","message":"Erro no Redis","service":"vetpro-backend","timestamp":"2026-02-27 15:18:57"}
{"error":"getaddrinfo ENOTFOUND redis","level":"warn","message":"Erro no Redis","service":"vetpro-backend","timestamp":"2026-02-27 15:19:00"}
{"error":"getaddrinfo ENOTFOUND redis","level":"warn","message":"Erro no Redis","service":"vetpro-backend","timestamp":"2026-02-27 15:19:00"}
{"error":"getaddrinfo ENOTFOUND redis","level":"warn","message":"Erro no Redis","service":"vetpro-backend","timestamp":"2026-02-27 15:19:00"}
{"error":"getaddrinfo ENOTFOUND redis","level":"warn","message":"Erro no Redis","service":"vetpro-backend","timestamp":"2026-02-27 15:19:06"}
{"error":"getaddrinfo ENOTFOUND redis","level":"warn","message":"Erro no Redis","service":"vetpro-backend","timestamp":"2026-02-27 15:19:06"}
{"error":"getaddrinfo ENOTFOUND redis","level":"warn","message":"Erro no Redis","service":"vetpro-backend","timestamp":"2026-02-27 15:19:08"}
{"error":"getaddrinfo ENOTFOUND redis","level":"warn","message":"Erro no Redis","service":"vetpro-backend","timestamp":"2026-02-27 15:19:09"}
{"error":"getaddrinfo ENOTFOUND redis","level":"warn","message":"Erro no Redis","service":"vetpro-backend","timestamp":"2026-02-27 15:19:09"}
{"error":"getaddrinfo ENOTFOUND redis","level":"warn","message":"Erro no Redis","service":"vetpro-backend","timestamp":"2026-02-27 15:19:11"}
{"error":"getaddrinfo ENOTFOUND redis","level":"warn","message":"Erro no Redis","service":"vetpro-backend","timestamp":"2026-02-27 15:19:11"}
{"error":"getaddrinfo ENOTFOUND redis","level":"warn","message":"Erro no Redis","service":"vetpro-backend","timestamp":"2026-02-27 15:19:11"}
{"error":"getaddrinfo ENOTFOUND redis","level":"warn","message":"Erro no Redis","service":"vetpro-backend","timestamp":"2026-02-27 15:19:14"}
{"error":"getaddrinfo ENOTFOUND redis","level":"warn","message":"Erro no Redis","service":"vetpro-backend","timestamp":"2026-02-27 15:19:14"}
{"error":"getaddrinfo ENOTFOUND redis","level":"warn","message":"Erro no Redis","service":"vetpro-backend","timestamp":"2026-02-27 15:19:15"}
{"error":"getaddrinfo ENOTFOUND redis","level":"warn","message":"Erro no Redis","service":"vetpro-backend","timestamp":"2026-02-27 15:19:15"}
{"error":"getaddrinfo ENOTFOUND redis","level":"warn","message":"Erro no Redis","service":"vetpro-backend","timestamp":"2026-02-27 15:19:16"}
{"error":"getaddrinfo ENOTFOUND redis","level":"warn","message":"Erro no Redis","service":"vetpro-backend","timestamp":"2026-02-27 15:19:18"}
{"error":"getaddrinfo ENOTFOUND redis","level":"warn","message":"Erro no Redis","service":"vetpro-backend","timestamp":"2026-02-27 15:19:19"}
{"error":"getaddrinfo ENOTFOUND redis","level":"warn","message":"Erro no Redis","service":"vetpro-backend","timestamp":"2026-02-27 15:19:19"}
{"error":"getaddrinfo ENOTFOUND redis","level":"warn","message":"Erro no Redis","service":"vetpro-backend","timestamp":"2026-02-27 15:19:20"}
{"error":"getaddrinfo ENOTFOUND redis","level":"warn","message":"Erro no Redis","service":"vetpro-backend","timestamp":"2026-02-27 15:19:21"}
{"error":"getaddrinfo ENOTFOUND redis","level":"warn","message":"Erro no Redis","service":"vetpro-backend","timestamp":"2026-02-27 15:19:27"}
{"error":"getaddrinfo ENOTFOUND redis","level":"warn","message":"Erro no Redis","service":"vetpro-backend","timestamp":"2026-02-27 15:19:27"}
{"error":"getaddrinfo ENOTFOUND redis","level":"warn","message":"Erro no Redis","service":"vetpro-backend","timestamp":"2026-02-27 15:19:28"}
{"error":"getaddrinfo ENOTFOUND redis","level":"warn","message":"Erro no Redis","service":"vetpro-backend","timestamp":"2026-02-27 15:19:29"}
{"error":"getaddrinfo ENOTFOUND redis","level":"warn","message":"Erro no Redis","service":"vetpro-backend","timestamp":"2026-02-27 15:19:30"}
{"error":"getaddrinfo ENOTFOUND redis","level":"warn","message":"Erro no Redis","service":"vetpro-backend","timestamp":"2026-02-27 15:19:31"}
{"error":"getaddrinfo ENOTFOUND redis","level":"warn","message":"Erro no Redis","service":"vetpro-backend","timestamp":"2026-02-27 15:19:32"}
{"error":"getaddrinfo ENOTFOUND redis","level":"warn","message":"Erro no Redis","service":"vetpro-backend","timestamp":"2026-02-27 15:19:33"}
{"error":"getaddrinfo ENOTFOUND redis","level":"warn","message":"Erro no Redis","service":"vetpro-backend","timestamp":"2026-02-27 15:19:34"}
{"error":"getaddrinfo ENOTFOUND redis","level":"warn","message":"Erro no Redis","service":"vetpro-backend","timestamp":"2026-02-27 15:19:34"}
{"error":"getaddrinfo ENOTFOUND redis","level":"warn","message":"Erro no Redis","service":"vetpro-backend","timestamp":"2026-02-27 15:19:35"}
{"error":"getaddrinfo ENOTFOUND redis","level":"warn","message":"Erro no Redis","service":"vetpro-backend","timestamp":"2026-02-27 15:19:37"}
{"error":"getaddrinfo ENOTFOUND redis","level":"warn","message":"Erro no Redis","service":"vetpro-backend","timestamp":"2026-02-27 15:19:37"}
{"error":"getaddrinfo ENOTFOUND redis","level":"warn","message":"Erro no Redis","service":"vetpro-backend","timestamp":"2026-02-27 15:19:39"}
{"error":"getaddrinfo ENOTFOUND redis","level":"warn","message":"Erro no Redis","service":"vetpro-backend","timestamp":"2026-02-27 15:19:39"}
{"error":"getaddrinfo ENOTFOUND redis","level":"warn","message":"Erro no Redis","service":"vetpro-backend","timestamp":"2026-02-27 15:19:39"}
{"error":"getaddrinfo ENOTFOUND redis","level":"warn","message":"Erro no Redis","service":"vetpro-backend","timestamp":"2026-02-27 15:19:41"}
{"error":"getaddrinfo ENOTFOUND redis","level":"warn","message":"Erro no Redis","service":"vetpro-backend","timestamp":"2026-02-27 15:19:42"}
{"error":"getaddrinfo ENOTFOUND redis","level":"warn","message":"Erro no Redis","service":"vetpro-backend","timestamp":"2026-02-27 15:19:48"}
{"error":"getaddrinfo ENOTFOUND redis","level":"warn","message":"Erro no Redis","service":"vetpro-backend","timestamp":"2026-02-27 15:19:48"}
{"error":"getaddrinfo ENOTFOUND redis","level":"warn","message":"Erro no Redis","service":"vetpro-backend","timestamp":"2026-02-27 15:19:48"}
{"error":"getaddrinfo ENOTFOUND redis","level":"warn","message":"Erro no Redis","service":"vetpro-backend","timestamp":"2026-02-27 15:19:51"}
{"error":"getaddrinfo ENOTFOUND redis","level":"warn","message":"Erro no Redis","service":"vetpro-backend","timestamp":"2026-02-27 15:19:51"}
{"error":"getaddrinfo ENOTFOUND redis","level":"warn","message":"Erro no Redis","service":"vetpro-backend","timestamp":"2026-02-27 15:19:52"}
{"error":"getaddrinfo ENOTFOUND redis","level":"warn","message":"Erro no Redis","service":"vetpro-backend","timestamp":"2026-02-27 15:19:52"}
{"error":"getaddrinfo ENOTFOUND redis","level":"warn","message":"Erro no Redis","service":"vetpro-backend","timestamp":"2026-02-27 15:19:53"}
{"error":"getaddrinfo ENOTFOUND redis","level":"warn","message":"Erro no Redis","service":"vetpro-backend","timestamp":"2026-02-27 15:19:55"}
{"error":"getaddrinfo ENOTFOUND redis","level":"warn","message":"Erro no Redis","service":"vetpro-backend","timestamp":"2026-02-27 15:19:56"}
{"error":"getaddrinfo ENOTFOUND redis","level":"warn","message":"Erro no Redis","service":"vetpro-backend","timestamp":"2026-02-27 15:19:57"}
{"error":"getaddrinfo ENOTFOUND redis","level":"warn","message":"Erro no Redis","service":"vetpro-backend","timestamp":"2026-02-27 15:19:58"}
{"error":"getaddrinfo ENOTFOUND redis","level":"warn","message":"Erro no Redis","service":"vetpro-backend","timestamp":"2026-02-27 15:20:00"}
{"error":"getaddrinfo ENOTFOUND redis","level":"warn","message":"Erro no Redis","service":"vetpro-backend","timestamp":"2026-02-27 15:20:00"}
{"error":"getaddrinfo ENOTFOUND redis","level":"warn","message":"Erro no Redis","service":"vetpro-backend","timestamp":"2026-02-27 15:20:02"}
{"error":"getaddrinfo ENOTFOUND redis","level":"warn","message":"Erro no Redis","service":"vetpro-backend","timestamp":"2026-02-27 15:20:02"}
{"error":"getaddrinfo ENOTFOUND redis","level":"warn","message":"Erro no Redis","service":"vetpro-backend","timestamp":"2026-02-27 15:20:09"}
{"level":"warn","message":"Redis nao disponivel, usando fallback memoria","service":"vetpro-backend","timestamp":"2026-02-27 15:20:09"}
{"error":"getaddrinfo ENOTFOUND redis","level":"warn","message":"Erro no Redis","service":"vetpro-backend","timestamp":"2026-02-27 15:20:09"}
{"error":"getaddrinfo ENOTFOUND redis","level":"warn","message":"Erro no Redis","service":"vetpro-backend","timestamp":"2026-02-27 15:20:10"}
{"error":"getaddrinfo ENOTFOUND redis","level":"warn","message":"Erro no Redis","service":"vetpro-backend","timestamp":"2026-02-27 15:20:11"}
{"error":"getaddrinfo ENOTFOUND redis","level":"warn","message":"Erro no Redis","service":"vetpro-backend","timestamp":"2026-02-27 15:20:11"}
{"error":"getaddrinfo ENOTFOUND redis","level":"warn","message":"Erro no Redis","service":"vetpro-backend","timestamp":"2026-02-27 15:20:12"}
{"error":"getaddrinfo ENOTFOUND redis","level":"warn","message":"Erro no Redis","service":"vetpro-backend","timestamp":"2026-02-27 15:20:14"}
{"error":"getaddrinfo ENOTFOUND redis","level":"warn","message":"Erro no Redis","service":"vetpro-backend","timestamp":"2026-02-27 15:20:14"}
{"error":"getaddrinfo ENOTFOUND redis","level":"warn","message":"Erro no Redis","service":"vetpro-backend","timestamp":"2026-02-27 15:20:14"}
{"error":"getaddrinfo ENOTFOUND redis","level":"warn","message":"Erro no Redis","service":"vetpro-backend","timestamp":"2026-02-27 15:20:16"}
{"error":"getaddrinfo ENOTFOUND redis","level":"warn","message":"Erro no Redis","service":"vetpro-backend","timestamp":"2026-02-27 15:20:16"}
{"error":"getaddrinfo ENOTFOUND redis","level":"warn","message":"Erro no Redis","service":"vetpro-backend","timestamp":"2026-02-27 15:20:17"}
{"error":"getaddrinfo ENOTFOUND redis","level":"warn","message":"Erro no Redis","service":"vetpro-backend","timestamp":"2026-02-27 15:20:18"}
{"error":"getaddrinfo ENOTFOUND redis","level":"warn","message":"Erro no Redis","service":"vetpro-backend","timestamp":"2026-02-27 15:20:19"}
{"error":"getaddrinfo ENOTFOUND redis","level":"warn","message":"Erro no Redis","service":"vetpro-backend","timestamp":"2026-02-27 15:20:20"}
{"error":"getaddrinfo ENOTFOUND redis","level":"warn","message":"Erro no Redis","service":"vetpro-backend","timestamp":"2026-02-27 15:20:20"}
{"error":"getaddrinfo ENOTFOUND redis","level":"warn","message":"Erro no Redis","service":"vetpro-backend","timestamp":"2026-02-27 15:20:21"}
{"error":"getaddrinfo ENOTFOUND redis","level":"warn","message":"Erro no Redis","service":"vetpro-backend","timestamp":"2026-02-27 15:20:23"}
{"error":"getaddrinfo ENOTFOUND redis","level":"warn","message":"Erro no Redis","service":"vetpro-backend","timestamp":"2026-02-27 15:20:23"}
{"error":"getaddrinfo ENOTFOUND redis","level":"warn","message":"Erro no Redis","service":"vetpro-backend","timestamp":"2026-02-27 15:20:24"}
{"error":"getaddrinfo ENOTFOUND redis","level":"warn","message":"Erro no Redis","service":"vetpro-backend","timestamp":"2026-02-27 15:20:29"}
{"error":"getaddrinfo ENOTFOUND redis","level":"warn","message":"Erro no Redis","service":"vetpro-backend","timestamp":"2026-02-27 15:20:30"}
{"error":"getaddrinfo ENOTFOUND redis","level":"warn","message":"Erro no Redis","service":"vetpro-backend","timestamp":"2026-02-27 15:20:31"}
{"error":"getaddrinfo ENOTFOUND redis","level":"warn","message":"Erro no Redis","service":"vetpro-backend","timestamp":"2026-02-27 15:20:32"}
{"error":"getaddrinfo ENOTFOUND redis","level":"warn","message":"Erro no Redis","service":"vetpro-backend","timestamp":"2026-02-27 15:20:33"}
{"error":"getaddrinfo ENOTFOUND redis","level":"warn","message":"Erro no Redis","service":"vetpro-backend","timestamp":"2026-02-27 15:20:34"}
{"error":"getaddrinfo ENOTFOUND redis","level":"warn","message":"Erro no Redis","service":"vetpro-backend","timestamp":"2026-02-27 15:20:34"}
{"error":"getaddrinfo ENOTFOUND redis","level":"warn","message":"Erro no Redis","service":"vetpro-backend","timestamp":"2026-02-27 15:20:35"}
{"error":"getaddrinfo ENOTFOUND redis","level":"warn","message":"Erro no Redis","service":"vetpro-backend","timestamp":"2026-02-27 15:20:37"}
{"error":"getaddrinfo ENOTFOUND redis","level":"warn","message":"Erro no Redis","service":"vetpro-backend","timestamp":"2026-02-27 15:20:37"}
{"error":"getaddrinfo ENOTFOUND redis","level":"warn","message":"Erro no Redis","service":"vetpro-backend","timestamp":"2026-02-27 15:20:38"}
{"error":"getaddrinfo ENOTFOUND redis","level":"warn","message":"Erro no Redis","service":"vetpro-backend","timestamp":"2026-02-27 15:20:39"}
{"error":"getaddrinfo ENOTFOUND redis","level":"warn","message":"Erro no Redis","service":"vetpro-backend","timestamp":"2026-02-27 15:20:39"}
{"error":"getaddrinfo ENOTFOUND redis","level":"warn","message":"Erro no Redis","service":"vetpro-backend","timestamp":"2026-02-27 15:20:40"}
{"error":"getaddrinfo ENOTFOUND redis","level":"warn","message":"Erro no Redis","service":"vetpro-backend","timestamp":"2026-02-27 15:20:42"}
{"error":"getaddrinfo ENOTFOUND redis","level":"warn","message":"Erro no Redis","service":"vetpro-backend","timestamp":"2026-02-27 15:20:42"}
{"error":"getaddrinfo ENOTFOUND redis","level":"warn","message":"Erro no Redis","service":"vetpro-backend","timestamp":"2026-02-27 15:20:43"}
{"error":"getaddrinfo ENOTFOUND redis","level":"warn","message":"Erro no Redis","service":"vetpro-backend","timestamp":"2026-02-27 15:20:44"}
{"error":"getaddrinfo ENOTFOUND redis","level":"warn","message":"Erro no Redis","service":"vetpro-backend","timestamp":"2026-02-27 15:20:44"}
{"error":"getaddrinfo ENOTFOUND redis","level":"warn","message":"Erro no Redis","service":"vetpro-backend","timestamp":"2026-02-27 15:20:51"}
{"error":"getaddrinfo ENOTFOUND redis","level":"warn","message":"Erro no Redis","service":"vetpro-backend","timestamp":"2026-02-27 15:20:51"}
{"error":"getaddrinfo ENOTFOUND redis","level":"warn","message":"Erro no Redis","service":"vetpro-backend","timestamp":"2026-02-27 15:20:51"}
{"error":"getaddrinfo ENOTFOUND redis","level":"warn","message":"Erro no Redis","service":"vetpro-backend","timestamp":"2026-02-27 15:20:53"}
{"error":"getaddrinfo ENOTFOUND redis","level":"warn","message":"Erro no Redis","service":"vetpro-backend","timestamp":"2026-02-27 15:20:53"}
{"error":"getaddrinfo ENOTFOUND redis","level":"warn","message":"Erro no Redis","service":"vetpro-backend","timestamp":"2026-02-27 15:20:54"}
{"error":"getaddrinfo ENOTFOUND redis","level":"warn","message":"Erro no Redis","service":"vetpro-backend","timestamp":"2026-02-27 15:20:56"}
{"error":"getaddrinfo ENOTFOUND redis","level":"warn","message":"Erro no Redis","service":"vetpro-backend","timestamp":"2026-02-27 15:20:56"}
{"error":"getaddrinfo ENOTFOUND redis","level":"warn","message":"Erro no Redis","service":"vetpro-backend","timestamp":"2026-02-27 15:20:57"}
{"error":"getaddrinfo ENOTFOUND redis","level":"warn","message":"Erro no Redis","service":"vetpro-backend","timestamp":"2026-02-27 15:20:57"}
{"error":"getaddrinfo ENOTFOUND redis","level":"warn","message":"Erro no Redis","service":"vetpro-backend","timestamp":"2026-02-27 15:20:58"}
{"error":"getaddrinfo ENOTFOUND redis","level":"warn","message":"Erro no Redis","service":"vetpro-backend","timestamp":"2026-02-27 15:21:00"}
{"error":"getaddrinfo ENOTFOUND redis","level":"warn","message":"Erro no Redis","service":"vetpro-backend","timestamp":"2026-02-27 15:21:01"}
{"error":"getaddrinfo ENOTFOUND redis","level":"warn","message":"Erro no Redis","service":"vetpro-backend","timestamp":"2026-02-27 15:21:01"}
{"error":"getaddrinfo ENOTFOUND redis","level":"warn","message":"Erro no Redis","service":"vetpro-backend","timestamp":"2026-02-27 15:21:02"}
{"error":"getaddrinfo ENOTFOUND redis","level":"warn","message":"Erro no Redis","service":"vetpro-backend","timestamp":"2026-02-27 15:21:03"}
{"error":"getaddrinfo ENOTFOUND redis","level":"warn","message":"Erro no Redis","service":"vetpro-backend","timestamp":"2026-02-27 15:21:04"}
{"error":"getaddrinfo ENOTFOUND redis","level":"warn","message":"Erro no Redis","service":"vetpro-backend","timestamp":"2026-02-27 15:21:05"}
{"error":"getaddrinfo ENOTFOUND redis","level":"warn","message":"Erro no Redis","service":"vetpro-backend","timestamp":"2026-02-27 15:21:05"}
{"error":"getaddrinfo ENOTFOUND redis","level":"warn","message":"Erro no Redis","service":"vetpro-backend","timestamp":"2026-02-27 15:21:11"}
{"error":"getaddrinfo ENOTFOUND redis","level":"warn","message":"Erro no Redis","service":"vetpro-backend","timestamp":"2026-02-27 15:21:12"}
{"error":"getaddrinfo ENOTFOUND redis","level":"warn","message":"Erro no Redis","service":"vetpro-backend","timestamp":"2026-02-27 15:21:12"}
{"error":"getaddrinfo ENOTFOUND redis","level":"warn","message":"Erro no Redis","service":"vetpro-backend","timestamp":"2026-02-27 15:21:14"}
{"error":"getaddrinfo ENOTFOUND redis","level":"warn","message":"Erro no Redis","service":"vetpro-backend","timestamp":"2026-02-27 15:21:15"}
{"error":"getaddrinfo ENOTFOUND redis","level":"warn","message":"Erro no Redis","service":"vetpro-backend","timestamp":"2026-02-27 15:21:16"}
{"error":"getaddrinfo ENOTFOUND redis","level":"warn","message":"Erro no Redis","service":"vetpro-backend","timestamp":"2026-02-27 15:21:16"}
{"error":"getaddrinfo ENOTFOUND redis","level":"warn","message":"Erro no Redis","service":"vetpro-backend","timestamp":"2026-02-27 15:21:16"}
{"error":"getaddrinfo ENOTFOUND redis","level":"warn","message":"Erro no Redis","service":"vetpro-backend","timestamp":"2026-02-27 15:21:19"}
{"error":"getaddrinfo ENOTFOUND redis","level":"warn","message":"Erro no Redis","service":"vetpro-backend","timestamp":"2026-02-27 15:21:19"}
{"error":"getaddrinfo ENOTFOUND redis","level":"warn","message":"Erro no Redis","service":"vetpro-backend","timestamp":"2026-02-27 15:21:19"}
{"error":"getaddrinfo ENOTFOUND redis","level":"warn","message":"Erro no Redis","service":"vetpro-backend","timestamp":"2026-02-27 15:21:21"}
{"error":"getaddrinfo ENOTFOUND redis","level":"warn","message":"Erro no Redis","service":"vetpro-backend","timestamp":"2026-02-27 15:21:21"}
{"error":"getaddrinfo ENOTFOUND redis","level":"warn","message":"Erro no Redis","service":"vetpro-backend","timestamp":"2026-02-27 15:21:23"}
{"error":"getaddrinfo ENOTFOUND redis","level":"warn","message":"Erro no Redis","service":"vetpro-backend","timestamp":"2026-02-27 15:21:23"}
{"error":"getaddrinfo ENOTFOUND redis","level":"warn","message":"Erro no Redis","service":"vetpro-backend","timestamp":"2026-02-27 15:21:24"}
{"error":"getaddrinfo ENOTFOUND redis","level":"warn","message":"Erro no Redis","service":"vetpro-backend","timestamp":"2026-02-27 15:21:25"}
{"error":"getaddrinfo ENOTFOUND redis","level":"warn","message":"Erro no Redis","service":"vetpro-backend","timestamp":"2026-02-27 15:21:26"}
{"error":"getaddrinfo ENOTFOUND redis","level":"warn","message":"Erro no Redis","service":"vetpro-backend","timestamp":"2026-02-27 15:21:31"}
{"error":"getaddrinfo ENOTFOUND redis","level":"warn","message":"Erro no Redis","service":"vetpro-backend","timestamp":"2026-02-27 15:21:33"}
{"error":"getaddrinfo ENOTFOUND redis","level":"warn","message":"Erro no Redis","service":"vetpro-backend","timestamp":"2026-02-27 15:21:33"}
{"error":"getaddrinfo ENOTFOUND redis","level":"warn","message":"Erro no Redis","service":"vetpro-backend","timestamp":"2026-02-27 15:21:34"}
{"error":"getaddrinfo ENOTFOUND redis","level":"warn","message":"Erro no Redis","service":"vetpro-backend","timestamp":"2026-02-27 15:21:35"}
{"error":"getaddrinfo ENOTFOUND redis","level":"warn","message":"Erro no Redis","service":"vetpro-backend","timestamp":"2026-02-27 15:21:35"}
{"error":"getaddrinfo ENOTFOUND redis","level":"warn","message":"Erro no Redis","service":"vetpro-backend","timestamp":"2026-02-27 15:21:37"}
{"error":"getaddrinfo ENOTFOUND redis","level":"warn","message":"Erro no Redis","service":"vetpro-backend","timestamp":"2026-02-27 15:21:38"}
{"error":"getaddrinfo ENOTFOUND redis","level":"warn","message":"Erro no Redis","service":"vetpro-backend","timestamp":"2026-02-27 15:21:39"}
{"error":"getaddrinfo ENOTFOUND redis","level":"warn","message":"Erro no Redis","service":"vetpro-backend","timestamp":"2026-02-27 15:21:39"}
{"error":"getaddrinfo ENOTFOUND redis","level":"warn","message":"Erro no Redis","service":"vetpro-backend","timestamp":"2026-02-27 15:21:40"}
{"error":"getaddrinfo ENOTFOUND redis","level":"warn","message":"Erro no Redis","service":"vetpro-backend","timestamp":"2026-02-27 15:21:42"}
{"error":"getaddrinfo ENOTFOUND redis","level":"warn","message":"Erro no Redis","service":"vetpro-backend","timestamp":"2026-02-27 15:21:42"}
{"error":"getaddrinfo ENOTFOUND redis","level":"warn","message":"Erro no Redis","service":"vetpro-backend","timestamp":"2026-02-27 15:21:43"}
{"error":"getaddrinfo ENOTFOUND redis","level":"warn","message":"Erro no Redis","service":"vetpro-backend","timestamp":"2026-02-27 15:21:44"}
{"error":"getaddrinfo ENOTFOUND redis","level":"warn","message":"Erro no Redis","service":"vetpro-backend","timestamp":"2026-02-27 15:21:44"}
{"error":"getaddrinfo ENOTFOUND redis","level":"warn","message":"Erro no Redis","service":"vetpro-backend","timestamp":"2026-02-27 15:21:51"}
{"error":"getaddrinfo ENOTFOUND redis","level":"warn","message":"Erro no Redis","service":"vetpro-backend","timestamp":"2026-02-27 15:21:51"}
{"error":"getaddrinfo ENOTFOUND redis","level":"warn","message":"Erro no Redis","service":"vetpro-backend","timestamp":"2026-02-27 15:21:52"}
{"error":"getaddrinfo ENOTFOUND redis","level":"warn","message":"Erro no Redis","service":"vetpro-backend","timestamp":"2026-02-27 15:21:53"}
{"error":"getaddrinfo ENOTFOUND redis","level":"warn","message":"Erro no Redis","service":"vetpro-backend","timestamp":"2026-02-27 15:21:54"}
{"error":"getaddrinfo ENOTFOUND redis","level":"warn","message":"Erro no Redis","service":"vetpro-backend","timestamp":"2026-02-27 15:21:55"}
{"error":"getaddrinfo ENOTFOUND redis","level":"warn","message":"Erro no Redis","service":"vetpro-backend","timestamp":"2026-02-27 15:21:56"}
{"error":"getaddrinfo ENOTFOUND redis","level":"warn","message":"Erro no Redis","service":"vetpro-backend","timestamp":"2026-02-27 15:21:56"}
{"error":"getaddrinfo ENOTFOUND redis","level":"warn","message":"Erro no Redis","service":"vetpro-backend","timestamp":"2026-02-27 15:21:58"}
{"error":"getaddrinfo ENOTFOUND redis","level":"warn","message":"Erro no Redis","service":"vetpro-backend","timestamp":"2026-02-27 15:21:58"}
{"error":"getaddrinfo ENOTFOUND redis","level":"warn","message":"Erro no Redis","service":"vetpro-backend","timestamp":"2026-02-27 15:21:59"}
{"error":"getaddrinfo ENOTFOUND redis","level":"warn","message":"Erro no Redis","service":"vetpro-backend","timestamp":"2026-02-27 15:22:01"}
{"error":"getaddrinfo ENOTFOUND redis","level":"warn","message":"Erro no Redis","service":"vetpro-backend","timestamp":"2026-02-27 15:22:01"}
{"error":"getaddrinfo ENOTFOUND redis","level":"warn","message":"Erro no Redis","service":"vetpro-backend","timestamp":"2026-02-27 15:22:02"}
{"error":"getaddrinfo ENOTFOUND redis","level":"warn","message":"Erro no Redis","service":"vetpro-backend","timestamp":"2026-02-27 15:22:03"}
{"error":"getaddrinfo ENOTFOUND redis","level":"warn","message":"Erro no Redis","service":"vetpro-backend","timestamp":"2026-02-27 15:22:03"}
{"error":"getaddrinfo ENOTFOUND redis","level":"warn","message":"Erro no Redis","service":"vetpro-backend","timestamp":"2026-02-27 15:22:05"}
{"error":"getaddrinfo ENOTFOUND redis","level":"warn","message":"Erro no Redis","service":"vetpro-backend","timestamp":"2026-02-27 15:22:06"}
{"error":"getaddrinfo ENOTFOUND redis","level":"warn","message":"Erro no Redis","service":"vetpro-backend","timestamp":"2026-02-27 15:22:11"}
{"error":"getaddrinfo ENOTFOUND redis","level":"warn","message":"Erro no Redis","service":"vetpro-backend","timestamp":"2026-02-27 15:22:12"}
{"error":"getaddrinfo ENOTFOUND redis","level":"warn","message":"Erro no Redis","service":"vetpro-backend","timestamp":"2026-02-27 15:22:12"}
{"error":"getaddrinfo ENOTFOUND redis","level":"warn","message":"Erro no Redis","service":"vetpro-backend","timestamp":"2026-02-27 15:22:14"}
{"error":"getaddrinfo ENOTFOUND redis","level":"warn","message":"Erro no Redis","service":"vetpro-backend","timestamp":"2026-02-27 15:22:15"}
{"error":"getaddrinfo ENOTFOUND redis","level":"warn","message":"Erro no Redis","service":"vetpro-backend","timestamp":"2026-02-27 15:22:16"}
{"error":"getaddrinfo ENOTFOUND redis","level":"warn","message":"Erro no Redis","service":"vetpro-backend","timestamp":"2026-02-27 15:22:17"}
{"error":"getaddrinfo ENOTFOUND redis","level":"warn","message":"Erro no Redis","service":"vetpro-backend","timestamp":"2026-02-27 15:22:19"}
{"error":"getaddrinfo ENOTFOUND redis","level":"warn","message":"Erro no Redis","service":"vetpro-backend","timestamp":"2026-02-27 15:22:20"}
{"error":"getaddrinfo ENOTFOUND redis","level":"warn","message":"Erro no Redis","service":"vetpro-backend","timestamp":"2026-02-27 15:22:21"}
{"error":"getaddrinfo ENOTFOUND redis","level":"warn","message":"Erro no Redis","service":"vetpro-backend","timestamp":"2026-02-27 15:22:21"}
{"error":"getaddrinfo ENOTFOUND redis","level":"warn","message":"Erro no Redis","service":"vetpro-backend","timestamp":"2026-02-27 15:22:24"}
{"error":"getaddrinfo ENOTFOUND redis","level":"warn","message":"Erro no Redis","service":"vetpro-backend","timestamp":"2026-02-27 15:22:24"}
{"error":"getaddrinfo ENOTFOUND redis","level":"warn","message":"Erro no Redis","service":"vetpro-backend","timestamp":"2026-02-27 15:22:26"}
{"error":"getaddrinfo ENOTFOUND redis","level":"warn","message":"Erro no Redis","service":"vetpro-backend","timestamp":"2026-02-27 15:22:26"}
{"error":"getaddrinfo ENOTFOUND redis","level":"warn","message":"Erro no Redis","service":"vetpro-backend","timestamp":"2026-02-27 15:22:33"}
{"error":"getaddrinfo ENOTFOUND redis","level":"warn","message":"Erro no Redis","service":"vetpro-backend","timestamp":"2026-02-27 15:22:34"}
{"error":"getaddrinfo ENOTFOUND redis","level":"warn","message":"Erro no Redis","service":"vetpro-backend","timestamp":"2026-02-27 15:22:35"}
{"error":"getaddrinfo ENOTFOUND redis","level":"warn","message":"Erro no Redis","service":"vetpro-backend","timestamp":"2026-02-27 15:22:35"}
{"error":"getaddrinfo ENOTFOUND redis","level":"warn","message":"Erro no Redis","service":"vetpro-backend","timestamp":"2026-02-27 15:22:38"}
{"error":"getaddrinfo ENOTFOUND redis","level":"warn","message":"Erro no Redis","service":"vetpro-backend","timestamp":"2026-02-27 15:22:38"}
{"error":"getaddrinfo ENOTFOUND redis","level":"warn","message":"Erro no Redis","service":"vetpro-backend","timestamp":"2026-02-27 15:22:39"}
{"error":"getaddrinfo ENOTFOUND redis","level":"warn","message":"Erro no Redis","service":"vetpro-backend","timestamp":"2026-02-27 15:22:40"}
{"error":"getaddrinfo ENOTFOUND redis","level":"warn","message":"Erro no Redis","service":"vetpro-backend","timestamp":"2026-02-27 15:22:42"}
{"error":"getaddrinfo ENOTFOUND redis","level":"warn","message":"Erro no Redis","service":"vetpro-backend","timestamp":"2026-02-27 15:22:43"}
{"error":"getaddrinfo ENOTFOUND redis","level":"warn","message":"Erro no Redis","service":"vetpro-backend","timestamp":"2026-02-27 15:22:44"}
{"error":"getaddrinfo ENOTFOUND redis","level":"warn","message":"Erro no Redis","service":"vetpro-backend","timestamp":"2026-02-27 15:22:45"}
{"error":"getaddrinfo ENOTFOUND redis","level":"warn","message":"Erro no Redis","service":"vetpro-backend","timestamp":"2026-02-27 15:22:47"}
{"error":"getaddrinfo ENOTFOUND redis","level":"warn","message":"Erro no Redis","service":"vetpro-backend","timestamp":"2026-02-27 15:22:48"}
{"error":"getaddrinfo ENOTFOUND redis","level":"warn","message":"Erro no Redis","service":"vetpro-backend","timestamp":"2026-02-27 15:22:53"}
{"error":"getaddrinfo ENOTFOUND redis","level":"warn","message":"Erro no Redis","service":"vetpro-backend","timestamp":"2026-02-27 15:22:54"}
{"error":"getaddrinfo ENOTFOUND redis","level":"warn","message":"Erro no Redis","service":"vetpro-backend","timestamp":"2026-02-27 15:22:56"}
{"error":"getaddrinfo ENOTFOUND redis","level":"warn","message":"Erro no Redis","service":"vetpro-backend","timestamp":"2026-02-27 15:22:57"}
{"error":"getaddrinfo ENOTFOUND redis","level":"warn","message":"Erro no Redis","service":"vetpro-backend","timestamp":"2026-02-27 15:22:58"}
{"error":"getaddrinfo ENOTFOUND redis","level":"warn","message":"Erro no Redis","service":"vetpro-backend","timestamp":"2026-02-27 15:22:59"}
{"error":"getaddrinfo ENOTFOUND redis","level":"warn","message":"Erro no Redis","service":"vetpro-backend","timestamp":"2026-02-27 15:23:01"}
{"error":"getaddrinfo ENOTFOUND redis","level":"warn","message":"Erro no Redis","service":"vetpro-backend","timestamp":"2026-02-27 15:23:01"}
{"error":"getaddrinfo ENOTFOUND redis","level":"warn","message":"Erro no Redis","service":"vetpro-backend","timestamp":"2026-02-27 15:23:03"}
{"error":"getaddrinfo ENOTFOUND redis","level":"warn","message":"Erro no Redis","service":"vetpro-backend","timestamp":"2026-02-27 15:23:03"}
{"error":"getaddrinfo ENOTFOUND redis","level":"warn","message":"Erro no Redis","service":"vetpro-backend","timestamp":"2026-02-27 15:23:06"}
{"error":"getaddrinfo ENOTFOUND redis","level":"warn","message":"Erro no Redis","service":"vetpro-backend","timestamp":"2026-02-27 15:23:06"}
{"error":"getaddrinfo ENOTFOUND redis","level":"warn","message":"Erro no Redis","service":"vetpro-backend","timestamp":"2026-02-27 15:23:07"}
{"error":"getaddrinfo ENOTFOUND redis","level":"warn","message":"Erro no Redis","service":"vetpro-backend","timestamp":"2026-02-27 15:23:08"}
{"error":"getaddrinfo ENOTFOUND redis","level":"warn","message":"Erro no Redis","service":"vetpro-backend","timestamp":"2026-02-27 15:23:15"}
{"error":"getaddrinfo ENOTFOUND redis","level":"warn","message":"Erro no Redis","service":"vetpro-backend","timestamp":"2026-02-27 15:23:15"}
{"error":"getaddrinfo ENOTFOUND redis","level":"warn","message":"Erro no Redis","service":"vetpro-backend","timestamp":"2026-02-27 15:23:17"}
{"error":"getaddrinfo ENOTFOUND redis","level":"warn","message":"Erro no Redis","service":"vetpro-backend","timestamp":"2026-02-27 15:23:17"}
{"error":"getaddrinfo ENOTFOUND redis","level":"warn","message":"Erro no Redis","service":"vetpro-backend","timestamp":"2026-02-27 15:23:19"}
{"error":"getaddrinfo ENOTFOUND redis","level":"warn","message":"Erro no Redis","service":"vetpro-backend","timestamp":"2026-02-27 15:23:20"}
{"error":"getaddrinfo ENOTFOUND redis","level":"warn","message":"Erro no Redis","service":"vetpro-backend","timestamp":"2026-02-27 15:23:21"}
{"error":"getaddrinfo ENOTFOUND redis","level":"warn","message":"Erro no Redis","service":"vetpro-backend","timestamp":"2026-02-27 15:23:22"}
{"error":"getaddrinfo ENOTFOUND redis","level":"warn","message":"Erro no Redis","service":"vetpro-backend","timestamp":"2026-02-27 15:23:24"}
{"error":"getaddrinfo ENOTFOUND redis","level":"warn","message":"Erro no Redis","service":"vetpro-backend","timestamp":"2026-02-27 15:23:25"}
{"error":"getaddrinfo ENOTFOUND redis","level":"warn","message":"Erro no Redis","service":"vetpro-backend","timestamp":"2026-02-27 15:23:26"}
{"error":"getaddrinfo ENOTFOUND redis","level":"warn","message":"Erro no Redis","service":"vetpro-backend","timestamp":"2026-02-27 15:23:26"}
{"error":"getaddrinfo ENOTFOUND redis","level":"warn","message":"Erro no Redis","service":"vetpro-backend","timestamp":"2026-02-27 15:23:29"}
{"error":"getaddrinfo ENOTFOUND redis","level":"warn","message":"Erro no Redis","service":"vetpro-backend","timestamp":"2026-02-27 15:23:29"}
{"error":"getaddrinfo ENOTFOUND redis","level":"warn","message":"Erro no Redis","service":"vetpro-backend","timestamp":"2026-02-27 15:23:35"}
{"error":"getaddrinfo ENOTFOUND redis","level":"warn","message":"Erro no Redis","service":"vetpro-backend","timestamp":"2026-02-27 15:23:36"}
{"error":"getaddrinfo ENOTFOUND redis","level":"warn","message":"Erro no Redis","service":"vetpro-backend","timestamp":"2026-02-27 15:23:38"}
{"error":"getaddrinfo ENOTFOUND redis","level":"warn","message":"Erro no Redis","service":"vetpro-backend","timestamp":"2026-02-27 15:23:38"}
{"error":"getaddrinfo ENOTFOUND redis","level":"warn","message":"Erro no Redis","service":"vetpro-backend","timestamp":"2026-02-27 15:23:40"}
{"error":"getaddrinfo ENOTFOUND redis","level":"warn","message":"Erro no Redis","service":"vetpro-backend","timestamp":"2026-02-27 15:23:40"}
{"error":"getaddrinfo ENOTFOUND redis","level":"warn","message":"Erro no Redis","service":"vetpro-backend","timestamp":"2026-02-27 15:23:43"}
{"error":"getaddrinfo ENOTFOUND redis","level":"warn","message":"Erro no Redis","service":"vetpro-backend","timestamp":"2026-02-27 15:23:43"}
{"error":"getaddrinfo ENOTFOUND redis","level":"warn","message":"Erro no Redis","service":"vetpro-backend","timestamp":"2026-02-27 15:23:44"}
{"error":"getaddrinfo ENOTFOUND redis","level":"warn","message":"Erro no Redis","service":"vetpro-backend","timestamp":"2026-02-27 15:23:45"}
{"error":"getaddrinfo ENOTFOUND redis","level":"warn","message":"Erro no Redis","service":"vetpro-backend","timestamp":"2026-02-27 15:23:47"}
{"error":"getaddrinfo ENOTFOUND redis","level":"warn","message":"Erro no Redis","service":"vetpro-backend","timestamp":"2026-02-27 15:23:48"}
{"error":"getaddrinfo ENOTFOUND redis","level":"warn","message":"Erro no Redis","service":"vetpro-backend","timestamp":"2026-02-27 15:23:49"}
{"error":"getaddrinfo ENOTFOUND redis","level":"warn","message":"Erro no Redis","service":"vetpro-backend","timestamp":"2026-02-27 15:23:50"}
{"error":"getaddrinfo ENOTFOUND redis","level":"warn","message":"Erro no Redis","service":"vetpro-backend","timestamp":"2026-02-27 15:23:56"}
{"error":"getaddrinfo ENOTFOUND redis","level":"warn","message":"Erro no Redis","service":"vetpro-backend","timestamp":"2026-02-27 15:23:57"}
{"error":"getaddrinfo ENOTFOUND redis","level":"warn","message":"Erro no Redis","service":"vetpro-backend","timestamp":"2026-02-27 15:23:58"}
{"error":"getaddrinfo ENOTFOUND redis","level":"warn","message":"Erro no Redis","service":"vetpro-backend","timestamp":"2026-02-27 15:23:59"}
{"error":"getaddrinfo ENOTFOUND redis","level":"warn","message":"Erro no Redis","service":"vetpro-backend","timestamp":"2026-02-27 15:24:01"}
{"error":"getaddrinfo ENOTFOUND redis","level":"warn","message":"Erro no Redis","service":"vetpro-backend","timestamp":"2026-02-27 15:24:02"}
{"error":"getaddrinfo ENOTFOUND redis","level":"warn","message":"Erro no Redis","service":"vetpro-backend","timestamp":"2026-02-27 15:24:03"}
{"error":"getaddrinfo ENOTFOUND redis","level":"warn","message":"Erro no Redis","service":"vetpro-backend","timestamp":"2026-02-27 15:24:04"}
{"error":"getaddrinfo ENOTFOUND redis","level":"warn","message":"Erro no Redis","service":"vetpro-backend","timestamp":"2026-02-27 15:24:06"}
{"error":"getaddrinfo ENOTFOUND redis","level":"warn","message":"Erro no Redis","service":"vetpro-backend","timestamp":"2026-02-27 15:24:06"}
{"error":"getaddrinfo ENOTFOUND redis","level":"warn","message":"Erro no Redis","service":"vetpro-backend","timestamp":"2026-02-27 15:24:08"}
{"error":"getaddrinfo ENOTFOUND redis","level":"warn","message":"Erro no Redis","service":"vetpro-backend","timestamp":"2026-02-27 15:24:08"}
{"error":"getaddrinfo ENOTFOUND redis","level":"warn","message":"Erro no Redis","service":"vetpro-backend","timestamp":"2026-02-27 15:24:11"}
{"error":"getaddrinfo ENOTFOUND redis","level":"warn","message":"Erro no Redis","service":"vetpro-backend","timestamp":"2026-02-27 15:24:11"}
{"error":"getaddrinfo ENOTFOUND redis","level":"warn","message":"Erro no Redis","service":"vetpro-backend","timestamp":"2026-02-27 15:24:17"}
{"error":"getaddrinfo ENOTFOUND redis","level":"warn","message":"Erro no Redis","service":"vetpro-backend","timestamp":"2026-02-27 15:24:17"}
{"error":"getaddrinfo ENOTFOUND redis","level":"warn","message":"Erro no Redis","service":"vetpro-backend","timestamp":"2026-02-27 15:24:20"}
{"error":"getaddrinfo ENOTFOUND redis","level":"warn","message":"Erro no Redis","service":"vetpro-backend","timestamp":"2026-02-27 15:24:20"}
{"error":"getaddrinfo ENOTFOUND redis","level":"warn","message":"Erro no Redis","service":"vetpro-backend","timestamp":"2026-02-27 15:24:22"}
{"error":"getaddrinfo ENOTFOUND redis","level":"warn","message":"Erro no Redis","service":"vetpro-backend","timestamp":"2026-02-27 15:24:22"}
{"error":"getaddrinfo ENOTFOUND redis","level":"warn","message":"Erro no Redis","service":"vetpro-backend","timestamp":"2026-02-27 15:24:24"}
{"error":"getaddrinfo ENOTFOUND redis","level":"warn","message":"Erro no Redis","service":"vetpro-backend","timestamp":"2026-02-27 15:24:25"}
{"error":"getaddrinfo ENOTFOUND redis","level":"warn","message":"Erro no Redis","service":"vetpro-backend","timestamp":"2026-02-27 15:24:26"}
{"error":"getaddrinfo ENOTFOUND redis","level":"warn","message":"Erro no Redis","service":"vetpro-backend","timestamp":"2026-02-27 15:24:27"}
{"error":"getaddrinfo ENOTFOUND redis","level":"warn","message":"Erro no Redis","service":"vetpro-backend","timestamp":"2026-02-27 15:24:29"}
{"error":"getaddrinfo ENOTFOUND redis","level":"warn","message":"Erro no Redis","service":"vetpro-backend","timestamp":"2026-02-27 15:24:30"}
{"error":"getaddrinfo ENOTFOUND redis","level":"warn","message":"Erro no Redis","service":"vetpro-backend","timestamp":"2026-02-27 15:24:31"}
{"error":"getaddrinfo ENOTFOUND redis","level":"warn","message":"Erro no Redis","service":"vetpro-backend","timestamp":"2026-02-27 15:24:31"}
{"error":"getaddrinfo ENOTFOUND redis","level":"warn","message":"Erro no Redis","service":"vetpro-backend","timestamp":"2026-02-27 15:24:38"}
{"error":"getaddrinfo ENOTFOUND redis","level":"warn","message":"Erro no Redis","service":"vetpro-backend","timestamp":"2026-02-27 15:24:39"}
{"error":"getaddrinfo ENOTFOUND redis","level":"warn","message":"Erro no Redis","service":"vetpro-backend","timestamp":"2026-02-27 15:24:40"}
{"error":"getaddrinfo ENOTFOUND redis","level":"warn","message":"Erro no Redis","service":"vetpro-backend","timestamp":"2026-02-27 15:24:41"}
{"error":"getaddrinfo ENOTFOUND redis","level":"warn","message":"Erro no Redis","service":"vetpro-backend","timestamp":"2026-02-27 15:24:43"}
{"error":"getaddrinfo ENOTFOUND redis","level":"warn","message":"Erro no Redis","service":"vetpro-backend","timestamp":"2026-02-27 15:24:43"}
{"error":"getaddrinfo ENOTFOUND redis","level":"warn","message":"Erro no Redis","service":"vetpro-backend","timestamp":"2026-02-27 15:24:45"}
{"error":"getaddrinfo ENOTFOUND redis","level":"warn","message":"Erro no Redis","service":"vetpro-backend","timestamp":"2026-02-27 15:24:45"}
{"error":"getaddrinfo ENOTFOUND redis","level":"warn","message":"Erro no Redis","service":"vetpro-backend","timestamp":"2026-02-27 15:24:48"}
{"error":"getaddrinfo ENOTFOUND redis","level":"warn","message":"Erro no Redis","service":"vetpro-backend","timestamp":"2026-02-27 15:24:48"}
{"error":"getaddrinfo ENOTFOUND redis","level":"warn","message":"Erro no Redis","service":"vetpro-backend","timestamp":"2026-02-27 15:24:49"}
{"error":"getaddrinfo ENOTFOUND redis","level":"warn","message":"Erro no Redis","service":"vetpro-backend","timestamp":"2026-02-27 15:24:50"}
{"error":"getaddrinfo ENOTFOUND redis","level":"warn","message":"Erro no Redis","service":"vetpro-backend","timestamp":"2026-02-27 15:24:52"}
{"error":"getaddrinfo ENOTFOUND redis","level":"warn","message":"Erro no Redis","service":"vetpro-backend","timestamp":"2026-02-27 15:24:53"}
{"error":"getaddrinfo ENOTFOUND redis","level":"warn","message":"Erro no Redis","service":"vetpro-backend","timestamp":"2026-02-27 15:24:59"}
{"error":"getaddrinfo ENOTFOUND redis","level":"warn","message":"Erro no Redis","service":"vetpro-backend","timestamp":"2026-02-27 15:24:59"}
{"error":"getaddrinfo ENOTFOUND redis","level":"warn","message":"Erro no Redis","service":"vetpro-backend","timestamp":"2026-02-27 15:25:01"}
{"error":"getaddrinfo ENOTFOUND redis","level":"warn","message":"Erro no Redis","service":"vetpro-backend","timestamp":"2026-02-27 15:25:02"}
{"error":"getaddrinfo ENOTFOUND redis","level":"warn","message":"Erro no Redis","service":"vetpro-backend","timestamp":"2026-02-27 15:25:03"}
{"error":"getaddrinfo ENOTFOUND redis","level":"warn","message":"Erro no Redis","service":"vetpro-backend","timestamp":"2026-02-27 15:25:04"}
{"error":"getaddrinfo ENOTFOUND redis","level":"warn","message":"Erro no Redis","service":"vetpro-backend","timestamp":"2026-02-27 15:25:06"}
{"error":"getaddrinfo ENOTFOUND redis","level":"warn","message":"Erro no Redis","service":"vetpro-backend","timestamp":"2026-02-27 15:25:07"}
{"error":"getaddrinfo ENOTFOUND redis","level":"warn","message":"Erro no Redis","service":"vetpro-backend","timestamp":"2026-02-27 15:25:08"}
{"error":"getaddrinfo ENOTFOUND redis","level":"warn","message":"Erro no Redis","service":"vetpro-backend","timestamp":"2026-02-27 15:25:09"}
{"error":"getaddrinfo ENOTFOUND redis","level":"warn","message":"Erro no Redis","service":"vetpro-backend","timestamp":"2026-02-27 15:25:11"}
{"error":"getaddrinfo ENOTFOUND redis","level":"warn","message":"Erro no Redis","service":"vetpro-backend","timestamp":"2026-02-27 15:25:11"}
{"error":"getaddrinfo ENOTFOUND redis","level":"warn","message":"Erro no Redis","service":"vetpro-backend","timestamp":"2026-02-27 15:25:13"}
{"error":"getaddrinfo ENOTFOUND redis","level":"warn","message":"Erro no Redis","service":"vetpro-backend","timestamp":"2026-02-27 15:25:13"}
{"error":"getaddrinfo ENOTFOUND redis","level":"warn","message":"Erro no Redis","service":"vetpro-backend","timestamp":"2026-02-27 15:25:20"}
{"error":"getaddrinfo ENOTFOUND redis","level":"warn","message":"Erro no Redis","service":"vetpro-backend","timestamp":"2026-02-27 15:25:21"}
{"error":"getaddrinfo ENOTFOUND redis","level":"warn","message":"Erro no Redis","service":"vetpro-backend","timestamp":"2026-02-27 15:25:22"}
{"error":"getaddrinfo ENOTFOUND redis","level":"warn","message":"Erro no Redis","service":"vetpro-backend","timestamp":"2026-02-27 15:25:22"}
{"error":"getaddrinfo ENOTFOUND redis","level":"warn","message":"Erro no Redis","service":"vetpro-backend","timestamp":"2026-02-27 15:25:25"}
{"error":"getaddrinfo ENOTFOUND redis","level":"warn","message":"Erro no Redis","service":"vetpro-backend","timestamp":"2026-02-27 15:25:25"}
{"error":"getaddrinfo ENOTFOUND redis","level":"warn","message":"Erro no Redis","service":"vetpro-backend","timestamp":"2026-02-27 15:25:27"}
{"error":"getaddrinfo ENOTFOUND redis","level":"warn","message":"Erro no Redis","service":"vetpro-backend","timestamp":"2026-02-27 15:25:27"}
{"error":"getaddrinfo ENOTFOUND redis","level":"warn","message":"Erro no Redis","service":"vetpro-backend","timestamp":"2026-02-27 15:25:29"}
{"error":"getaddrinfo ENOTFOUND redis","level":"warn","message":"Erro no Redis","service":"vetpro-backend","timestamp":"2026-02-27 15:25:30"}
{"error":"getaddrinfo ENOTFOUND redis","level":"warn","message":"Erro no Redis","service":"vetpro-backend","timestamp":"2026-02-27 15:25:31"}
{"error":"getaddrinfo ENOTFOUND redis","level":"warn","message":"Erro no Redis","service":"vetpro-backend","timestamp":"2026-02-27 15:25:32"}
{"error":"getaddrinfo ENOTFOUND redis","level":"warn","message":"Erro no Redis","service":"vetpro-backend","timestamp":"2026-02-27 15:25:34"}
{"error":"getaddrinfo ENOTFOUND redis","level":"warn","message":"Erro no Redis","service":"vetpro-backend","timestamp":"2026-02-27 15:25:35"}
{"error":"getaddrinfo ENOTFOUND redis","level":"warn","message":"Erro no Redis","service":"vetpro-backend","timestamp":"2026-02-27 15:25:40"}
{"error":"getaddrinfo ENOTFOUND redis","level":"warn","message":"Erro no Redis","service":"vetpro-backend","timestamp":"2026-02-27 15:25:41"}
{"error":"getaddrinfo ENOTFOUND redis","level":"warn","message":"Erro no Redis","service":"vetpro-backend","timestamp":"2026-02-27 15:25:43"}
{"error":"getaddrinfo ENOTFOUND redis","level":"warn","message":"Erro no Redis","service":"vetpro-backend","timestamp":"2026-02-27 15:25:44"}
{"error":"getaddrinfo ENOTFOUND redis","level":"warn","message":"Erro no Redis","service":"vetpro-backend","timestamp":"2026-02-27 15:25:45"}
{"error":"getaddrinfo ENOTFOUND redis","level":"warn","message":"Erro no Redis","service":"vetpro-backend","timestamp":"2026-02-27 15:25:46"}
{"error":"getaddrinfo ENOTFOUND redis","level":"warn","message":"Erro no Redis","service":"vetpro-backend","timestamp":"2026-02-27 15:25:48"}
{"error":"getaddrinfo ENOTFOUND redis","level":"warn","message":"Erro no Redis","service":"vetpro-backend","timestamp":"2026-02-27 15:25:48"}
{"error":"getaddrinfo ENOTFOUND redis","level":"warn","message":"Erro no Redis","service":"vetpro-backend","timestamp":"2026-02-27 15:25:50"}
{"error":"getaddrinfo ENOTFOUND redis","level":"warn","message":"Erro no Redis","service":"vetpro-backend","timestamp":"2026-02-27 15:25:50"}
{"error":"getaddrinfo ENOTFOUND redis","level":"warn","message":"Erro no Redis","service":"vetpro-backend","timestamp":"2026-02-27 15:25:53"}
{"error":"getaddrinfo ENOTFOUND redis","level":"warn","message":"Erro no Redis","service":"vetpro-backend","timestamp":"2026-02-27 15:25:53"}
{"error":"getaddrinfo ENOTFOUND redis","level":"warn","message":"Erro no Redis","service":"vetpro-backend","timestamp":"2026-02-27 15:25:54"}
{"error":"getaddrinfo ENOTFOUND redis","level":"warn","message":"Erro no Redis","service":"vetpro-backend","timestamp":"2026-02-27 15:25:55"}
{"error":"getaddrinfo ENOTFOUND redis","level":"warn","message":"Erro no Redis","service":"vetpro-backend","timestamp":"2026-02-27 15:26:02"}
{"error":"getaddrinfo ENOTFOUND redis","level":"warn","message":"Erro no Redis","service":"vetpro-backend","timestamp":"2026-02-27 15:26:02"}
{"error":"getaddrinfo ENOTFOUND redis","level":"warn","message":"Erro no Redis","service":"vetpro-backend","timestamp":"2026-02-27 15:26:04"}
{"error":"getaddrinfo ENOTFOUND redis","level":"warn","message":"Erro no Redis","service":"vetpro-backend","timestamp":"2026-02-27 15:26:04"}
{"error":"getaddrinfo ENOTFOUND redis","level":"warn","message":"Erro no Redis","service":"vetpro-backend","timestamp":"2026-02-27 15:26:06"}
{"error":"getaddrinfo ENOTFOUND redis","level":"warn","message":"Erro no Redis","service":"vetpro-backend","timestamp":"2026-02-27 15:26:07"}
{"error":"getaddrinfo ENOTFOUND redis","level":"warn","message":"Erro no Redis","service":"vetpro-backend","timestamp":"2026-02-27 15:26:08"}
{"error":"getaddrinfo ENOTFOUND redis","level":"warn","message":"Erro no Redis","service":"vetpro-backend","timestamp":"2026-02-27 15:26:09"}
{"error":"getaddrinfo ENOTFOUND redis","level":"warn","message":"Erro no Redis","service":"vetpro-backend","timestamp":"2026-02-27 15:26:11"}
{"error":"getaddrinfo ENOTFOUND redis","level":"warn","message":"Erro no Redis","service":"vetpro-backend","timestamp":"2026-02-27 15:26:12"}
{"error":"getaddrinfo ENOTFOUND redis","level":"warn","message":"Erro no Redis","service":"vetpro-backend","timestamp":"2026-02-27 15:26:13"}
{"error":"getaddrinfo ENOTFOUND redis","level":"warn","message":"Erro no Redis","service":"vetpro-backend","timestamp":"2026-02-27 15:26:13"}
{"error":"getaddrinfo ENOTFOUND redis","level":"warn","message":"Erro no Redis","service":"vetpro-backend","timestamp":"2026-02-27 15:26:16"}
{"error":"getaddrinfo ENOTFOUND redis","level":"warn","message":"Erro no Redis","service":"vetpro-backend","timestamp":"2026-02-27 15:26:16"}
{"error":"getaddrinfo ENOTFOUND redis","level":"warn","message":"Erro no Redis","service":"vetpro-backend","timestamp":"2026-02-27 15:26:22"}
{"error":"getaddrinfo ENOTFOUND redis","level":"warn","message":"Erro no Redis","service":"vetpro-backend","timestamp":"2026-02-27 15:26:23"}
{"error":"getaddrinfo ENOTFOUND redis","level":"warn","message":"Erro no Redis","service":"vetpro-backend","timestamp":"2026-02-27 15:26:25"}
{"error":"getaddrinfo ENOTFOUND redis","level":"warn","message":"Erro no Redis","service":"vetpro-backend","timestamp":"2026-02-27 15:26:26"}
{"error":"getaddrinfo ENOTFOUND redis","level":"warn","message":"Erro no Redis","service":"vetpro-backend","timestamp":"2026-02-27 15:26:27"}
{"error":"getaddrinfo ENOTFOUND redis","level":"warn","message":"Erro no Redis","service":"vetpro-backend","timestamp":"2026-02-27 15:26:27"}
{"error":"getaddrinfo ENOTFOUND redis","level":"warn","message":"Erro no Redis","service":"vetpro-backend","timestamp":"2026-02-27 15:26:30"}
{"error":"getaddrinfo ENOTFOUND redis","level":"warn","message":"Erro no Redis","service":"vetpro-backend","timestamp":"2026-02-27 15:26:30"}
{"error":"getaddrinfo ENOTFOUND redis","level":"warn","message":"Erro no Redis","service":"vetpro-backend","timestamp":"2026-02-27 15:26:32"}
{"error":"getaddrinfo ENOTFOUND redis","level":"warn","message":"Erro no Redis","service":"vetpro-backend","timestamp":"2026-02-27 15:26:32"}
{"error":"getaddrinfo ENOTFOUND redis","level":"warn","message":"Erro no Redis","service":"vetpro-backend","timestamp":"2026-02-27 15:26:34"}
{"error":"getaddrinfo ENOTFOUND redis","level":"warn","message":"Erro no Redis","service":"vetpro-backend","timestamp":"2026-02-27 15:26:35"}
{"error":"getaddrinfo ENOTFOUND redis","level":"warn","message":"Erro no Redis","service":"vetpro-backend","timestamp":"2026-02-27 15:26:36"}
{"error":"getaddrinfo ENOTFOUND redis","level":"warn","message":"Erro no Redis","service":"vetpro-backend","timestamp":"2026-02-27 15:26:37"}
{"error":"getaddrinfo ENOTFOUND redis","level":"warn","message":"Erro no Redis","service":"vetpro-backend","timestamp":"2026-02-27 15:26:44"}
{"error":"getaddrinfo ENOTFOUND redis","level":"warn","message":"Erro no Redis","service":"vetpro-backend","timestamp":"2026-02-27 15:26:44"}
{"error":"getaddrinfo ENOTFOUND redis","level":"warn","message":"Erro no Redis","service":"vetpro-backend","timestamp":"2026-02-27 15:26:45"}
{"error":"getaddrinfo ENOTFOUND redis","level":"warn","message":"Erro no Redis","service":"vetpro-backend","timestamp":"2026-02-27 15:26:46"}
{"error":"getaddrinfo ENOTFOUND redis","level":"warn","message":"Erro no Redis","service":"vetpro-backend","timestamp":"2026-02-27 15:26:48"}
{"error":"getaddrinfo ENOTFOUND redis","level":"warn","message":"Erro no Redis","service":"vetpro-backend","timestamp":"2026-02-27 15:26:49"}
{"error":"getaddrinfo ENOTFOUND redis","level":"warn","message":"Erro no Redis","service":"vetpro-backend","timestamp":"2026-02-27 15:26:50"}
{"error":"getaddrinfo ENOTFOUND redis","level":"warn","message":"Erro no Redis","service":"vetpro-backend","timestamp":"2026-02-27 15:26:51"}
{"error":"getaddrinfo ENOTFOUND redis","level":"warn","message":"Erro no Redis","service":"vetpro-backend","timestamp":"2026-02-27 15:26:53"}
{"error":"getaddrinfo ENOTFOUND redis","level":"warn","message":"Erro no Redis","service":"vetpro-backend","timestamp":"2026-02-27 15:26:53"}
{"error":"getaddrinfo ENOTFOUND redis","level":"warn","message":"Erro no Redis","service":"vetpro-backend","timestamp":"2026-02-27 15:26:55"}
{"error":"getaddrinfo ENOTFOUND redis","level":"warn","message":"Erro no Redis","service":"vetpro-backend","timestamp":"2026-02-27 15:26:55"}
{"error":"getaddrinfo ENOTFOUND redis","level":"warn","message":"Erro no Redis","service":"vetpro-backend","timestamp":"2026-02-27 15:26:58"}
{"error":"getaddrinfo ENOTFOUND redis","level":"warn","message":"Erro no Redis","service":"vetpro-backend","timestamp":"2026-02-27 15:26:58"}
{"error":"getaddrinfo ENOTFOUND redis","level":"warn","message":"Erro no Redis","service":"vetpro-backend","timestamp":"2026-02-27 15:27:04"}
{"error":"getaddrinfo ENOTFOUND redis","level":"warn","message":"Erro no Redis","service":"vetpro-backend","timestamp":"2026-02-27 15:27:04"}
{"error":"getaddrinfo ENOTFOUND redis","level":"warn","message":"Erro no Redis","service":"vetpro-backend","timestamp":"2026-02-27 15:27:07"}
{"error":"getaddrinfo ENOTFOUND redis","level":"warn","message":"Erro no Redis","service":"vetpro-backend","timestamp":"2026-02-27 15:27:07"}
{"error":"getaddrinfo ENOTFOUND redis","level":"warn","message":"Erro no Redis","service":"vetpro-backend","timestamp":"2026-02-27 15:27:09"}
{"error":"getaddrinfo ENOTFOUND redis","level":"warn","message":"Erro no Redis","service":"vetpro-backend","timestamp":"2026-02-27 15:27:09"}
{"error":"getaddrinfo ENOTFOUND redis","level":"warn","message":"Erro no Redis","service":"vetpro-backend","timestamp":"2026-02-27 15:27:11"}
{"error":"getaddrinfo ENOTFOUND redis","level":"warn","message":"Erro no Redis","service":"vetpro-backend","timestamp":"2026-02-27 15:27:12"}
{"error":"getaddrinfo ENOTFOUND redis","level":"warn","message":"Erro no Redis","service":"vetpro-backend","timestamp":"2026-02-27 15:27:13"}
{"error":"getaddrinfo ENOTFOUND redis","level":"warn","message":"Erro no Redis","service":"vetpro-backend","timestamp":"2026-02-27 15:27:14"}
{"error":"getaddrinfo ENOTFOUND redis","level":"warn","message":"Erro no Redis","service":"vetpro-backend","timestamp":"2026-02-27 15:27:16"}
{"error":"getaddrinfo ENOTFOUND redis","level":"warn","message":"Erro no Redis","service":"vetpro-backend","timestamp":"2026-02-27 15:27:17"}
{"error":"getaddrinfo ENOTFOUND redis","level":"warn","message":"Erro no Redis","service":"vetpro-backend","timestamp":"2026-02-27 15:27:18"}
{"error":"getaddrinfo ENOTFOUND redis","level":"warn","message":"Erro no Redis","service":"vetpro-backend","timestamp":"2026-02-27 15:27:19"}
{"error":"getaddrinfo ENOTFOUND redis","level":"warn","message":"Erro no Redis","service":"vetpro-backend","timestamp":"2026-02-27 15:27:25"}
{"error":"getaddrinfo ENOTFOUND redis","level":"warn","message":"Erro no Redis","service":"vetpro-backend","timestamp":"2026-02-27 15:27:26"}
{"error":"getaddrinfo ENOTFOUND redis","level":"warn","message":"Erro no Redis","service":"vetpro-backend","timestamp":"2026-02-27 15:27:27"}
{"error":"getaddrinfo ENOTFOUND redis","level":"warn","message":"Erro no Redis","service":"vetpro-backend","timestamp":"2026-02-27 15:27:28"}
{"error":"getaddrinfo ENOTFOUND redis","level":"warn","message":"Erro no Redis","service":"vetpro-backend","timestamp":"2026-02-27 15:27:30"}
{"error":"getaddrinfo ENOTFOUND redis","level":"warn","message":"Erro no Redis","service":"vetpro-backend","timestamp":"2026-02-27 15:27:31"}
{"error":"getaddrinfo ENOTFOUND redis","level":"warn","message":"Erro no Redis","service":"vetpro-backend","timestamp":"2026-02-27 15:27:32"}
{"error":"getaddrinfo ENOTFOUND redis","level":"warn","message":"Erro no Redis","service":"vetpro-backend","timestamp":"2026-02-27 15:27:32"}
{"error":"getaddrinfo ENOTFOUND redis","level":"warn","message":"Erro no Redis","service":"vetpro-backend","timestamp":"2026-02-27 15:27:35"}
{"error":"getaddrinfo ENOTFOUND redis","level":"warn","message":"Erro no Redis","service":"vetpro-backend","timestamp":"2026-02-27 15:27:35"}
{"error":"getaddrinfo ENOTFOUND redis","level":"warn","message":"Erro no Redis","service":"vetpro-backend","timestamp":"2026-02-27 15:27:37"}
{"error":"getaddrinfo ENOTFOUND redis","level":"warn","message":"Erro no Redis","service":"vetpro-backend","timestamp":"2026-02-27 15:27:37"}
{"error":"getaddrinfo ENOTFOUND redis","level":"warn","message":"Erro no Redis","service":"vetpro-backend","timestamp":"2026-02-27 15:27:39"}
{"error":"getaddrinfo ENOTFOUND redis","level":"warn","message":"Erro no Redis","service":"vetpro-backend","timestamp":"2026-02-27 15:27:40"}
{"error":"getaddrinfo ENOTFOUND redis","level":"warn","message":"Erro no Redis","service":"vetpro-backend","timestamp":"2026-02-27 15:27:46"}
{"error":"getaddrinfo ENOTFOUND redis","level":"warn","message":"Erro no Redis","service":"vetpro-backend","timestamp":"2026-02-27 15:27:46"}
{"error":"getaddrinfo ENOTFOUND redis","level":"warn","message":"Erro no Redis","service":"vetpro-backend","timestamp":"2026-02-27 15:27:49"}
{"error":"getaddrinfo ENOTFOUND redis","level":"warn","message":"Erro no Redis","service":"vetpro-backend","timestamp":"2026-02-27 15:27:49"}
{"error":"getaddrinfo ENOTFOUND redis","level":"warn","message":"Erro no Redis","service":"vetpro-backend","timestamp":"2026-02-27 15:27:50"}
{"error":"getaddrinfo ENOTFOUND redis","level":"warn","message":"Erro no Redis","service":"vetpro-backend","timestamp":"2026-02-27 15:27:51"}
{"error":"getaddrinfo ENOTFOUND redis","level":"warn","message":"Erro no Redis","service":"vetpro-backend","timestamp":"2026-02-27 15:27:53"}
{"error":"getaddrinfo ENOTFOUND redis","level":"warn","message":"Erro no Redis","service":"vetpro-backend","timestamp":"2026-02-27 15:27:54"}
{"error":"getaddrinfo ENOTFOUND redis","level":"warn","message":"Erro no Redis","service":"vetpro-backend","timestamp":"2026-02-27 15:27:55"}
{"error":"getaddrinfo ENOTFOUND redis","level":"warn","message":"Erro no Redis","service":"vetpro-backend","timestamp":"2026-02-27 15:27:56"}
{"error":"getaddrinfo ENOTFOUND redis","level":"warn","message":"Erro no Redis","service":"vetpro-backend","timestamp":"2026-02-27 15:27:58"}
{"error":"getaddrinfo ENOTFOUND redis","level":"warn","message":"Erro no Redis","service":"vetpro-backend","timestamp":"2026-02-27 15:27:58"}
{"error":"getaddrinfo ENOTFOUND redis","level":"warn","message":"Erro no Redis","service":"vetpro-backend","timestamp":"2026-02-27 15:28:00"}
{"error":"getaddrinfo ENOTFOUND redis","level":"warn","message":"Erro no Redis","service":"vetpro-backend","timestamp":"2026-02-27 15:28:00"}
{"error":"getaddrinfo ENOTFOUND redis","level":"warn","message":"Erro no Redis","service":"vetpro-backend","timestamp":"2026-02-27 15:28:07"}
{"error":"getaddrinfo ENOTFOUND redis","level":"warn","message":"Erro no Redis","service":"vetpro-backend","timestamp":"2026-02-27 15:28:08"}
{"error":"getaddrinfo ENOTFOUND redis","level":"warn","message":"Erro no Redis","service":"vetpro-backend","timestamp":"2026-02-27 15:28:09"}
{"error":"getaddrinfo ENOTFOUND redis","level":"warn","message":"Erro no Redis","service":"vetpro-backend","timestamp":"2026-02-27 15:28:09"}
{"error":"getaddrinfo ENOTFOUND redis","level":"warn","message":"Erro no Redis","service":"vetpro-backend","timestamp":"2026-02-27 15:28:12"}
{"error":"getaddrinfo ENOTFOUND redis","level":"warn","message":"Erro no Redis","service":"vetpro-backend","timestamp":"2026-02-27 15:28:12"}
{"error":"getaddrinfo ENOTFOUND redis","level":"warn","message":"Erro no Redis","service":"vetpro-backend","timestamp":"2026-02-27 15:28:14"}
{"error":"getaddrinfo ENOTFOUND redis","level":"warn","message":"Erro no Redis","service":"vetpro-backend","timestamp":"2026-02-27 15:28:14"}
{"error":"getaddrinfo ENOTFOUND redis","level":"warn","message":"Erro no Redis","service":"vetpro-backend","timestamp":"2026-02-27 15:28:16"}
{"error":"getaddrinfo ENOTFOUND redis","level":"warn","message":"Erro no Redis","service":"vetpro-backend","timestamp":"2026-02-27 15:28:17"}
{"error":"getaddrinfo ENOTFOUND redis","level":"warn","message":"Erro no Redis","service":"vetpro-backend","timestamp":"2026-02-27 15:28:18"}
{"error":"getaddrinfo ENOTFOUND redis","level":"warn","message":"Erro no Redis","service":"vetpro-backend","timestamp":"2026-02-27 15:28:19"}
{"error":"getaddrinfo ENOTFOUND redis","level":"warn","message":"Erro no Redis","service":"vetpro-backend","timestamp":"2026-02-27 15:28:21"}
{"error":"getaddrinfo ENOTFOUND redis","level":"warn","message":"Erro no Redis","service":"vetpro-backend","timestamp":"2026-02-27 15:28:22"}
{"error":"getaddrinfo ENOTFOUND redis","level":"warn","message":"Erro no Redis","service":"vetpro-backend","timestamp":"2026-02-27 15:28:27"}
{"error":"getaddrinfo ENOTFOUND redis","level":"warn","message":"Erro no Redis","service":"vetpro-backend","timestamp":"2026-02-27 15:28:28"}
{"error":"getaddrinfo ENOTFOUND redis","level":"warn","message":"Erro no Redis","service":"vetpro-backend","timestamp":"2026-02-27 15:28:30"}
{"error":"getaddrinfo ENOTFOUND redis","level":"warn","message":"Erro no Redis","service":"vetpro-backend","timestamp":"2026-02-27 15:28:31"}
{"error":"getaddrinfo ENOTFOUND redis","level":"warn","message":"Erro no Redis","service":"vetpro-backend","timestamp":"2026-02-27 15:28:32"}
{"error":"getaddrinfo ENOTFOUND redis","level":"warn","message":"Erro no Redis","service":"vetpro-backend","timestamp":"2026-02-27 15:28:33"}
{"error":"getaddrinfo ENOTFOUND redis","level":"warn","message":"Erro no Redis","service":"vetpro-backend","timestamp":"2026-02-27 15:28:35"}
{"error":"getaddrinfo ENOTFOUND redis","level":"warn","message":"Erro no Redis","service":"vetpro-backend","timestamp":"2026-02-27 15:28:36"}
{"error":"getaddrinfo ENOTFOUND redis","level":"warn","message":"Erro no Redis","service":"vetpro-backend","timestamp":"2026-02-27 15:28:37"}
{"error":"getaddrinfo ENOTFOUND redis","level":"warn","message":"Erro no Redis","service":"vetpro-backend","timestamp":"2026-02-27 15:28:37"}
{"error":"getaddrinfo ENOTFOUND redis","level":"warn","message":"Erro no Redis","service":"vetpro-backend","timestamp":"2026-02-27 15:28:40"}
{"error":"getaddrinfo ENOTFOUND redis","level":"warn","message":"Erro no Redis","service":"vetpro-backend","timestamp":"2026-02-27 15:28:40"}
{"error":"getaddrinfo ENOTFOUND redis","level":"warn","message":"Erro no Redis","service":"vetpro-backend","timestamp":"2026-02-27 15:28:42"}
{"error":"getaddrinfo ENOTFOUND redis","level":"warn","message":"Erro no Redis","service":"vetpro-backend","timestamp":"2026-02-27 15:28:42"}
{"error":"getaddrinfo ENOTFOUND redis","level":"warn","message":"Erro no Redis","service":"vetpro-backend","timestamp":"2026-02-27 15:28:49"}
{"error":"getaddrinfo ENOTFOUND redis","level":"warn","message":"Erro no Redis","service":"vetpro-backend","timestamp":"2026-02-27 15:28:49"}
{"error":"getaddrinfo ENOTFOUND redis","level":"warn","message":"Erro no Redis","service":"vetpro-backend","timestamp":"2026-02-27 15:28:51"}
{"error":"getaddrinfo ENOTFOUND redis","level":"warn","message":"Erro no Redis","service":"vetpro-backend","timestamp":"2026-02-27 15:28:51"}
{"error":"getaddrinfo ENOTFOUND redis","level":"warn","message":"Erro no Redis","service":"vetpro-backend","timestamp":"2026-02-27 15:28:54"}
{"error":"getaddrinfo ENOTFOUND redis","level":"warn","message":"Erro no Redis","service":"vetpro-backend","timestamp":"2026-02-27 15:28:54"}
{"error":"getaddrinfo ENOTFOUND redis","level":"warn","message":"Erro no Redis","service":"vetpro-backend","timestamp":"2026-02-27 15:28:55"}
{"error":"getaddrinfo ENOTFOUND redis","level":"warn","message":"Erro no Redis","service":"vetpro-backend","timestamp":"2026-02-27 15:28:56"}
{"error":"getaddrinfo ENOTFOUND redis","level":"warn","message":"Erro no Redis","service":"vetpro-backend","timestamp":"2026-02-27 15:28:58"}
{"error":"getaddrinfo ENOTFOUND redis","level":"warn","message":"Erro no Redis","service":"vetpro-backend","timestamp":"2026-02-27 15:28:59"}
{"error":"getaddrinfo ENOTFOUND redis","level":"warn","message":"Erro no Redis","service":"vetpro-backend","timestamp":"2026-02-27 15:29:00"}
{"error":"getaddrinfo ENOTFOUND redis","level":"warn","message":"Erro no Redis","service":"vetpro-backend","timestamp":"2026-02-27 15:29:01"}
{"error":"getaddrinfo ENOTFOUND redis","level":"warn","message":"Erro no Redis","service":"vetpro-backend","timestamp":"2026-02-27 15:29:03"}
{"error":"getaddrinfo ENOTFOUND redis","level":"warn","message":"Erro no Redis","service":"vetpro-backend","timestamp":"2026-02-27 15:29:03"}
{"error":"getaddrinfo ENOTFOUND redis","level":"warn","message":"Erro no Redis","service":"vetpro-backend","timestamp":"2026-02-27 15:29:09"}
{"error":"getaddrinfo ENOTFOUND redis","level":"warn","message":"Erro no Redis","service":"vetpro-backend","timestamp":"2026-02-27 15:29:10"}
{"error":"getaddrinfo ENOTFOUND redis","level":"warn","message":"Erro no Redis","service":"vetpro-backend","timestamp":"2026-02-27 15:29:12"}
{"error":"getaddrinfo ENOTFOUND redis","level":"warn","message":"Erro no Redis","service":"vetpro-backend","timestamp":"2026-02-27 15:29:13"}
{"error":"getaddrinfo ENOTFOUND redis","level":"warn","message":"Erro no Redis","service":"vetpro-backend","timestamp":"2026-02-27 15:29:14"}
{"error":"getaddrinfo ENOTFOUND redis","level":"warn","message":"Erro no Redis","service":"vetpro-backend","timestamp":"2026-02-27 15:29:14"}
{"error":"getaddrinfo ENOTFOUND redis","level":"warn","message":"Erro no Redis","service":"vetpro-backend","timestamp":"2026-02-27 15:29:17"}
{"error":"getaddrinfo ENOTFOUND redis","level":"warn","message":"Erro no Redis","service":"vetpro-backend","timestamp":"2026-02-27 15:29:17"}
{"error":"getaddrinfo ENOTFOUND redis","level":"warn","message":"Erro no Redis","service":"vetpro-backend","timestamp":"2026-02-27 15:29:19"}
{"error":"getaddrinfo ENOTFOUND redis","level":"warn","message":"Erro no Redis","service":"vetpro-backend","timestamp":"2026-02-27 15:29:19"}
{"error":"getaddrinfo ENOTFOUND redis","level":"warn","message":"Erro no Redis","service":"vetpro-backend","timestamp":"2026-02-27 15:29:22"}
{"error":"getaddrinfo ENOTFOUND redis","level":"warn","message":"Erro no Redis","service":"vetpro-backend","timestamp":"2026-02-27 15:29:22"}
{"error":"getaddrinfo ENOTFOUND redis","level":"warn","message":"Erro no Redis","service":"vetpro-backend","timestamp":"2026-02-27 15:29:23"}
{"error":"getaddrinfo ENOTFOUND redis","level":"warn","message":"Erro no Redis","service":"vetpro-backend","timestamp":"2026-02-27 15:29:24"}
{"error":"getaddrinfo ENOTFOUND redis","level":"warn","message":"Erro no Redis","service":"vetpro-backend","timestamp":"2026-02-27 15:29:31"}
{"error":"getaddrinfo ENOTFOUND redis","level":"warn","message":"Erro no Redis","service":"vetpro-backend","timestamp":"2026-02-27 15:29:31"}
{"error":"getaddrinfo ENOTFOUND redis","level":"warn","message":"Erro no Redis","service":"vetpro-backend","timestamp":"2026-02-27 15:29:32"}
{"error":"getaddrinfo ENOTFOUND redis","level":"warn","message":"Erro no Redis","service":"vetpro-backend","timestamp":"2026-02-27 15:29:33"}
{"error":"getaddrinfo ENOTFOUND redis","level":"warn","message":"Erro no Redis","service":"vetpro-backend","timestamp":"2026-02-27 15:29:35"}
{"error":"getaddrinfo ENOTFOUND redis","level":"warn","message":"Erro no Redis","service":"vetpro-backend","timestamp":"2026-02-27 15:29:36"}
{"error":"getaddrinfo ENOTFOUND redis","level":"warn","message":"Erro no Redis","service":"vetpro-backend","timestamp":"2026-02-27 15:29:37"}
{"error":"getaddrinfo ENOTFOUND redis","level":"warn","message":"Erro no Redis","service":"vetpro-backend","timestamp":"2026-02-27 15:29:38"}
{"error":"getaddrinfo ENOTFOUND redis","level":"warn","message":"Erro no Redis","service":"vetpro-backend","timestamp":"2026-02-27 15:29:40"}
{"error":"getaddrinfo ENOTFOUND redis","level":"warn","message":"Erro no Redis","service":"vetpro-backend","timestamp":"2026-02-27 15:29:41"}
{"error":"getaddrinfo ENOTFOUND redis","level":"warn","message":"Erro no Redis","service":"vetpro-backend","timestamp":"2026-02-27 15:29:42"}
{"error":"getaddrinfo ENOTFOUND redis","level":"warn","message":"Erro no Redis","service":"vetpro-backend","timestamp":"2026-02-27 15:29:42"}
{"error":"getaddrinfo ENOTFOUND redis","level":"warn","message":"Erro no Redis","service":"vetpro-backend","timestamp":"2026-02-27 15:29:45"}
{"error":"getaddrinfo ENOTFOUND redis","level":"warn","message":"Erro no Redis","service":"vetpro-backend","timestamp":"2026-02-27 15:29:45"}
{"error":"getaddrinfo ENOTFOUND redis","level":"warn","message":"Erro no Redis","service":"vetpro-backend","timestamp":"2026-02-27 15:29:51"}
{"error":"getaddrinfo ENOTFOUND redis","level":"warn","message":"Erro no Redis","service":"vetpro-backend","timestamp":"2026-02-27 15:29:52"}
{"error":"getaddrinfo ENOTFOUND redis","level":"warn","message":"Erro no Redis","service":"vetpro-backend","timestamp":"2026-02-27 15:29:54"}
{"error":"getaddrinfo ENOTFOUND redis","level":"warn","message":"Erro no Redis","service":"vetpro-backend","timestamp":"2026-02-27 15:29:54"}
{"error":"getaddrinfo ENOTFOUND redis","level":"warn","message":"Erro no Redis","service":"vetpro-backend","timestamp":"2026-02-27 15:29:56"}
{"error":"getaddrinfo ENOTFOUND redis","level":"warn","message":"Erro no Redis","service":"vetpro-backend","timestamp":"2026-02-27 15:29:56"}
{"error":"getaddrinfo ENOTFOUND redis","level":"warn","message":"Erro no Redis","service":"vetpro-backend","timestamp":"2026-02-27 15:29:59"}
{"error":"getaddrinfo ENOTFOUND redis","level":"warn","message":"Erro no Redis","service":"vetpro-backend","timestamp":"2026-02-27 15:29:59"}
{"error":"getaddrinfo ENOTFOUND redis","level":"warn","message":"Erro no Redis","service":"vetpro-backend","timestamp":"2026-02-27 15:30:00"}
{"error":"getaddrinfo ENOTFOUND redis","level":"warn","message":"Erro no Redis","service":"vetpro-backend","timestamp":"2026-02-27 15:30:01"}
{"error":"getaddrinfo ENOTFOUND redis","level":"warn","message":"Erro no Redis","service":"vetpro-backend","timestamp":"2026-02-27 15:30:03"}
{"error":"getaddrinfo ENOTFOUND redis","level":"warn","message":"Erro no Redis","service":"vetpro-backend","timestamp":"2026-02-27 15:30:04"}
{"error":"getaddrinfo ENOTFOUND redis","level":"warn","message":"Erro no Redis","service":"vetpro-backend","timestamp":"2026-02-27 15:30:05"}
{"error":"getaddrinfo ENOTFOUND redis","level":"warn","message":"Erro no Redis","service":"vetpro-backend","timestamp":"2026-02-27 15:30:06"}
{"error":"getaddrinfo ENOTFOUND redis","level":"warn","message":"Erro no Redis","service":"vetpro-backend","timestamp":"2026-02-27 15:30:12"}
{"error":"getaddrinfo ENOTFOUND redis","level":"warn","message":"Erro no Redis","service":"vetpro-backend","timestamp":"2026-02-27 15:30:13"}
{"error":"getaddrinfo ENOTFOUND redis","level":"warn","message":"Erro no Redis","service":"vetpro-backend","timestamp":"2026-02-27 15:30:14"}
{"error":"getaddrinfo ENOTFOUND redis","level":"warn","message":"Erro no Redis","service":"vetpro-backend","timestamp":"2026-02-27 15:30:15"}
{"error":"getaddrinfo ENOTFOUND redis","level":"warn","message":"Erro no Redis","service":"vetpro-backend","timestamp":"2026-02-27 15:30:17"}
{"error":"getaddrinfo ENOTFOUND redis","level":"warn","message":"Erro no Redis","service":"vetpro-backend","timestamp":"2026-02-27 15:30:18"}
{"error":"getaddrinfo ENOTFOUND redis","level":"warn","message":"Erro no Redis","service":"vetpro-backend","timestamp":"2026-02-27 15:30:19"}
{"error":"getaddrinfo ENOTFOUND redis","level":"warn","message":"Erro no Redis","service":"vetpro-backend","timestamp":"2026-02-27 15:30:19"}
{"error":"getaddrinfo ENOTFOUND redis","level":"warn","message":"Erro no Redis","service":"vetpro-backend","timestamp":"2026-02-27 15:30:22"}
{"error":"getaddrinfo ENOTFOUND redis","level":"warn","message":"Erro no Redis","service":"vetpro-backend","timestamp":"2026-02-27 15:30:22"}
{"error":"getaddrinfo ENOTFOUND redis","level":"warn","message":"Erro no Redis","service":"vetpro-backend","timestamp":"2026-02-27 15:30:24"}
{"error":"getaddrinfo ENOTFOUND redis","level":"warn","message":"Erro no Redis","service":"vetpro-backend","timestamp":"2026-02-27 15:30:24"}
{"error":"getaddrinfo ENOTFOUND redis","level":"warn","message":"Erro no Redis","service":"vetpro-backend","timestamp":"2026-02-27 15:30:26"}
{"error":"getaddrinfo ENOTFOUND redis","level":"warn","message":"Erro no Redis","service":"vetpro-backend","timestamp":"2026-02-27 15:30:27"}
{"error":"getaddrinfo ENOTFOUND redis","level":"warn","message":"Erro no Redis","service":"vetpro-backend","timestamp":"2026-02-27 15:30:33"}
{"error":"getaddrinfo ENOTFOUND redis","level":"warn","message":"Erro no Redis","service":"vetpro-backend","timestamp":"2026-02-27 15:30:33"}
{"error":"getaddrinfo ENOTFOUND redis","level":"warn","message":"Erro no Redis","service":"vetpro-backend","timestamp":"2026-02-27 15:30:36"}
{"error":"getaddrinfo ENOTFOUND redis","level":"warn","message":"Erro no Redis","service":"vetpro-backend","timestamp":"2026-02-27 15:30:36"}
{"error":"getaddrinfo ENOTFOUND redis","level":"warn","message":"Erro no Redis","service":"vetpro-backend","timestamp":"2026-02-27 15:30:37"}
{"error":"getaddrinfo ENOTFOUND redis","level":"warn","message":"Erro no Redis","service":"vetpro-backend","timestamp":"2026-02-27 15:30:38"}
{"error":"getaddrinfo ENOTFOUND redis","level":"warn","message":"Erro no Redis","service":"vetpro-backend","timestamp":"2026-02-27 15:30:40"}
{"error":"getaddrinfo ENOTFOUND redis","level":"warn","message":"Erro no Redis","service":"vetpro-backend","timestamp":"2026-02-27 15:30:41"}
{"error":"getaddrinfo ENOTFOUND redis","level":"warn","message":"Erro no Redis","service":"vetpro-backend","timestamp":"2026-02-27 15:30:42"}
{"error":"getaddrinfo ENOTFOUND redis","level":"warn","message":"Erro no Redis","service":"vetpro-backend","timestamp":"2026-02-27 15:30:43"}
{"error":"getaddrinfo ENOTFOUND redis","level":"warn","message":"Erro no Redis","service":"vetpro-backend","timestamp":"2026-02-27 15:30:45"}
{"error":"getaddrinfo ENOTFOUND redis","level":"warn","message":"Erro no Redis","service":"vetpro-backend","timestamp":"2026-02-27 15:30:46"}
{"error":"getaddrinfo ENOTFOUND redis","level":"warn","message":"Erro no Redis","service":"vetpro-backend","timestamp":"2026-02-27 15:30:47"}
{"error":"getaddrinfo ENOTFOUND redis","level":"warn","message":"Erro no Redis","service":"vetpro-backend","timestamp":"2026-02-27 15:30:47"}
{"error":"getaddrinfo ENOTFOUND redis","level":"warn","message":"Erro no Redis","service":"vetpro-backend","timestamp":"2026-02-27 15:30:54"}
{"error":"getaddrinfo ENOTFOUND redis","level":"warn","message":"Erro no Redis","service":"vetpro-backend","timestamp":"2026-02-27 15:30:55"}
{"error":"getaddrinfo ENOTFOUND redis","level":"warn","message":"Erro no Redis","service":"vetpro-backend","timestamp":"2026-02-27 15:30:56"}
{"error":"getaddrinfo ENOTFOUND redis","level":"warn","message":"Erro no Redis","service":"vetpro-backend","timestamp":"2026-02-27 15:30:57"}
{"error":"getaddrinfo ENOTFOUND redis","level":"warn","message":"Erro no Redis","service":"vetpro-backend","timestamp":"2026-02-27 15:30:59"}
{"error":"getaddrinfo ENOTFOUND redis","level":"warn","message":"Erro no Redis","service":"vetpro-backend","timestamp":"2026-02-27 15:30:59"}
{"error":"getaddrinfo ENOTFOUND redis","level":"warn","message":"Erro no Redis","service":"vetpro-backend","timestamp":"2026-02-27 15:31:01"}
{"error":"getaddrinfo ENOTFOUND redis","level":"warn","message":"Erro no Redis","service":"vetpro-backend","timestamp":"2026-02-27 15:31:01"}
{"error":"getaddrinfo ENOTFOUND redis","level":"warn","message":"Erro no Redis","service":"vetpro-backend","timestamp":"2026-02-27 15:31:04"}
{"error":"getaddrinfo ENOTFOUND redis","level":"warn","message":"Erro no Redis","service":"vetpro-backend","timestamp":"2026-02-27 15:31:04"}
{"error":"getaddrinfo ENOTFOUND redis","level":"warn","message":"Erro no Redis","service":"vetpro-backend","timestamp":"2026-02-27 15:31:05"}
{"error":"getaddrinfo ENOTFOUND redis","level":"warn","message":"Erro no Redis","service":"vetpro-backend","timestamp":"2026-02-27 15:31:06"}
{"error":"getaddrinfo ENOTFOUND redis","level":"warn","message":"Erro no Redis","service":"vetpro-backend","timestamp":"2026-02-27 15:31:08"}
{"error":"getaddrinfo ENOTFOUND redis","level":"warn","message":"Erro no Redis","service":"vetpro-backend","timestamp":"2026-02-27 15:31:09"}
{"error":"getaddrinfo ENOTFOUND redis","level":"warn","message":"Erro no Redis","service":"vetpro-backend","timestamp":"2026-02-27 15:31:15"}
{"error":"getaddrinfo ENOTFOUND redis","level":"warn","message":"Erro no Redis","service":"vetpro-backend","timestamp":"2026-02-27 15:31:15"}
{"error":"getaddrinfo ENOTFOUND redis","level":"warn","message":"Erro no Redis","service":"vetpro-backend","timestamp":"2026-02-27 15:31:17"}
{"error":"getaddrinfo ENOTFOUND redis","level":"warn","message":"Erro no Redis","service":"vetpro-backend","timestamp":"2026-02-27 15:31:18"}
{"error":"getaddrinfo ENOTFOUND redis","level":"warn","message":"Erro no Redis","service":"vetpro-backend","timestamp":"2026-02-27 15:31:19"}
{"error":"getaddrinfo ENOTFOUND redis","level":"warn","message":"Erro no Redis","service":"vetpro-backend","timestamp":"2026-02-27 15:31:20"}
{"error":"getaddrinfo ENOTFOUND redis","level":"warn","message":"Erro no Redis","service":"vetpro-backend","timestamp":"2026-02-27 15:31:22"}
{"error":"getaddrinfo ENOTFOUND redis","level":"warn","message":"Erro no Redis","service":"vetpro-backend","timestamp":"2026-02-27 15:31:23"}
{"error":"getaddrinfo ENOTFOUND redis","level":"warn","message":"Erro no Redis","service":"vetpro-backend","timestamp":"2026-02-27 15:31:24"}
{"error":"getaddrinfo ENOTFOUND redis","level":"warn","message":"Erro no Redis","service":"vetpro-backend","timestamp":"2026-02-27 15:31:24"}
{"error":"getaddrinfo ENOTFOUND redis","level":"warn","message":"Erro no Redis","service":"vetpro-backend","timestamp":"2026-02-27 15:31:27"}
{"error":"getaddrinfo ENOTFOUND redis","level":"warn","message":"Erro no Redis","service":"vetpro-backend","timestamp":"2026-02-27 15:31:27"}
{"error":"getaddrinfo ENOTFOUND redis","level":"warn","message":"Erro no Redis","service":"vetpro-backend","timestamp":"2026-02-27 15:31:29"}
{"error":"getaddrinfo ENOTFOUND redis","level":"warn","message":"Erro no Redis","service":"vetpro-backend","timestamp":"2026-02-27 15:31:29"}
{"error":"getaddrinfo ENOTFOUND redis","level":"warn","message":"Erro no Redis","service":"vetpro-backend","timestamp":"2026-02-27 15:31:36"}
{"error":"getaddrinfo ENOTFOUND redis","level":"warn","message":"Erro no Redis","service":"vetpro-backend","timestamp":"2026-02-27 15:31:37"}
{"error":"getaddrinfo ENOTFOUND redis","level":"warn","message":"Erro no Redis","service":"vetpro-backend","timestamp":"2026-02-27 15:31:38"}
{"error":"getaddrinfo ENOTFOUND redis","level":"warn","message":"Erro no Redis","service":"vetpro-backend","timestamp":"2026-02-27 15:31:38"}
{"error":"getaddrinfo ENOTFOUND redis","level":"warn","message":"Erro no Redis","service":"vetpro-backend","timestamp":"2026-02-27 15:31:41"}
{"error":"getaddrinfo ENOTFOUND redis","level":"warn","message":"Erro no Redis","service":"vetpro-backend","timestamp":"2026-02-27 15:31:41"}
{"error":"getaddrinfo ENOTFOUND redis","level":"warn","message":"Erro no Redis","service":"vetpro-backend","timestamp":"2026-02-27 15:31:42"}
{"error":"getaddrinfo ENOTFOUND redis","level":"warn","message":"Erro no Redis","service":"vetpro-backend","timestamp":"2026-02-27 15:31:43"}
{"error":"getaddrinfo ENOTFOUND redis","level":"warn","message":"Erro no Redis","service":"vetpro-backend","timestamp":"2026-02-27 15:31:45"}
{"error":"getaddrinfo ENOTFOUND redis","level":"warn","message":"Erro no Redis","service":"vetpro-backend","timestamp":"2026-02-27 15:31:46"}
{"error":"getaddrinfo ENOTFOUND redis","level":"warn","message":"Erro no Redis","service":"vetpro-backend","timestamp":"2026-02-27 15:31:47"}
{"error":"getaddrinfo ENOTFOUND redis","level":"warn","message":"Erro no Redis","service":"vetpro-backend","timestamp":"2026-02-27 15:31:48"}
{"error":"getaddrinfo ENOTFOUND redis","level":"warn","message":"Erro no Redis","service":"vetpro-backend","timestamp":"2026-02-27 15:31:50"}
{"error":"getaddrinfo ENOTFOUND redis","level":"warn","message":"Erro no Redis","service":"vetpro-backend","timestamp":"2026-02-27 15:31:51"}
{"error":"getaddrinfo ENOTFOUND redis","level":"warn","message":"Erro no Redis","service":"vetpro-backend","timestamp":"2026-02-27 15:31:56"}
{"error":"getaddrinfo ENOTFOUND redis","level":"warn","message":"Erro no Redis","service":"vetpro-backend","timestamp":"2026-02-27 15:31:57"}
{"error":"getaddrinfo ENOTFOUND redis","level":"warn","message":"Erro no Redis","service":"vetpro-backend","timestamp":"2026-02-27 15:31:59"}
{"error":"getaddrinfo ENOTFOUND redis","level":"warn","message":"Erro no Redis","service":"vetpro-backend","timestamp":"2026-02-27 15:32:00"}
{"error":"getaddrinfo ENOTFOUND redis","level":"warn","message":"Erro no Redis","service":"vetpro-backend","timestamp":"2026-02-27 15:32:01"}
{"error":"getaddrinfo ENOTFOUND redis","level":"warn","message":"Erro no Redis","service":"vetpro-backend","timestamp":"2026-02-27 15:32:02"}
{"error":"getaddrinfo ENOTFOUND redis","level":"warn","message":"Erro no Redis","service":"vetpro-backend","timestamp":"2026-02-27 15:32:04"}
{"error":"getaddrinfo ENOTFOUND redis","level":"warn","message":"Erro no Redis","service":"vetpro-backend","timestamp":"2026-02-27 15:32:04"}
{"error":"getaddrinfo ENOTFOUND redis","level":"warn","message":"Erro no Redis","service":"vetpro-backend","timestamp":"2026-02-27 15:32:06"}
{"error":"getaddrinfo ENOTFOUND redis","level":"warn","message":"Erro no Redis","service":"vetpro-backend","timestamp":"2026-02-27 15:32:06"}
{"error":"getaddrinfo ENOTFOUND redis","level":"warn","message":"Erro no Redis","service":"vetpro-backend","timestamp":"2026-02-27 15:32:09"}
{"error":"getaddrinfo ENOTFOUND redis","level":"warn","message":"Erro no Redis","service":"vetpro-backend","timestamp":"2026-02-27 15:32:09"}
{"error":"getaddrinfo ENOTFOUND redis","level":"warn","message":"Erro no Redis","service":"vetpro-backend","timestamp":"2026-02-27 15:32:10"}
{"error":"getaddrinfo ENOTFOUND redis","level":"warn","message":"Erro no Redis","service":"vetpro-backend","timestamp":"2026-02-27 15:32:11"}
{"error":"getaddrinfo ENOTFOUND redis","level":"warn","message":"Erro no Redis","service":"vetpro-backend","timestamp":"2026-02-27 15:32:18"}
{"error":"getaddrinfo ENOTFOUND redis","level":"warn","message":"Erro no Redis","service":"vetpro-backend","timestamp":"2026-02-27 15:32:18"}
{"error":"getaddrinfo ENOTFOUND redis","level":"warn","message":"Erro no Redis","service":"vetpro-backend","timestamp":"2026-02-27 15:32:20"}
{"error":"getaddrinfo ENOTFOUND redis","level":"warn","message":"Erro no Redis","service":"vetpro-backend","timestamp":"2026-02-27 15:32:20"}
{"error":"getaddrinfo ENOTFOUND redis","level":"warn","message":"Erro no Redis","service":"vetpro-backend","timestamp":"2026-02-27 15:32:22"}
{"error":"getaddrinfo ENOTFOUND redis","level":"warn","message":"Erro no Redis","service":"vetpro-backend","timestamp":"2026-02-27 15:32:23"}
{"error":"getaddrinfo ENOTFOUND redis","level":"warn","message":"Erro no Redis","service":"vetpro-backend","timestamp":"2026-02-27 15:32:24"}
{"error":"getaddrinfo ENOTFOUND redis","level":"warn","message":"Erro no Redis","service":"vetpro-backend","timestamp":"2026-02-27 15:32:25"}
{"error":"getaddrinfo ENOTFOUND redis","level":"warn","message":"Erro no Redis","service":"vetpro-backend","timestamp":"2026-02-27 15:32:27"}
{"error":"getaddrinfo ENOTFOUND redis","level":"warn","message":"Erro no Redis","service":"vetpro-backend","timestamp":"2026-02-27 15:32:28"}
{"error":"getaddrinfo ENOTFOUND redis","level":"warn","message":"Erro no Redis","service":"vetpro-backend","timestamp":"2026-02-27 15:32:29"}
{"error":"getaddrinfo ENOTFOUND redis","level":"warn","message":"Erro no Redis","service":"vetpro-backend","timestamp":"2026-02-27 15:32:29"}
{"error":"getaddrinfo ENOTFOUND redis","level":"warn","message":"Erro no Redis","service":"vetpro-backend","timestamp":"2026-02-27 15:32:32"}
{"error":"getaddrinfo ENOTFOUND redis","level":"warn","message":"Erro no Redis","service":"vetpro-backend","timestamp":"2026-02-27 15:32:32"}
{"error":"getaddrinfo ENOTFOUND redis","level":"warn","message":"Erro no Redis","service":"vetpro-backend","timestamp":"2026-02-27 15:32:38"}
{"error":"getaddrinfo ENOTFOUND redis","level":"warn","message":"Erro no Redis","service":"vetpro-backend","timestamp":"2026-02-27 15:32:39"}
{"error":"getaddrinfo ENOTFOUND redis","level":"warn","message":"Erro no Redis","service":"vetpro-backend","timestamp":"2026-02-27 15:32:41"}
{"error":"getaddrinfo ENOTFOUND redis","level":"warn","message":"Erro no Redis","service":"vetpro-backend","timestamp":"2026-02-27 15:32:41"}
{"error":"getaddrinfo ENOTFOUND redis","level":"warn","message":"Erro no Redis","service":"vetpro-backend","timestamp":"2026-02-27 15:32:43"}
{"error":"getaddrinfo ENOTFOUND redis","level":"warn","message":"Erro no Redis","service":"vetpro-backend","timestamp":"2026-02-27 15:32:43"}
{"error":"getaddrinfo ENOTFOUND redis","level":"warn","message":"Erro no Redis","service":"vetpro-backend","timestamp":"2026-02-27 15:32:46"}
{"error":"getaddrinfo ENOTFOUND redis","level":"warn","message":"Erro no Redis","service":"vetpro-backend","timestamp":"2026-02-27 15:32:46"}
{"error":"getaddrinfo ENOTFOUND redis","level":"warn","message":"Erro no Redis","service":"vetpro-backend","timestamp":"2026-02-27 15:32:47"}
{"error":"getaddrinfo ENOTFOUND redis","level":"warn","message":"Erro no Redis","service":"vetpro-backend","timestamp":"2026-02-27 15:32:48"}
{"error":"getaddrinfo ENOTFOUND redis","level":"warn","message":"Erro no Redis","service":"vetpro-backend","timestamp":"2026-02-27 15:32:50"}
{"error":"getaddrinfo ENOTFOUND redis","level":"warn","message":"Erro no Redis","service":"vetpro-backend","timestamp":"2026-02-27 15:32:51"}
{"error":"getaddrinfo ENOTFOUND redis","level":"warn","message":"Erro no Redis","service":"vetpro-backend","timestamp":"2026-02-27 15:32:52"}
{"error":"getaddrinfo ENOTFOUND redis","level":"warn","message":"Erro no Redis","service":"vetpro-backend","timestamp":"2026-02-27 15:32:53"}
{"error":"getaddrinfo ENOTFOUND redis","level":"warn","message":"Erro no Redis","service":"vetpro-backend","timestamp":"2026-02-27 15:33:00"}
{"error":"getaddrinfo ENOTFOUND redis","level":"warn","message":"Erro no Redis","service":"vetpro-backend","timestamp":"2026-02-27 15:33:00"}
{"error":"getaddrinfo ENOTFOUND redis","level":"warn","message":"Erro no Redis","service":"vetpro-backend","timestamp":"2026-02-27 15:33:01"}
{"error":"getaddrinfo ENOTFOUND redis","level":"warn","message":"Erro no Redis","service":"vetpro-backend","timestamp":"2026-02-27 15:33:02"}
{"error":"getaddrinfo ENOTFOUND redis","level":"warn","message":"Erro no Redis","service":"vetpro-backend","timestamp":"2026-02-27 15:33:04"}
{"error":"getaddrinfo ENOTFOUND redis","level":"warn","message":"Erro no Redis","service":"vetpro-backend","timestamp":"2026-02-27 15:33:05"}
{"error":"getaddrinfo ENOTFOUND redis","level":"warn","message":"Erro no Redis","service":"vetpro-backend","timestamp":"2026-02-27 15:33:06"}
{"error":"getaddrinfo ENOTFOUND redis","level":"warn","message":"Erro no Redis","service":"vetpro-backend","timestamp":"2026-02-27 15:33:07"}
{"error":"getaddrinfo ENOTFOUND redis","level":"warn","message":"Erro no Redis","service":"vetpro-backend","timestamp":"2026-02-27 15:33:09"}
{"error":"getaddrinfo ENOTFOUND redis","level":"warn","message":"Erro no Redis","service":"vetpro-backend","timestamp":"2026-02-27 15:33:09"}
{"error":"getaddrinfo ENOTFOUND redis","level":"warn","message":"Erro no Redis","service":"vetpro-backend","timestamp":"2026-02-27 15:33:11"}
{"error":"getaddrinfo ENOTFOUND redis","level":"warn","message":"Erro no Redis","service":"vetpro-backend","timestamp":"2026-02-27 15:33:11"}
{"error":"getaddrinfo ENOTFOUND redis","level":"warn","message":"Erro no Redis","service":"vetpro-backend","timestamp":"2026-02-27 15:33:14"}
{"error":"getaddrinfo ENOTFOUND redis","level":"warn","message":"Erro no Redis","service":"vetpro-backend","timestamp":"2026-02-27 15:33:14"}
{"error":"getaddrinfo ENOTFOUND redis","level":"warn","message":"Erro no Redis","service":"vetpro-backend","timestamp":"2026-02-27 15:33:20"}
{"error":"getaddrinfo ENOTFOUND redis","level":"warn","message":"Erro no Redis","service":"vetpro-backend","timestamp":"2026-02-27 15:33:20"}
{"error":"getaddrinfo ENOTFOUND redis","level":"warn","message":"Erro no Redis","service":"vetpro-backend","timestamp":"2026-02-27 15:33:23"}
{"error":"getaddrinfo ENOTFOUND redis","level":"warn","message":"Erro no Redis","service":"vetpro-backend","timestamp":"2026-02-27 15:33:23"}
{"error":"getaddrinfo ENOTFOUND redis","level":"warn","message":"Erro no Redis","service":"vetpro-backend","timestamp":"2026-02-27 15:33:25"}
{"error":"getaddrinfo ENOTFOUND redis","level":"warn","message":"Erro no Redis","service":"vetpro-backend","timestamp":"2026-02-27 15:33:25"}
{"error":"getaddrinfo ENOTFOUND redis","level":"warn","message":"Erro no Redis","service":"vetpro-backend","timestamp":"2026-02-27 15:33:27"}
{"error":"getaddrinfo ENOTFOUND redis","level":"warn","message":"Erro no Redis","service":"vetpro-backend","timestamp":"2026-02-27 15:33:28"}
{"error":"getaddrinfo ENOTFOUND redis","level":"warn","message":"Erro no Redis","service":"vetpro-backend","timestamp":"2026-02-27 15:33:29"}
{"error":"getaddrinfo ENOTFOUND redis","level":"warn","message":"Erro no Redis","service":"vetpro-backend","timestamp":"2026-02-27 15:33:30"}
{"error":"getaddrinfo ENOTFOUND redis","level":"warn","message":"Erro no Redis","service":"vetpro-backend","timestamp":"2026-02-27 15:33:32"}
{"error":"getaddrinfo ENOTFOUND redis","level":"warn","message":"Erro no Redis","service":"vetpro-backend","timestamp":"2026-02-27 15:33:33"}
{"error":"getaddrinfo ENOTFOUND redis","level":"warn","message":"Erro no Redis","service":"vetpro-backend","timestamp":"2026-02-27 15:33:34"}
{"error":"getaddrinfo ENOTFOUND redis","level":"warn","message":"Erro no Redis","service":"vetpro-backend","timestamp":"2026-02-27 15:33:34"}
{"error":"getaddrinfo ENOTFOUND redis","level":"warn","message":"Erro no Redis","service":"vetpro-backend","timestamp":"2026-02-27 15:33:41"}
{"error":"getaddrinfo ENOTFOUND redis","level":"warn","message":"Erro no Redis","service":"vetpro-backend","timestamp":"2026-02-27 15:33:42"}
{"error":"getaddrinfo ENOTFOUND redis","level":"warn","message":"Erro no Redis","service":"vetpro-backend","timestamp":"2026-02-27 15:33:43"}
{"error":"getaddrinfo ENOTFOUND redis","level":"warn","message":"Erro no Redis","service":"vetpro-backend","timestamp":"2026-02-27 15:33:44"}
{"error":"getaddrinfo ENOTFOUND redis","level":"warn","message":"Erro no Redis","service":"vetpro-backend","timestamp":"2026-02-27 15:33:46"}
{"error":"getaddrinfo ENOTFOUND redis","level":"warn","message":"Erro no Redis","service":"vetpro-backend","timestamp":"2026-02-27 15:33:46"}
{"error":"getaddrinfo ENOTFOUND redis","level":"warn","message":"Erro no Redis","service":"vetpro-backend","timestamp":"2026-02-27 15:33:48"}
{"error":"getaddrinfo ENOTFOUND redis","level":"warn","message":"Erro no Redis","service":"vetpro-backend","timestamp":"2026-02-27 15:33:48"}
{"error":"getaddrinfo ENOTFOUND redis","level":"warn","message":"Erro no Redis","service":"vetpro-backend","timestamp":"2026-02-27 15:33:51"}
{"error":"getaddrinfo ENOTFOUND redis","level":"warn","message":"Erro no Redis","service":"vetpro-backend","timestamp":"2026-02-27 15:33:51"}
{"error":"getaddrinfo ENOTFOUND redis","level":"warn","message":"Erro no Redis","service":"vetpro-backend","timestamp":"2026-02-27 15:33:52"}
{"error":"getaddrinfo ENOTFOUND redis","level":"warn","message":"Erro no Redis","service":"vetpro-backend","timestamp":"2026-02-27 15:33:53"}
{"error":"getaddrinfo ENOTFOUND redis","level":"warn","message":"Erro no Redis","service":"vetpro-backend","timestamp":"2026-02-27 15:33:55"}
{"error":"getaddrinfo ENOTFOUND redis","level":"warn","message":"Erro no Redis","service":"vetpro-backend","timestamp":"2026-02-27 15:33:56"}
{"error":"getaddrinfo ENOTFOUND redis","level":"warn","message":"Erro no Redis","service":"vetpro-backend","timestamp":"2026-02-27 15:34:02"}
{"error":"getaddrinfo ENOTFOUND redis","level":"warn","message":"Erro no Redis","service":"vetpro-backend","timestamp":"2026-02-27 15:34:02"}
{"error":"getaddrinfo ENOTFOUND redis","level":"warn","message":"Erro no Redis","service":"vetpro-backend","timestamp":"2026-02-27 15:34:05"}
{"error":"getaddrinfo ENOTFOUND redis","level":"warn","message":"Erro no Redis","service":"vetpro-backend","timestamp":"2026-02-27 15:34:05"}
{"error":"getaddrinfo ENOTFOUND redis","level":"warn","message":"Erro no Redis","service":"vetpro-backend","timestamp":"2026-02-27 15:34:06"}
{"error":"getaddrinfo ENOTFOUND redis","level":"warn","message":"Erro no Redis","service":"vetpro-backend","timestamp":"2026-02-27 15:34:07"}
{"error":"getaddrinfo ENOTFOUND redis","level":"warn","message":"Erro no Redis","service":"vetpro-backend","timestamp":"2026-02-27 15:34:09"}
{"error":"getaddrinfo ENOTFOUND redis","level":"warn","message":"Erro no Redis","service":"vetpro-backend","timestamp":"2026-02-27 15:34:10"}
{"error":"getaddrinfo ENOTFOUND redis","level":"warn","message":"Erro no Redis","service":"vetpro-backend","timestamp":"2026-02-27 15:34:11"}
{"error":"getaddrinfo ENOTFOUND redis","level":"warn","message":"Erro no Redis","service":"vetpro-backend","timestamp":"2026-02-27 15:34:11"}
{"level":"error","message":"Nome do paciente e obrigatorio.","service":"vetpro-backend","stack":"ValidationError: Nome do paciente e obrigatorio.\n    at validatePatientInput (C:\\Cliente\\HSS\\VetPro\\vetpro-backend\\src\\services\\patientService.js:70:20)\n    at Object.validatePatientInput [as createPatient] (C:\\Cliente\\HSS\\VetPro\\vetpro-backend\\src\\services\\patientService.js:142:3)\n    at createPatient (C:\\Cliente\\HSS\\VetPro\\vetpro-backend\\src\\controllers\\patientController.js:18:42)\n    at Layer.handle [as handle_request] (C:\\Cliente\\HSS\\VetPro\\vetpro-backend\\node_modules\\express\\lib\\router\\layer.js:95:5)\n    at next (C:\\Cliente\\HSS\\VetPro\\vetpro-backend\\node_modules\\express\\lib\\router\\route.js:149:13)\n    at next (C:\\Cliente\\HSS\\VetPro\\vetpro-backend\\src\\middlewares\\validationMiddleware.js:78:12)\n    at Layer.handle [as handle_request] (C:\\Cliente\\HSS\\VetPro\\vetpro-backend\\node_modules\\express\\lib\\router\\layer.js:95:5)\n    at next (C:\\Cliente\\HSS\\VetPro\\vetpro-backend\\node_modules\\express\\lib\\router\\route.js:149:13)\n    at Route.dispatch (C:\\Cliente\\HSS\\VetPro\\vetpro-backend\\node_modules\\express\\lib\\router\\route.js:119:3)\n    at Layer.handle [as handle_request] (C:\\Cliente\\HSS\\VetPro\\vetpro-backend\\node_modules\\express\\lib\\router\\layer.js:95:5)\n    at C:\\Cliente\\HSS\\VetPro\\vetpro-backend\\node_modules\\express\\lib\\router\\index.js:284:15\n    at Function.process_params (C:\\Cliente\\HSS\\VetPro\\vetpro-backend\\node_modules\\express\\lib\\router\\index.js:346:12)\n    at next (C:\\Cliente\\HSS\\VetPro\\vetpro-backend\\node_modules\\express\\lib\\router\\index.js:280:10)\n    at next (C:\\Cliente\\HSS\\VetPro\\vetpro-backend\\src\\tests\\consultationRoutes.test.js:39:5)\n    at Layer.handle [as handle_request] (C:\\Cliente\\HSS\\VetPro\\vetpro-backend\\node_modules\\express\\lib\\router\\layer.js:95:5)\n    at trim_prefix (C:\\Cliente\\HSS\\VetPro\\vetpro-backend\\node_modules\\express\\lib\\router\\index.js:328:13)\n    at C:\\Cliente\\HSS\\VetPro\\vetpro-backend\\node_modules\\express\\lib\\router\\index.js:286:9\n    at Function.process_params (C:\\Cliente\\HSS\\VetPro\\vetpro-backend\\node_modules\\express\\lib\\router\\index.js:346:12)\n    at next (C:\\Cliente\\HSS\\VetPro\\vetpro-backend\\node_modules\\express\\lib\\router\\index.js:280:10)\n    at Function.handle (C:\\Cliente\\HSS\\VetPro\\vetpro-backend\\node_modules\\express\\lib\\router\\index.js:175:3)\n    at router (C:\\Cliente\\HSS\\VetPro\\vetpro-backend\\node_modules\\express\\lib\\router\\index.js:47:12)\n    at Layer.handle [as handle_request] (C:\\Cliente\\HSS\\VetPro\\vetpro-backend\\node_modules\\express\\lib\\router\\layer.js:95:5)\n    at trim_prefix (C:\\Cliente\\HSS\\VetPro\\vetpro-backend\\node_modules\\express\\lib\\router\\index.js:328:13)\n    at C:\\Cliente\\HSS\\VetPro\\vetpro-backend\\node_modules\\express\\lib\\router\\index.js:286:9\n    at Function.process_params (C:\\Cliente\\HSS\\VetPro\\vetpro-backend\\node_modules\\express\\lib\\router\\index.js:346:12)\n    at next (C:\\Cliente\\HSS\\VetPro\\vetpro-backend\\node_modules\\express\\lib\\router\\index.js:280:10)\n    at C:\\Cliente\\HSS\\VetPro\\vetpro-backend\\node_modules\\express-rate-limit\\dist\\index.cjs:942:7\n    at processTicksAndRejections (node:internal/process/task_queues:95:5)\n    at C:\\Cliente\\HSS\\VetPro\\vetpro-backend\\node_modules\\express-rate-limit\\dist\\index.cjs:825:5","timestamp":"2026-02-27 15:34:12"}
{"level":"error","message":"Especie e obrigatoria.","service":"vetpro-backend","stack":"ValidationError: Especie e obrigatoria.\n    at validatePatientInput (C:\\Cliente\\HSS\\VetPro\\vetpro-backend\\src\\services\\patientService.js:71:23)\n    at Object.validatePatientInput [as updatePatient] (C:\\Cliente\\HSS\\VetPro\\vetpro-backend\\src\\services\\patientService.js:202:3)\n    at updatePatient (C:\\Cliente\\HSS\\VetPro\\vetpro-backend\\src\\controllers\\patientController.js:56:42)\n    at Layer.handle [as handle_request] (C:\\Cliente\\HSS\\VetPro\\vetpro-backend\\node_modules\\express\\lib\\router\\layer.js:95:5)\n    at next (C:\\Cliente\\HSS\\VetPro\\vetpro-backend\\node_modules\\express\\lib\\router\\route.js:149:13)\n    at next (C:\\Cliente\\HSS\\VetPro\\vetpro-backend\\src\\middlewares\\validationMiddleware.js:78:12)\n    at Layer.handle [as handle_request] (C:\\Cliente\\HSS\\VetPro\\vetpro-backend\\node_modules\\express\\lib\\router\\layer.js:95:5)\n    at next (C:\\Cliente\\HSS\\VetPro\\vetpro-backend\\node_modules\\express\\lib\\router\\route.js:149:13)\n    at Route.dispatch (C:\\Cliente\\HSS\\VetPro\\vetpro-backend\\node_modules\\express\\lib\\router\\route.js:119:3)\n    at Layer.handle [as handle_request] (C:\\Cliente\\HSS\\VetPro\\vetpro-backend\\node_modules\\express\\lib\\router\\layer.js:95:5)\n    at C:\\Cliente\\HSS\\VetPro\\vetpro-backend\\node_modules\\express\\lib\\router\\index.js:284:15\n    at param (C:\\Cliente\\HSS\\VetPro\\vetpro-backend\\node_modules\\express\\lib\\router\\index.js:365:14)\n    at param (C:\\Cliente\\HSS\\VetPro\\vetpro-backend\\node_modules\\express\\lib\\router\\index.js:376:14)\n    at Function.process_params (C:\\Cliente\\HSS\\VetPro\\vetpro-backend\\node_modules\\express\\lib\\router\\index.js:421:3)\n    at next (C:\\Cliente\\HSS\\VetPro\\vetpro-backend\\node_modules\\express\\lib\\router\\index.js:280:10)\n    at next (C:\\Cliente\\HSS\\VetPro\\vetpro-backend\\src\\tests\\consultationRoutes.test.js:39:5)\n    at Layer.handle [as handle_request] (C:\\Cliente\\HSS\\VetPro\\vetpro-backend\\node_modules\\express\\lib\\router\\layer.js:95:5)\n    at trim_prefix (C:\\Cliente\\HSS\\VetPro\\vetpro-backend\\node_modules\\express\\lib\\router\\index.js:328:13)\n    at C:\\Cliente\\HSS\\VetPro\\vetpro-backend\\node_modules\\express\\lib\\router\\index.js:286:9\n    at Function.process_params (C:\\Cliente\\HSS\\VetPro\\vetpro-backend\\node_modules\\express\\lib\\router\\index.js:346:12)\n    at next (C:\\Cliente\\HSS\\VetPro\\vetpro-backend\\node_modules\\express\\lib\\router\\index.js:280:10)\n    at Function.handle (C:\\Cliente\\HSS\\VetPro\\vetpro-backend\\node_modules\\express\\lib\\router\\index.js:175:3)\n    at router (C:\\Cliente\\HSS\\VetPro\\vetpro-backend\\node_modules\\express\\lib\\router\\index.js:47:12)\n    at Layer.handle [as handle_request] (C:\\Cliente\\HSS\\VetPro\\vetpro-backend\\node_modules\\express\\lib\\router\\layer.js:95:5)\n    at trim_prefix (C:\\Cliente\\HSS\\VetPro\\vetpro-backend\\node_modules\\express\\lib\\router\\index.js:328:13)\n    at C:\\Cliente\\HSS\\VetPro\\vetpro-backend\\node_modules\\express\\lib\\router\\index.js:286:9\n    at Function.process_params (C:\\Cliente\\HSS\\VetPro\\vetpro-backend\\node_modules\\express\\lib\\router\\index.js:346:12)\n    at next (C:\\Cliente\\HSS\\VetPro\\vetpro-backend\\node_modules\\express\\lib\\router\\index.js:280:10)\n    at C:\\Cliente\\HSS\\VetPro\\vetpro-backend\\node_modules\\express-rate-limit\\dist\\index.cjs:942:7\n    at processTicksAndRejections (node:internal/process/task_queues:95:5)\n    at C:\\Cliente\\HSS\\VetPro\\vetpro-backend\\node_modules\\express-rate-limit\\dist\\index.cjs:825:5","timestamp":"2026-02-27 15:34:12"}
{"error":"getaddrinfo ENOTFOUND redis","level":"warn","message":"Erro no Redis","service":"vetpro-backend","timestamp":"2026-02-27 15:34:14"}
{"error":"getaddrinfo ENOTFOUND redis","level":"warn","message":"Erro no Redis","service":"vetpro-backend","timestamp":"2026-02-27 15:34:14"}
{"error":"getaddrinfo ENOTFOUND redis","level":"warn","message":"Erro no Redis","service":"vetpro-backend","timestamp":"2026-02-27 15:34:16"}
{"error":"getaddrinfo ENOTFOUND redis","level":"warn","message":"Erro no Redis","service":"vetpro-backend","timestamp":"2026-02-27 15:34:16"}
{"level":"error","message":"Nome do paciente e obrigatorio.","service":"vetpro-backend","stack":"ValidationError: Nome do paciente e obrigatorio.\n    at validatePatientInput (C:\\Cliente\\HSS\\VetPro\\vetpro-backend\\src\\services\\patientService.js:70:20)\n    at Object.validatePatientInput [as createPatient] (C:\\Cliente\\HSS\\VetPro\\vetpro-backend\\src\\services\\patientService.js:142:3)\n    at createPatient (C:\\Cliente\\HSS\\VetPro\\vetpro-backend\\src\\controllers\\patientController.js:18:42)\n    at Layer.handle [as handle_request] (C:\\Cliente\\HSS\\VetPro\\vetpro-backend\\node_modules\\express\\lib\\router\\layer.js:95:5)\n    at next (C:\\Cliente\\HSS\\VetPro\\vetpro-backend\\node_modules\\express\\lib\\router\\route.js:149:13)\n    at next (C:\\Cliente\\HSS\\VetPro\\vetpro-backend\\src\\middlewares\\validationMiddleware.js:78:12)\n    at Layer.handle [as handle_request] (C:\\Cliente\\HSS\\VetPro\\vetpro-backend\\node_modules\\express\\lib\\router\\layer.js:95:5)\n    at next (C:\\Cliente\\HSS\\VetPro\\vetpro-backend\\node_modules\\express\\lib\\router\\route.js:149:13)\n    at Route.dispatch (C:\\Cliente\\HSS\\VetPro\\vetpro-backend\\node_modules\\express\\lib\\router\\route.js:119:3)\n    at Layer.handle [as handle_request] (C:\\Cliente\\HSS\\VetPro\\vetpro-backend\\node_modules\\express\\lib\\router\\layer.js:95:5)\n    at C:\\Cliente\\HSS\\VetPro\\vetpro-backend\\node_modules\\express\\lib\\router\\index.js:284:15\n    at Function.process_params (C:\\Cliente\\HSS\\VetPro\\vetpro-backend\\node_modules\\express\\lib\\router\\index.js:346:12)\n    at next (C:\\Cliente\\HSS\\VetPro\\vetpro-backend\\node_modules\\express\\lib\\router\\index.js:280:10)\n    at next (C:\\Cliente\\HSS\\VetPro\\vetpro-backend\\src\\tests\\consultationRoutes.test.js:39:5)\n    at Layer.handle [as handle_request] (C:\\Cliente\\HSS\\VetPro\\vetpro-backend\\node_modules\\express\\lib\\router\\layer.js:95:5)\n    at trim_prefix (C:\\Cliente\\HSS\\VetPro\\vetpro-backend\\node_modules\\express\\lib\\router\\index.js:328:13)\n    at C:\\Cliente\\HSS\\VetPro\\vetpro-backend\\node_modules\\express\\lib\\router\\index.js:286:9\n    at Function.process_params (C:\\Cliente\\HSS\\VetPro\\vetpro-backend\\node_modules\\express\\lib\\router\\index.js:346:12)\n    at next (C:\\Cliente\\HSS\\VetPro\\vetpro-backend\\node_modules\\express\\lib\\router\\index.js:280:10)\n    at Function.handle (C:\\Cliente\\HSS\\VetPro\\vetpro-backend\\node_modules\\express\\lib\\router\\index.js:175:3)\n    at router (C:\\Cliente\\HSS\\VetPro\\vetpro-backend\\node_modules\\express\\lib\\router\\index.js:47:12)\n    at Layer.handle [as handle_request] (C:\\Cliente\\HSS\\VetPro\\vetpro-backend\\node_modules\\express\\lib\\router\\layer.js:95:5)\n    at trim_prefix (C:\\Cliente\\HSS\\VetPro\\vetpro-backend\\node_modules\\express\\lib\\router\\index.js:328:13)\n    at C:\\Cliente\\HSS\\VetPro\\vetpro-backend\\node_modules\\express\\lib\\router\\index.js:286:9\n    at Function.process_params (C:\\Cliente\\HSS\\VetPro\\vetpro-backend\\node_modules\\express\\lib\\router\\index.js:346:12)\n    at next (C:\\Cliente\\HSS\\VetPro\\vetpro-backend\\node_modules\\express\\lib\\router\\index.js:280:10)\n    at C:\\Cliente\\HSS\\VetPro\\vetpro-backend\\node_modules\\express-rate-limit\\dist\\index.cjs:942:7\n    at processTicksAndRejections (node:internal/process/task_queues:95:5)\n    at C:\\Cliente\\HSS\\VetPro\\vetpro-backend\\node_modules\\express-rate-limit\\dist\\index.cjs:825:5","timestamp":"2026-02-27 15:34:21"}
{"level":"error","message":"Especie e obrigatoria.","service":"vetpro-backend","stack":"ValidationError: Especie e obrigatoria.\n    at validatePatientInput (C:\\Cliente\\HSS\\VetPro\\vetpro-backend\\src\\services\\patientService.js:71:23)\n    at Object.validatePatientInput [as updatePatient] (C:\\Cliente\\HSS\\VetPro\\vetpro-backend\\src\\services\\patientService.js:202:3)\n    at updatePatient (C:\\Cliente\\HSS\\VetPro\\vetpro-backend\\src\\controllers\\patientController.js:56:42)\n    at Layer.handle [as handle_request] (C:\\Cliente\\HSS\\VetPro\\vetpro-backend\\node_modules\\express\\lib\\router\\layer.js:95:5)\n    at next (C:\\Cliente\\HSS\\VetPro\\vetpro-backend\\node_modules\\express\\lib\\router\\route.js:149:13)\n    at next (C:\\Cliente\\HSS\\VetPro\\vetpro-backend\\src\\middlewares\\validationMiddleware.js:78:12)\n    at Layer.handle [as handle_request] (C:\\Cliente\\HSS\\VetPro\\vetpro-backend\\node_modules\\express\\lib\\router\\layer.js:95:5)\n    at next (C:\\Cliente\\HSS\\VetPro\\vetpro-backend\\node_modules\\express\\lib\\router\\route.js:149:13)\n    at Route.dispatch (C:\\Cliente\\HSS\\VetPro\\vetpro-backend\\node_modules\\express\\lib\\router\\route.js:119:3)\n    at Layer.handle [as handle_request] (C:\\Cliente\\HSS\\VetPro\\vetpro-backend\\node_modules\\express\\lib\\router\\layer.js:95:5)\n    at C:\\Cliente\\HSS\\VetPro\\vetpro-backend\\node_modules\\express\\lib\\router\\index.js:284:15\n    at param (C:\\Cliente\\HSS\\VetPro\\vetpro-backend\\node_modules\\express\\lib\\router\\index.js:365:14)\n    at param (C:\\Cliente\\HSS\\VetPro\\vetpro-backend\\node_modules\\express\\lib\\router\\index.js:376:14)\n    at Function.process_params (C:\\Cliente\\HSS\\VetPro\\vetpro-backend\\node_modules\\express\\lib\\router\\index.js:421:3)\n    at next (C:\\Cliente\\HSS\\VetPro\\vetpro-backend\\node_modules\\express\\lib\\router\\index.js:280:10)\n    at next (C:\\Cliente\\HSS\\VetPro\\vetpro-backend\\src\\tests\\consultationRoutes.test.js:39:5)\n    at Layer.handle [as handle_request] (C:\\Cliente\\HSS\\VetPro\\vetpro-backend\\node_modules\\express\\lib\\router\\layer.js:95:5)\n    at trim_prefix (C:\\Cliente\\HSS\\VetPro\\vetpro-backend\\node_modules\\express\\lib\\router\\index.js:328:13)\n    at C:\\Cliente\\HSS\\VetPro\\vetpro-backend\\node_modules\\express\\lib\\router\\index.js:286:9\n    at Function.process_params (C:\\Cliente\\HSS\\VetPro\\vetpro-backend\\node_modules\\express\\lib\\router\\index.js:346:12)\n    at next (C:\\Cliente\\HSS\\VetPro\\vetpro-backend\\node_modules\\express\\lib\\router\\index.js:280:10)\n    at Function.handle (C:\\Cliente\\HSS\\VetPro\\vetpro-backend\\node_modules\\express\\lib\\router\\index.js:175:3)\n    at router (C:\\Cliente\\HSS\\VetPro\\vetpro-backend\\node_modules\\express\\lib\\router\\index.js:47:12)\n    at Layer.handle [as handle_request] (C:\\Cliente\\HSS\\VetPro\\vetpro-backend\\node_modules\\express\\lib\\router\\layer.js:95:5)\n    at trim_prefix (C:\\Cliente\\HSS\\VetPro\\vetpro-backend\\node_modules\\express\\lib\\router\\index.js:328:13)\n    at C:\\Cliente\\HSS\\VetPro\\vetpro-backend\\node_modules\\express\\lib\\router\\index.js:286:9\n    at Function.process_params (C:\\Cliente\\HSS\\VetPro\\vetpro-backend\\node_modules\\express\\lib\\router\\index.js:346:12)\n    at next (C:\\Cliente\\HSS\\VetPro\\vetpro-backend\\node_modules\\express\\lib\\router\\index.js:280:10)\n    at C:\\Cliente\\HSS\\VetPro\\vetpro-backend\\node_modules\\express-rate-limit\\dist\\index.cjs:942:7\n    at processTicksAndRejections (node:internal/process/task_queues:95:5)\n    at C:\\Cliente\\HSS\\VetPro\\vetpro-backend\\node_modules\\express-rate-limit\\dist\\index.cjs:825:5","timestamp":"2026-02-27 15:34:21"}
{"error":"getaddrinfo ENOTFOUND redis","level":"warn","message":"Erro no Redis","service":"vetpro-backend","timestamp":"2026-02-27 15:34:23"}
{"error":"getaddrinfo ENOTFOUND redis","level":"warn","message":"Erro no Redis","service":"vetpro-backend","timestamp":"2026-02-27 15:34:24"}
{"error":"getaddrinfo ENOTFOUND redis","level":"warn","message":"Erro no Redis","service":"vetpro-backend","timestamp":"2026-02-27 15:34:25"}
{"error":"getaddrinfo ENOTFOUND redis","level":"warn","message":"Erro no Redis","service":"vetpro-backend","timestamp":"2026-02-27 15:34:25"}
{"error":"getaddrinfo ENOTFOUND redis","level":"warn","message":"Erro no Redis","service":"vetpro-backend","timestamp":"2026-02-27 15:34:28"}
{"error":"getaddrinfo ENOTFOUND redis","level":"warn","message":"Erro no Redis","service":"vetpro-backend","timestamp":"2026-02-27 15:34:28"}
{"error":"getaddrinfo ENOTFOUND redis","level":"warn","message":"Erro no Redis","service":"vetpro-backend","timestamp":"2026-02-27 15:34:30"}
{"error":"getaddrinfo ENOTFOUND redis","level":"warn","message":"Erro no Redis","service":"vetpro-backend","timestamp":"2026-02-27 15:34:30"}
{"error":"getaddrinfo ENOTFOUND redis","level":"warn","message":"Erro no Redis","service":"vetpro-backend","timestamp":"2026-02-27 15:34:32"}
{"error":"getaddrinfo ENOTFOUND redis","level":"warn","message":"Erro no Redis","service":"vetpro-backend","timestamp":"2026-02-27 15:34:33"}
{"error":"getaddrinfo ENOTFOUND redis","level":"warn","message":"Erro no Redis","service":"vetpro-backend","timestamp":"2026-02-27 15:34:34"}
{"error":"getaddrinfo ENOTFOUND redis","level":"warn","message":"Erro no Redis","service":"vetpro-backend","timestamp":"2026-02-27 15:34:35"}
{"error":"getaddrinfo ENOTFOUND redis","level":"warn","message":"Erro no Redis","service":"vetpro-backend","timestamp":"2026-02-27 15:34:37"}
{"error":"getaddrinfo ENOTFOUND redis","level":"warn","message":"Erro no Redis","service":"vetpro-backend","timestamp":"2026-02-27 15:34:38"}
{"error":"getaddrinfo ENOTFOUND redis","level":"warn","message":"Erro no Redis","service":"vetpro-backend","timestamp":"2026-02-27 15:34:43"}
{"error":"getaddrinfo ENOTFOUND redis","level":"warn","message":"Erro no Redis","service":"vetpro-backend","timestamp":"2026-02-27 15:34:44"}
{"error":"getaddrinfo ENOTFOUND redis","level":"warn","message":"Erro no Redis","service":"vetpro-backend","timestamp":"2026-02-27 15:34:46"}
{"error":"getaddrinfo ENOTFOUND redis","level":"warn","message":"Erro no Redis","service":"vetpro-backend","timestamp":"2026-02-27 15:34:47"}
{"error":"getaddrinfo ENOTFOUND redis","level":"warn","message":"Erro no Redis","service":"vetpro-backend","timestamp":"2026-02-27 15:34:48"}
{"error":"getaddrinfo ENOTFOUND redis","level":"warn","message":"Erro no Redis","service":"vetpro-backend","timestamp":"2026-02-27 15:34:49"}
{"error":"getaddrinfo ENOTFOUND redis","level":"warn","message":"Erro no Redis","service":"vetpro-backend","timestamp":"2026-02-27 15:34:51"}
{"error":"getaddrinfo ENOTFOUND redis","level":"warn","message":"Erro no Redis","service":"vetpro-backend","timestamp":"2026-02-27 15:34:51"}
{"error":"getaddrinfo ENOTFOUND redis","level":"warn","message":"Erro no Redis","service":"vetpro-backend","timestamp":"2026-02-27 15:34:53"}
{"error":"getaddrinfo ENOTFOUND redis","level":"warn","message":"Erro no Redis","service":"vetpro-backend","timestamp":"2026-02-27 15:34:53"}
{"error":"getaddrinfo ENOTFOUND redis","level":"warn","message":"Erro no Redis","service":"vetpro-backend","timestamp":"2026-02-27 15:34:56"}
{"error":"getaddrinfo ENOTFOUND redis","level":"warn","message":"Erro no Redis","service":"vetpro-backend","timestamp":"2026-02-27 15:34:56"}
{"error":"getaddrinfo ENOTFOUND redis","level":"warn","message":"Erro no Redis","service":"vetpro-backend","timestamp":"2026-02-27 15:34:57"}
{"error":"getaddrinfo ENOTFOUND redis","level":"warn","message":"Erro no Redis","service":"vetpro-backend","timestamp":"2026-02-27 15:34:58"}
{"error":"getaddrinfo ENOTFOUND redis","level":"warn","message":"Erro no Redis","service":"vetpro-backend","timestamp":"2026-02-27 15:35:05"}
{"error":"getaddrinfo ENOTFOUND redis","level":"warn","message":"Erro no Redis","service":"vetpro-backend","timestamp":"2026-02-27 15:35:05"}
{"error":"getaddrinfo ENOTFOUND redis","level":"warn","message":"Erro no Redis","service":"vetpro-backend","timestamp":"2026-02-27 15:35:07"}
{"error":"getaddrinfo ENOTFOUND redis","level":"warn","message":"Erro no Redis","service":"vetpro-backend","timestamp":"2026-02-27 15:35:07"}
{"error":"getaddrinfo ENOTFOUND redis","level":"warn","message":"Erro no Redis","service":"vetpro-backend","timestamp":"2026-02-27 15:35:10"}
{"error":"getaddrinfo ENOTFOUND redis","level":"warn","message":"Erro no Redis","service":"vetpro-backend","timestamp":"2026-02-27 15:35:10"}
{"error":"getaddrinfo ENOTFOUND redis","level":"warn","message":"Erro no Redis","service":"vetpro-backend","timestamp":"2026-02-27 15:35:11"}
{"error":"getaddrinfo ENOTFOUND redis","level":"warn","message":"Erro no Redis","service":"vetpro-backend","timestamp":"2026-02-27 15:35:12"}
{"error":"getaddrinfo ENOTFOUND redis","level":"warn","message":"Erro no Redis","service":"vetpro-backend","timestamp":"2026-02-27 15:35:14"}
{"error":"getaddrinfo ENOTFOUND redis","level":"warn","message":"Erro no Redis","service":"vetpro-backend","timestamp":"2026-02-27 15:35:15"}
{"error":"getaddrinfo ENOTFOUND redis","level":"warn","message":"Erro no Redis","service":"vetpro-backend","timestamp":"2026-02-27 15:35:16"}
{"error":"getaddrinfo ENOTFOUND redis","level":"warn","message":"Erro no Redis","service":"vetpro-backend","timestamp":"2026-02-27 15:35:16"}
{"error":"getaddrinfo ENOTFOUND redis","level":"warn","message":"Erro no Redis","service":"vetpro-backend","timestamp":"2026-02-27 15:35:19"}
{"error":"getaddrinfo ENOTFOUND redis","level":"warn","message":"Erro no Redis","service":"vetpro-backend","timestamp":"2026-02-27 15:35:19"}
{"error":"getaddrinfo ENOTFOUND redis","level":"warn","message":"Erro no Redis","service":"vetpro-backend","timestamp":"2026-02-27 15:35:25"}
{"error":"getaddrinfo ENOTFOUND redis","level":"warn","message":"Erro no Redis","service":"vetpro-backend","timestamp":"2026-02-27 15:35:26"}
{"error":"getaddrinfo ENOTFOUND redis","level":"warn","message":"Erro no Redis","service":"vetpro-backend","timestamp":"2026-02-27 15:35:28"}
{"error":"getaddrinfo ENOTFOUND redis","level":"warn","message":"Erro no Redis","service":"vetpro-backend","timestamp":"2026-02-27 15:35:29"}
{"error":"getaddrinfo ENOTFOUND redis","level":"warn","message":"Erro no Redis","service":"vetpro-backend","timestamp":"2026-02-27 15:35:30"}
{"error":"getaddrinfo ENOTFOUND redis","level":"warn","message":"Erro no Redis","service":"vetpro-backend","timestamp":"2026-02-27 15:35:30"}
{"error":"getaddrinfo ENOTFOUND redis","level":"warn","message":"Erro no Redis","service":"vetpro-backend","timestamp":"2026-02-27 15:35:33"}
{"error":"getaddrinfo ENOTFOUND redis","level":"warn","message":"Erro no Redis","service":"vetpro-backend","timestamp":"2026-02-27 15:35:33"}
{"error":"getaddrinfo ENOTFOUND redis","level":"warn","message":"Erro no Redis","service":"vetpro-backend","timestamp":"2026-02-27 15:35:35"}
{"error":"getaddrinfo ENOTFOUND redis","level":"warn","message":"Erro no Redis","service":"vetpro-backend","timestamp":"2026-02-27 15:35:35"}
{"error":"getaddrinfo ENOTFOUND redis","level":"warn","message":"Erro no Redis","service":"vetpro-backend","timestamp":"2026-02-27 15:35:37"}
{"error":"getaddrinfo ENOTFOUND redis","level":"warn","message":"Erro no Redis","service":"vetpro-backend","timestamp":"2026-02-27 15:35:38"}
{"error":"getaddrinfo ENOTFOUND redis","level":"warn","message":"Erro no Redis","service":"vetpro-backend","timestamp":"2026-02-27 15:35:39"}
{"error":"getaddrinfo ENOTFOUND redis","level":"warn","message":"Erro no Redis","service":"vetpro-backend","timestamp":"2026-02-27 15:35:40"}
{"error":"getaddrinfo ENOTFOUND redis","level":"warn","message":"Erro no Redis","service":"vetpro-backend","timestamp":"2026-02-27 15:35:47"}
{"error":"getaddrinfo ENOTFOUND redis","level":"warn","message":"Erro no Redis","service":"vetpro-backend","timestamp":"2026-02-27 15:35:47"}
{"error":"getaddrinfo ENOTFOUND redis","level":"warn","message":"Erro no Redis","service":"vetpro-backend","timestamp":"2026-02-27 15:35:48"}
{"error":"getaddrinfo ENOTFOUND redis","level":"warn","message":"Erro no Redis","service":"vetpro-backend","timestamp":"2026-02-27 15:35:49"}
{"error":"getaddrinfo ENOTFOUND redis","level":"warn","message":"Erro no Redis","service":"vetpro-backend","timestamp":"2026-02-27 15:35:51"}
{"error":"getaddrinfo ENOTFOUND redis","level":"warn","message":"Erro no Redis","service":"vetpro-backend","timestamp":"2026-02-27 15:35:52"}
{"error":"getaddrinfo ENOTFOUND redis","level":"warn","message":"Erro no Redis","service":"vetpro-backend","timestamp":"2026-02-27 15:35:53"}
{"error":"getaddrinfo ENOTFOUND redis","level":"warn","message":"Erro no Redis","service":"vetpro-backend","timestamp":"2026-02-27 15:35:54"}
{"error":"getaddrinfo ENOTFOUND redis","level":"warn","message":"Erro no Redis","service":"vetpro-backend","timestamp":"2026-02-27 15:35:56"}
{"error":"getaddrinfo ENOTFOUND redis","level":"warn","message":"Erro no Redis","service":"vetpro-backend","timestamp":"2026-02-27 15:35:56"}
{"error":"getaddrinfo ENOTFOUND redis","level":"warn","message":"Erro no Redis","service":"vetpro-backend","timestamp":"2026-02-27 15:35:58"}
{"error":"getaddrinfo ENOTFOUND redis","level":"warn","message":"Erro no Redis","service":"vetpro-backend","timestamp":"2026-02-27 15:35:58"}
{"error":"getaddrinfo ENOTFOUND redis","level":"warn","message":"Erro no Redis","service":"vetpro-backend","timestamp":"2026-02-27 15:36:01"}
{"error":"getaddrinfo ENOTFOUND redis","level":"warn","message":"Erro no Redis","service":"vetpro-backend","timestamp":"2026-02-27 15:36:01"}
{"error":"getaddrinfo ENOTFOUND redis","level":"warn","message":"Erro no Redis","service":"vetpro-backend","timestamp":"2026-02-27 15:36:07"}
{"error":"getaddrinfo ENOTFOUND redis","level":"warn","message":"Erro no Redis","service":"vetpro-backend","timestamp":"2026-02-27 15:36:07"}
{"error":"getaddrinfo ENOTFOUND redis","level":"warn","message":"Erro no Redis","service":"vetpro-backend","timestamp":"2026-02-27 15:36:10"}
{"error":"getaddrinfo ENOTFOUND redis","level":"warn","message":"Erro no Redis","service":"vetpro-backend","timestamp":"2026-02-27 15:36:10"}
{"error":"getaddrinfo ENOTFOUND redis","level":"warn","message":"Erro no Redis","service":"vetpro-backend","timestamp":"2026-02-27 15:36:12"}
{"error":"getaddrinfo ENOTFOUND redis","level":"warn","message":"Erro no Redis","service":"vetpro-backend","timestamp":"2026-02-27 15:36:12"}
{"error":"getaddrinfo ENOTFOUND redis","level":"warn","message":"Erro no Redis","service":"vetpro-backend","timestamp":"2026-02-27 15:36:15"}
{"error":"getaddrinfo ENOTFOUND redis","level":"warn","message":"Erro no Redis","service":"vetpro-backend","timestamp":"2026-02-27 15:36:15"}
{"error":"getaddrinfo ENOTFOUND redis","level":"warn","message":"Erro no Redis","service":"vetpro-backend","timestamp":"2026-02-27 15:36:16"}
{"error":"getaddrinfo ENOTFOUND redis","level":"warn","message":"Erro no Redis","service":"vetpro-backend","timestamp":"2026-02-27 15:36:17"}
{"error":"getaddrinfo ENOTFOUND redis","level":"warn","message":"Erro no Redis","service":"vetpro-backend","timestamp":"2026-02-27 15:36:19"}
{"error":"getaddrinfo ENOTFOUND redis","level":"warn","message":"Erro no Redis","service":"vetpro-backend","timestamp":"2026-02-27 15:36:20"}
{"error":"getaddrinfo ENOTFOUND redis","level":"warn","message":"Erro no Redis","service":"vetpro-backend","timestamp":"2026-02-27 15:36:21"}
{"error":"getaddrinfo ENOTFOUND redis","level":"warn","message":"Erro no Redis","service":"vetpro-backend","timestamp":"2026-02-27 15:36:21"}
{"error":"getaddrinfo ENOTFOUND redis","level":"warn","message":"Erro no Redis","service":"vetpro-backend","timestamp":"2026-02-27 15:36:28"}
{"error":"getaddrinfo ENOTFOUND redis","level":"warn","message":"Erro no Redis","service":"vetpro-backend","timestamp":"2026-02-27 15:36:29"}
{"error":"getaddrinfo ENOTFOUND redis","level":"warn","message":"Erro no Redis","service":"vetpro-backend","timestamp":"2026-02-27 15:36:30"}
{"error":"getaddrinfo ENOTFOUND redis","level":"warn","message":"Erro no Redis","service":"vetpro-backend","timestamp":"2026-02-27 15:36:31"}
{"error":"getaddrinfo ENOTFOUND redis","level":"warn","message":"Erro no Redis","service":"vetpro-backend","timestamp":"2026-02-27 15:36:33"}
{"error":"getaddrinfo ENOTFOUND redis","level":"warn","message":"Erro no Redis","service":"vetpro-backend","timestamp":"2026-02-27 15:36:34"}
{"error":"getaddrinfo ENOTFOUND redis","level":"warn","message":"Erro no Redis","service":"vetpro-backend","timestamp":"2026-02-27 15:36:35"}
{"error":"getaddrinfo ENOTFOUND redis","level":"warn","message":"Erro no Redis","service":"vetpro-backend","timestamp":"2026-02-27 15:36:35"}
{"error":"getaddrinfo ENOTFOUND redis","level":"warn","message":"Erro no Redis","service":"vetpro-backend","timestamp":"2026-02-27 15:36:38"}
{"error":"getaddrinfo ENOTFOUND redis","level":"warn","message":"Erro no Redis","service":"vetpro-backend","timestamp":"2026-02-27 15:36:38"}
{"error":"getaddrinfo ENOTFOUND redis","level":"warn","message":"Erro no Redis","service":"vetpro-backend","timestamp":"2026-02-27 15:36:40"}
{"error":"getaddrinfo ENOTFOUND redis","level":"warn","message":"Erro no Redis","service":"vetpro-backend","timestamp":"2026-02-27 15:36:40"}
{"error":"getaddrinfo ENOTFOUND redis","level":"warn","message":"Erro no Redis","service":"vetpro-backend","timestamp":"2026-02-27 15:36:42"}
{"error":"getaddrinfo ENOTFOUND redis","level":"warn","message":"Erro no Redis","service":"vetpro-backend","timestamp":"2026-02-27 15:36:43"}
{"error":"getaddrinfo ENOTFOUND redis","level":"warn","message":"Erro no Redis","service":"vetpro-backend","timestamp":"2026-02-27 15:36:49"}
{"error":"getaddrinfo ENOTFOUND redis","level":"warn","message":"Erro no Redis","service":"vetpro-backend","timestamp":"2026-02-27 15:36:49"}
{"error":"getaddrinfo ENOTFOUND redis","level":"warn","message":"Erro no Redis","service":"vetpro-backend","timestamp":"2026-02-27 15:36:52"}
{"error":"getaddrinfo ENOTFOUND redis","level":"warn","message":"Erro no Redis","service":"vetpro-backend","timestamp":"2026-02-27 15:36:52"}
{"error":"getaddrinfo ENOTFOUND redis","level":"warn","message":"Erro no Redis","service":"vetpro-backend","timestamp":"2026-02-27 15:36:53"}
{"error":"getaddrinfo ENOTFOUND redis","level":"warn","message":"Erro no Redis","service":"vetpro-backend","timestamp":"2026-02-27 15:36:54"}
{"error":"getaddrinfo ENOTFOUND redis","level":"warn","message":"Erro no Redis","service":"vetpro-backend","timestamp":"2026-02-27 15:36:56"}
{"error":"getaddrinfo ENOTFOUND redis","level":"warn","message":"Erro no Redis","service":"vetpro-backend","timestamp":"2026-02-27 15:36:57"}
{"error":"getaddrinfo ENOTFOUND redis","level":"warn","message":"Erro no Redis","service":"vetpro-backend","timestamp":"2026-02-27 15:36:58"}
{"error":"getaddrinfo ENOTFOUND redis","level":"warn","message":"Erro no Redis","service":"vetpro-backend","timestamp":"2026-02-27 15:36:59"}
{"error":"getaddrinfo ENOTFOUND redis","level":"warn","message":"Erro no Redis","service":"vetpro-backend","timestamp":"2026-02-27 15:37:01"}
{"error":"getaddrinfo ENOTFOUND redis","level":"warn","message":"Erro no Redis","service":"vetpro-backend","timestamp":"2026-02-27 15:37:01"}
{"error":"getaddrinfo ENOTFOUND redis","level":"warn","message":"Erro no Redis","service":"vetpro-backend","timestamp":"2026-02-27 15:37:03"}
{"error":"getaddrinfo ENOTFOUND redis","level":"warn","message":"Erro no Redis","service":"vetpro-backend","timestamp":"2026-02-27 15:37:03"}
{"error":"getaddrinfo ENOTFOUND redis","level":"warn","message":"Erro no Redis","service":"vetpro-backend","timestamp":"2026-02-27 15:37:10"}
{"error":"getaddrinfo ENOTFOUND redis","level":"warn","message":"Erro no Redis","service":"vetpro-backend","timestamp":"2026-02-27 15:37:11"}
{"error":"getaddrinfo ENOTFOUND redis","level":"warn","message":"Erro no Redis","service":"vetpro-backend","timestamp":"2026-02-27 15:37:12"}
{"error":"getaddrinfo ENOTFOUND redis","level":"warn","message":"Erro no Redis","service":"vetpro-backend","timestamp":"2026-02-27 15:37:12"}
{"error":"getaddrinfo ENOTFOUND redis","level":"warn","message":"Erro no Redis","service":"vetpro-backend","timestamp":"2026-02-27 15:37:15"}
{"error":"getaddrinfo ENOTFOUND redis","level":"warn","message":"Erro no Redis","service":"vetpro-backend","timestamp":"2026-02-27 15:37:15"}
{"error":"getaddrinfo ENOTFOUND redis","level":"warn","message":"Erro no Redis","service":"vetpro-backend","timestamp":"2026-02-27 15:37:17"}
{"error":"getaddrinfo ENOTFOUND redis","level":"warn","message":"Erro no Redis","service":"vetpro-backend","timestamp":"2026-02-27 15:37:17"}
{"error":"getaddrinfo ENOTFOUND redis","level":"warn","message":"Erro no Redis","service":"vetpro-backend","timestamp":"2026-02-27 15:37:19"}
{"error":"getaddrinfo ENOTFOUND redis","level":"warn","message":"Erro no Redis","service":"vetpro-backend","timestamp":"2026-02-27 15:37:20"}
{"error":"getaddrinfo ENOTFOUND redis","level":"warn","message":"Erro no Redis","service":"vetpro-backend","timestamp":"2026-02-27 15:37:21"}
{"error":"getaddrinfo ENOTFOUND redis","level":"warn","message":"Erro no Redis","service":"vetpro-backend","timestamp":"2026-02-27 15:37:22"}
{"error":"getaddrinfo ENOTFOUND redis","level":"warn","message":"Erro no Redis","service":"vetpro-backend","timestamp":"2026-02-27 15:37:24"}
{"error":"getaddrinfo ENOTFOUND redis","level":"warn","message":"Erro no Redis","service":"vetpro-backend","timestamp":"2026-02-27 15:37:25"}
{"error":"getaddrinfo ENOTFOUND redis","level":"warn","message":"Erro no Redis","service":"vetpro-backend","timestamp":"2026-02-27 15:37:30"}
{"error":"getaddrinfo ENOTFOUND redis","level":"warn","message":"Erro no Redis","service":"vetpro-backend","timestamp":"2026-02-27 15:37:31"}
{"error":"getaddrinfo ENOTFOUND redis","level":"warn","message":"Erro no Redis","service":"vetpro-backend","timestamp":"2026-02-27 15:37:33"}
{"error":"getaddrinfo ENOTFOUND redis","level":"warn","message":"Erro no Redis","service":"vetpro-backend","timestamp":"2026-02-27 15:37:34"}
{"error":"getaddrinfo ENOTFOUND redis","level":"warn","message":"Erro no Redis","service":"vetpro-backend","timestamp":"2026-02-27 15:37:35"}
{"error":"getaddrinfo ENOTFOUND redis","level":"warn","message":"Erro no Redis","service":"vetpro-backend","timestamp":"2026-02-27 15:37:36"}
{"error":"getaddrinfo ENOTFOUND redis","level":"warn","message":"Erro no Redis","service":"vetpro-backend","timestamp":"2026-02-27 15:37:38"}
{"error":"getaddrinfo ENOTFOUND redis","level":"warn","message":"Erro no Redis","service":"vetpro-backend","timestamp":"2026-02-27 15:37:38"}
{"error":"getaddrinfo ENOTFOUND redis","level":"warn","message":"Erro no Redis","service":"vetpro-backend","timestamp":"2026-02-27 15:37:40"}
{"error":"getaddrinfo ENOTFOUND redis","level":"warn","message":"Erro no Redis","service":"vetpro-backend","timestamp":"2026-02-27 15:37:40"}
{"error":"getaddrinfo ENOTFOUND redis","level":"warn","message":"Erro no Redis","service":"vetpro-backend","timestamp":"2026-02-27 15:37:43"}
{"error":"getaddrinfo ENOTFOUND redis","level":"warn","message":"Erro no Redis","service":"vetpro-backend","timestamp":"2026-02-27 15:37:43"}
{"error":"getaddrinfo ENOTFOUND redis","level":"warn","message":"Erro no Redis","service":"vetpro-backend","timestamp":"2026-02-27 15:37:44"}
{"error":"getaddrinfo ENOTFOUND redis","level":"warn","message":"Erro no Redis","service":"vetpro-backend","timestamp":"2026-02-27 15:37:45"}
{"error":"getaddrinfo ENOTFOUND redis","level":"warn","message":"Erro no Redis","service":"vetpro-backend","timestamp":"2026-02-27 15:37:52"}
{"error":"getaddrinfo ENOTFOUND redis","level":"warn","message":"Erro no Redis","service":"vetpro-backend","timestamp":"2026-02-27 15:37:52"}
{"error":"getaddrinfo ENOTFOUND redis","level":"warn","message":"Erro no Redis","service":"vetpro-backend","timestamp":"2026-02-27 15:37:54"}
{"error":"getaddrinfo ENOTFOUND redis","level":"warn","message":"Erro no Redis","service":"vetpro-backend","timestamp":"2026-02-27 15:37:54"}
{"error":"getaddrinfo ENOTFOUND redis","level":"warn","message":"Erro no Redis","service":"vetpro-backend","timestamp":"2026-02-27 15:37:57"}
{"error":"getaddrinfo ENOTFOUND redis","level":"warn","message":"Erro no Redis","service":"vetpro-backend","timestamp":"2026-02-27 15:37:57"}
{"error":"getaddrinfo ENOTFOUND redis","level":"warn","message":"Erro no Redis","service":"vetpro-backend","timestamp":"2026-02-27 15:37:58"}
{"error":"getaddrinfo ENOTFOUND redis","level":"warn","message":"Erro no Redis","service":"vetpro-backend","timestamp":"2026-02-27 15:37:59"}
{"error":"getaddrinfo ENOTFOUND redis","level":"warn","message":"Erro no Redis","service":"vetpro-backend","timestamp":"2026-02-27 15:38:01"}
{"error":"getaddrinfo ENOTFOUND redis","level":"warn","message":"Erro no Redis","service":"vetpro-backend","timestamp":"2026-02-27 15:38:02"}
{"error":"getaddrinfo ENOTFOUND redis","level":"warn","message":"Erro no Redis","service":"vetpro-backend","timestamp":"2026-02-27 15:38:03"}
{"error":"getaddrinfo ENOTFOUND redis","level":"warn","message":"Erro no Redis","service":"vetpro-backend","timestamp":"2026-02-27 15:38:03"}
{"error":"getaddrinfo ENOTFOUND redis","level":"warn","message":"Erro no Redis","service":"vetpro-backend","timestamp":"2026-02-27 15:38:06"}
{"error":"getaddrinfo ENOTFOUND redis","level":"warn","message":"Erro no Redis","service":"vetpro-backend","timestamp":"2026-02-27 15:38:06"}
{"error":"getaddrinfo ENOTFOUND redis","level":"warn","message":"Erro no Redis","service":"vetpro-backend","timestamp":"2026-02-27 15:38:12"}
{"error":"getaddrinfo ENOTFOUND redis","level":"warn","message":"Erro no Redis","service":"vetpro-backend","timestamp":"2026-02-27 15:38:13"}
{"error":"getaddrinfo ENOTFOUND redis","level":"warn","message":"Erro no Redis","service":"vetpro-backend","timestamp":"2026-02-27 15:38:15"}
{"error":"getaddrinfo ENOTFOUND redis","level":"warn","message":"Erro no Redis","service":"vetpro-backend","timestamp":"2026-02-27 15:38:16"}
{"error":"getaddrinfo ENOTFOUND redis","level":"warn","message":"Erro no Redis","service":"vetpro-backend","timestamp":"2026-02-27 15:38:17"}
{"error":"getaddrinfo ENOTFOUND redis","level":"warn","message":"Erro no Redis","service":"vetpro-backend","timestamp":"2026-02-27 15:38:17"}
{"error":"getaddrinfo ENOTFOUND redis","level":"warn","message":"Erro no Redis","service":"vetpro-backend","timestamp":"2026-02-27 15:38:20"}
{"error":"getaddrinfo ENOTFOUND redis","level":"warn","message":"Erro no Redis","service":"vetpro-backend","timestamp":"2026-02-27 15:38:20"}
{"error":"getaddrinfo ENOTFOUND redis","level":"warn","message":"Erro no Redis","service":"vetpro-backend","timestamp":"2026-02-27 15:38:22"}
{"error":"getaddrinfo ENOTFOUND redis","level":"warn","message":"Erro no Redis","service":"vetpro-backend","timestamp":"2026-02-27 15:38:22"}
{"error":"getaddrinfo ENOTFOUND redis","level":"warn","message":"Erro no Redis","service":"vetpro-backend","timestamp":"2026-02-27 15:38:24"}
{"error":"getaddrinfo ENOTFOUND redis","level":"warn","message":"Erro no Redis","service":"vetpro-backend","timestamp":"2026-02-27 15:38:25"}
{"error":"getaddrinfo ENOTFOUND redis","level":"warn","message":"Erro no Redis","service":"vetpro-backend","timestamp":"2026-02-27 15:38:26"}
{"error":"getaddrinfo ENOTFOUND redis","level":"warn","message":"Erro no Redis","service":"vetpro-backend","timestamp":"2026-02-27 15:38:27"}
{"error":"getaddrinfo ENOTFOUND redis","level":"warn","message":"Erro no Redis","service":"vetpro-backend","timestamp":"2026-02-27 15:38:34"}
{"error":"getaddrinfo ENOTFOUND redis","level":"warn","message":"Erro no Redis","service":"vetpro-backend","timestamp":"2026-02-27 15:38:34"}
{"error":"getaddrinfo ENOTFOUND redis","level":"warn","message":"Erro no Redis","service":"vetpro-backend","timestamp":"2026-02-27 15:38:35"}
{"error":"getaddrinfo ENOTFOUND redis","level":"warn","message":"Erro no Redis","service":"vetpro-backend","timestamp":"2026-02-27 15:38:36"}
{"error":"getaddrinfo ENOTFOUND redis","level":"warn","message":"Erro no Redis","service":"vetpro-backend","timestamp":"2026-02-27 15:38:38"}
{"error":"getaddrinfo ENOTFOUND redis","level":"warn","message":"Erro no Redis","service":"vetpro-backend","timestamp":"2026-02-27 15:38:39"}
{"error":"getaddrinfo ENOTFOUND redis","level":"warn","message":"Erro no Redis","service":"vetpro-backend","timestamp":"2026-02-27 15:38:40"}
{"error":"getaddrinfo ENOTFOUND redis","level":"warn","message":"Erro no Redis","service":"vetpro-backend","timestamp":"2026-02-27 15:38:41"}
{"error":"getaddrinfo ENOTFOUND redis","level":"warn","message":"Erro no Redis","service":"vetpro-backend","timestamp":"2026-02-27 15:38:43"}
{"error":"getaddrinfo ENOTFOUND redis","level":"warn","message":"Erro no Redis","service":"vetpro-backend","timestamp":"2026-02-27 15:38:43"}
{"error":"getaddrinfo ENOTFOUND redis","level":"warn","message":"Erro no Redis","service":"vetpro-backend","timestamp":"2026-02-27 15:38:45"}
{"error":"getaddrinfo ENOTFOUND redis","level":"warn","message":"Erro no Redis","service":"vetpro-backend","timestamp":"2026-02-27 15:38:45"}
{"error":"getaddrinfo ENOTFOUND redis","level":"warn","message":"Erro no Redis","service":"vetpro-backend","timestamp":"2026-02-27 15:38:48"}
{"error":"getaddrinfo ENOTFOUND redis","level":"warn","message":"Erro no Redis","service":"vetpro-backend","timestamp":"2026-02-27 15:38:48"}
{"error":"getaddrinfo ENOTFOUND redis","level":"warn","message":"Erro no Redis","service":"vetpro-backend","timestamp":"2026-02-27 15:38:54"}
{"error":"getaddrinfo ENOTFOUND redis","level":"warn","message":"Erro no Redis","service":"vetpro-backend","timestamp":"2026-02-27 15:38:54"}
{"error":"getaddrinfo ENOTFOUND redis","level":"warn","message":"Erro no Redis","service":"vetpro-backend","timestamp":"2026-02-27 15:38:57"}
{"error":"getaddrinfo ENOTFOUND redis","level":"warn","message":"Erro no Redis","service":"vetpro-backend","timestamp":"2026-02-27 15:38:57"}
{"error":"getaddrinfo ENOTFOUND redis","level":"warn","message":"Erro no Redis","service":"vetpro-backend","timestamp":"2026-02-27 15:38:59"}
{"error":"getaddrinfo ENOTFOUND redis","level":"warn","message":"Erro no Redis","service":"vetpro-backend","timestamp":"2026-02-27 15:38:59"}
{"error":"getaddrinfo ENOTFOUND redis","level":"warn","message":"Erro no Redis","service":"vetpro-backend","timestamp":"2026-02-27 15:39:02"}
{"error":"getaddrinfo ENOTFOUND redis","level":"warn","message":"Erro no Redis","service":"vetpro-backend","timestamp":"2026-02-27 15:39:02"}
{"error":"getaddrinfo ENOTFOUND redis","level":"warn","message":"Erro no Redis","service":"vetpro-backend","timestamp":"2026-02-27 15:39:03"}
{"error":"getaddrinfo ENOTFOUND redis","level":"warn","message":"Erro no Redis","service":"vetpro-backend","timestamp":"2026-02-27 15:39:04"}
{"error":"getaddrinfo ENOTFOUND redis","level":"warn","message":"Erro no Redis","service":"vetpro-backend","timestamp":"2026-02-27 15:39:06"}
{"error":"getaddrinfo ENOTFOUND redis","level":"warn","message":"Erro no Redis","service":"vetpro-backend","timestamp":"2026-02-27 15:39:07"}
{"error":"getaddrinfo ENOTFOUND redis","level":"warn","message":"Erro no Redis","service":"vetpro-backend","timestamp":"2026-02-27 15:39:08"}
{"error":"getaddrinfo ENOTFOUND redis","level":"warn","message":"Erro no Redis","service":"vetpro-backend","timestamp":"2026-02-27 15:39:08"}
{"error":"getaddrinfo ENOTFOUND redis","level":"warn","message":"Erro no Redis","service":"vetpro-backend","timestamp":"2026-02-27 15:39:15"}
{"error":"getaddrinfo ENOTFOUND redis","level":"warn","message":"Erro no Redis","service":"vetpro-backend","timestamp":"2026-02-27 15:39:16"}
{"error":"getaddrinfo ENOTFOUND redis","level":"warn","message":"Erro no Redis","service":"vetpro-backend","timestamp":"2026-02-27 15:39:17"}
{"error":"getaddrinfo ENOTFOUND redis","level":"warn","message":"Erro no Redis","service":"vetpro-backend","timestamp":"2026-02-27 15:39:18"}
{"error":"getaddrinfo ENOTFOUND redis","level":"warn","message":"Erro no Redis","service":"vetpro-backend","timestamp":"2026-02-27 15:39:20"}
{"error":"getaddrinfo ENOTFOUND redis","level":"warn","message":"Erro no Redis","service":"vetpro-backend","timestamp":"2026-02-27 15:39:21"}
{"error":"getaddrinfo ENOTFOUND redis","level":"warn","message":"Erro no Redis","service":"vetpro-backend","timestamp":"2026-02-27 15:39:22"}
{"error":"getaddrinfo ENOTFOUND redis","level":"warn","message":"Erro no Redis","service":"vetpro-backend","timestamp":"2026-02-27 15:39:22"}
{"error":"getaddrinfo ENOTFOUND redis","level":"warn","message":"Erro no Redis","service":"vetpro-backend","timestamp":"2026-02-27 15:39:25"}
{"error":"getaddrinfo ENOTFOUND redis","level":"warn","message":"Erro no Redis","service":"vetpro-backend","timestamp":"2026-02-27 15:39:25"}
{"error":"getaddrinfo ENOTFOUND redis","level":"warn","message":"Erro no Redis","service":"vetpro-backend","timestamp":"2026-02-27 15:39:27"}
{"error":"getaddrinfo ENOTFOUND redis","level":"warn","message":"Erro no Redis","service":"vetpro-backend","timestamp":"2026-02-27 15:39:27"}
{"error":"getaddrinfo ENOTFOUND redis","level":"warn","message":"Erro no Redis","service":"vetpro-backend","timestamp":"2026-02-27 15:39:29"}
{"error":"getaddrinfo ENOTFOUND redis","level":"warn","message":"Erro no Redis","service":"vetpro-backend","timestamp":"2026-02-27 15:39:30"}
{"error":"getaddrinfo ENOTFOUND redis","level":"warn","message":"Erro no Redis","service":"vetpro-backend","timestamp":"2026-02-27 15:39:36"}
{"error":"getaddrinfo ENOTFOUND redis","level":"warn","message":"Erro no Redis","service":"vetpro-backend","timestamp":"2026-02-27 15:39:36"}
{"error":"getaddrinfo ENOTFOUND redis","level":"warn","message":"Erro no Redis","service":"vetpro-backend","timestamp":"2026-02-27 15:39:39"}
{"error":"getaddrinfo ENOTFOUND redis","level":"warn","message":"Erro no Redis","service":"vetpro-backend","timestamp":"2026-02-27 15:39:39"}
{"error":"getaddrinfo ENOTFOUND redis","level":"warn","message":"Erro no Redis","service":"vetpro-backend","timestamp":"2026-02-27 15:39:40"}
{"error":"getaddrinfo ENOTFOUND redis","level":"warn","message":"Erro no Redis","service":"vetpro-backend","timestamp":"2026-02-27 15:39:41"}
{"error":"getaddrinfo ENOTFOUND redis","level":"warn","message":"Erro no Redis","service":"vetpro-backend","timestamp":"2026-02-27 15:39:43"}
{"error":"getaddrinfo ENOTFOUND redis","level":"warn","message":"Erro no Redis","service":"vetpro-backend","timestamp":"2026-02-27 15:39:44"}
{"error":"getaddrinfo ENOTFOUND redis","level":"warn","message":"Erro no Redis","service":"vetpro-backend","timestamp":"2026-02-27 15:39:45"}
{"error":"getaddrinfo ENOTFOUND redis","level":"warn","message":"Erro no Redis","service":"vetpro-backend","timestamp":"2026-02-27 15:39:46"}
{"error":"getaddrinfo ENOTFOUND redis","level":"warn","message":"Erro no Redis","service":"vetpro-backend","timestamp":"2026-02-27 15:39:48"}
{"error":"getaddrinfo ENOTFOUND redis","level":"warn","message":"Erro no Redis","service":"vetpro-backend","timestamp":"2026-02-27 15:39:48"}
{"error":"getaddrinfo ENOTFOUND redis","level":"warn","message":"Erro no Redis","service":"vetpro-backend","timestamp":"2026-02-27 15:39:50"}
{"error":"getaddrinfo ENOTFOUND redis","level":"warn","message":"Erro no Redis","service":"vetpro-backend","timestamp":"2026-02-27 15:39:50"}
{"error":"getaddrinfo ENOTFOUND redis","level":"warn","message":"Erro no Redis","service":"vetpro-backend","timestamp":"2026-02-27 15:39:57"}
{"error":"getaddrinfo ENOTFOUND redis","level":"warn","message":"Erro no Redis","service":"vetpro-backend","timestamp":"2026-02-27 15:39:58"}
{"error":"getaddrinfo ENOTFOUND redis","level":"warn","message":"Erro no Redis","service":"vetpro-backend","timestamp":"2026-02-27 15:39:59"}
{"error":"getaddrinfo ENOTFOUND redis","level":"warn","message":"Erro no Redis","service":"vetpro-backend","timestamp":"2026-02-27 15:39:59"}
{"error":"getaddrinfo ENOTFOUND redis","level":"warn","message":"Erro no Redis","service":"vetpro-backend","timestamp":"2026-02-27 15:40:02"}
{"error":"getaddrinfo ENOTFOUND redis","level":"warn","message":"Erro no Redis","service":"vetpro-backend","timestamp":"2026-02-27 15:40:02"}
{"error":"getaddrinfo ENOTFOUND redis","level":"warn","message":"Erro no Redis","service":"vetpro-backend","timestamp":"2026-02-27 15:40:04"}
{"error":"getaddrinfo ENOTFOUND redis","level":"warn","message":"Erro no Redis","service":"vetpro-backend","timestamp":"2026-02-27 15:40:04"}
{"error":"getaddrinfo ENOTFOUND redis","level":"warn","message":"Erro no Redis","service":"vetpro-backend","timestamp":"2026-02-27 15:40:07"}
{"error":"getaddrinfo ENOTFOUND redis","level":"warn","message":"Erro no Redis","service":"vetpro-backend","timestamp":"2026-02-27 15:40:07"}
{"error":"getaddrinfo ENOTFOUND redis","level":"warn","message":"Erro no Redis","service":"vetpro-backend","timestamp":"2026-02-27 15:40:08"}
{"error":"getaddrinfo ENOTFOUND redis","level":"warn","message":"Erro no Redis","service":"vetpro-backend","timestamp":"2026-02-27 15:40:09"}
{"error":"getaddrinfo ENOTFOUND redis","level":"warn","message":"Erro no Redis","service":"vetpro-backend","timestamp":"2026-02-27 15:40:11"}
{"error":"getaddrinfo ENOTFOUND redis","level":"warn","message":"Erro no Redis","service":"vetpro-backend","timestamp":"2026-02-27 15:40:12"}
{"error":"getaddrinfo ENOTFOUND redis","level":"warn","message":"Erro no Redis","service":"vetpro-backend","timestamp":"2026-02-27 15:40:17"}
{"error":"getaddrinfo ENOTFOUND redis","level":"warn","message":"Erro no Redis","service":"vetpro-backend","timestamp":"2026-02-27 15:40:18"}
{"error":"getaddrinfo ENOTFOUND redis","level":"warn","message":"Erro no Redis","service":"vetpro-backend","timestamp":"2026-02-27 15:40:20"}
{"error":"getaddrinfo ENOTFOUND redis","level":"warn","message":"Erro no Redis","service":"vetpro-backend","timestamp":"2026-02-27 15:40:21"}
{"error":"getaddrinfo ENOTFOUND redis","level":"warn","message":"Erro no Redis","service":"vetpro-backend","timestamp":"2026-02-27 15:40:22"}
{"error":"getaddrinfo ENOTFOUND redis","level":"warn","message":"Erro no Redis","service":"vetpro-backend","timestamp":"2026-02-27 15:40:23"}
{"error":"getaddrinfo ENOTFOUND redis","level":"warn","message":"Erro no Redis","service":"vetpro-backend","timestamp":"2026-02-27 15:40:25"}
{"error":"getaddrinfo ENOTFOUND redis","level":"warn","message":"Erro no Redis","service":"vetpro-backend","timestamp":"2026-02-27 15:40:25"}
{"error":"getaddrinfo ENOTFOUND redis","level":"warn","message":"Erro no Redis","service":"vetpro-backend","timestamp":"2026-02-27 15:40:27"}
{"error":"getaddrinfo ENOTFOUND redis","level":"warn","message":"Erro no Redis","service":"vetpro-backend","timestamp":"2026-02-27 15:40:27"}
{"error":"getaddrinfo ENOTFOUND redis","level":"warn","message":"Erro no Redis","service":"vetpro-backend","timestamp":"2026-02-27 15:40:30"}
{"error":"getaddrinfo ENOTFOUND redis","level":"warn","message":"Erro no Redis","service":"vetpro-backend","timestamp":"2026-02-27 15:40:30"}
{"error":"getaddrinfo ENOTFOUND redis","level":"warn","message":"Erro no Redis","service":"vetpro-backend","timestamp":"2026-02-27 15:40:32"}
{"error":"getaddrinfo ENOTFOUND redis","level":"warn","message":"Erro no Redis","service":"vetpro-backend","timestamp":"2026-02-27 15:40:32"}
{"error":"getaddrinfo ENOTFOUND redis","level":"warn","message":"Erro no Redis","service":"vetpro-backend","timestamp":"2026-02-27 15:40:39"}
{"error":"getaddrinfo ENOTFOUND redis","level":"warn","message":"Erro no Redis","service":"vetpro-backend","timestamp":"2026-02-27 15:40:39"}
{"error":"getaddrinfo ENOTFOUND redis","level":"warn","message":"Erro no Redis","service":"vetpro-backend","timestamp":"2026-02-27 15:40:41"}
{"error":"getaddrinfo ENOTFOUND redis","level":"warn","message":"Erro no Redis","service":"vetpro-backend","timestamp":"2026-02-27 15:40:41"}
{"error":"getaddrinfo ENOTFOUND redis","level":"warn","message":"Erro no Redis","service":"vetpro-backend","timestamp":"2026-02-27 15:40:44"}
{"error":"getaddrinfo ENOTFOUND redis","level":"warn","message":"Erro no Redis","service":"vetpro-backend","timestamp":"2026-02-27 15:40:44"}
{"error":"getaddrinfo ENOTFOUND redis","level":"warn","message":"Erro no Redis","service":"vetpro-backend","timestamp":"2026-02-27 15:40:45"}
{"error":"getaddrinfo ENOTFOUND redis","level":"warn","message":"Erro no Redis","service":"vetpro-backend","timestamp":"2026-02-27 15:40:46"}
{"error":"getaddrinfo ENOTFOUND redis","level":"warn","message":"Erro no Redis","service":"vetpro-backend","timestamp":"2026-02-27 15:40:48"}
{"error":"getaddrinfo ENOTFOUND redis","level":"warn","message":"Erro no Redis","service":"vetpro-backend","timestamp":"2026-02-27 15:40:49"}
{"error":"getaddrinfo ENOTFOUND redis","level":"warn","message":"Erro no Redis","service":"vetpro-backend","timestamp":"2026-02-27 15:40:50"}
{"error":"getaddrinfo ENOTFOUND redis","level":"warn","message":"Erro no Redis","service":"vetpro-backend","timestamp":"2026-02-27 15:40:50"}
{"error":"getaddrinfo ENOTFOUND redis","level":"warn","message":"Erro no Redis","service":"vetpro-backend","timestamp":"2026-02-27 15:40:53"}
{"error":"getaddrinfo ENOTFOUND redis","level":"warn","message":"Erro no Redis","service":"vetpro-backend","timestamp":"2026-02-27 15:40:53"}
{"error":"getaddrinfo ENOTFOUND redis","level":"warn","message":"Erro no Redis","service":"vetpro-backend","timestamp":"2026-02-27 15:40:59"}
{"error":"getaddrinfo ENOTFOUND redis","level":"warn","message":"Erro no Redis","service":"vetpro-backend","timestamp":"2026-02-27 15:41:00"}
{"error":"getaddrinfo ENOTFOUND redis","level":"warn","message":"Erro no Redis","service":"vetpro-backend","timestamp":"2026-02-27 15:41:02"}
{"error":"getaddrinfo ENOTFOUND redis","level":"warn","message":"Erro no Redis","service":"vetpro-backend","timestamp":"2026-02-27 15:41:03"}
{"error":"getaddrinfo ENOTFOUND redis","level":"warn","message":"Erro no Redis","service":"vetpro-backend","timestamp":"2026-02-27 15:41:04"}
{"error":"getaddrinfo ENOTFOUND redis","level":"warn","message":"Erro no Redis","service":"vetpro-backend","timestamp":"2026-02-27 15:41:04"}
{"error":"getaddrinfo ENOTFOUND redis","level":"warn","message":"Erro no Redis","service":"vetpro-backend","timestamp":"2026-02-27 15:41:07"}
{"error":"getaddrinfo ENOTFOUND redis","level":"warn","message":"Erro no Redis","service":"vetpro-backend","timestamp":"2026-02-27 15:41:07"}
{"error":"getaddrinfo ENOTFOUND redis","level":"warn","message":"Erro no Redis","service":"vetpro-backend","timestamp":"2026-02-27 15:41:09"}
{"error":"getaddrinfo ENOTFOUND redis","level":"warn","message":"Erro no Redis","service":"vetpro-backend","timestamp":"2026-02-27 15:41:09"}
{"error":"getaddrinfo ENOTFOUND redis","level":"warn","message":"Erro no Redis","service":"vetpro-backend","timestamp":"2026-02-27 15:41:11"}
{"error":"getaddrinfo ENOTFOUND redis","level":"warn","message":"Erro no Redis","service":"vetpro-backend","timestamp":"2026-02-27 15:41:12"}
{"error":"getaddrinfo ENOTFOUND redis","level":"warn","message":"Erro no Redis","service":"vetpro-backend","timestamp":"2026-02-27 15:41:13"}
{"error":"getaddrinfo ENOTFOUND redis","level":"warn","message":"Erro no Redis","service":"vetpro-backend","timestamp":"2026-02-27 15:41:14"}
{"error":"getaddrinfo ENOTFOUND redis","level":"warn","message":"Erro no Redis","service":"vetpro-backend","timestamp":"2026-02-27 15:41:21"}
{"error":"getaddrinfo ENOTFOUND redis","level":"warn","message":"Erro no Redis","service":"vetpro-backend","timestamp":"2026-02-27 15:41:21"}
{"error":"getaddrinfo ENOTFOUND redis","level":"warn","message":"Erro no Redis","service":"vetpro-backend","timestamp":"2026-02-27 15:41:22"}
{"error":"getaddrinfo ENOTFOUND redis","level":"warn","message":"Erro no Redis","service":"vetpro-backend","timestamp":"2026-02-27 15:41:23"}
{"error":"getaddrinfo ENOTFOUND redis","level":"warn","message":"Erro no Redis","service":"vetpro-backend","timestamp":"2026-02-27 15:41:25"}
{"error":"getaddrinfo ENOTFOUND redis","level":"warn","message":"Erro no Redis","service":"vetpro-backend","timestamp":"2026-02-27 15:41:26"}
{"error":"getaddrinfo ENOTFOUND redis","level":"warn","message":"Erro no Redis","service":"vetpro-backend","timestamp":"2026-02-27 15:41:27"}
{"error":"getaddrinfo ENOTFOUND redis","level":"warn","message":"Erro no Redis","service":"vetpro-backend","timestamp":"2026-02-27 15:41:28"}
{"error":"getaddrinfo ENOTFOUND redis","level":"warn","message":"Erro no Redis","service":"vetpro-backend","timestamp":"2026-02-27 15:41:30"}
{"error":"getaddrinfo ENOTFOUND redis","level":"warn","message":"Erro no Redis","service":"vetpro-backend","timestamp":"2026-02-27 15:41:30"}
{"error":"getaddrinfo ENOTFOUND redis","level":"warn","message":"Erro no Redis","service":"vetpro-backend","timestamp":"2026-02-27 15:41:32"}
{"error":"getaddrinfo ENOTFOUND redis","level":"warn","message":"Erro no Redis","service":"vetpro-backend","timestamp":"2026-02-27 15:41:32"}
{"error":"getaddrinfo ENOTFOUND redis","level":"warn","message":"Erro no Redis","service":"vetpro-backend","timestamp":"2026-02-27 15:41:35"}
{"error":"getaddrinfo ENOTFOUND redis","level":"warn","message":"Erro no Redis","service":"vetpro-backend","timestamp":"2026-02-27 15:41:35"}
{"error":"getaddrinfo ENOTFOUND redis","level":"warn","message":"Erro no Redis","service":"vetpro-backend","timestamp":"2026-02-27 15:41:41"}
{"error":"getaddrinfo ENOTFOUND redis","level":"warn","message":"Erro no Redis","service":"vetpro-backend","timestamp":"2026-02-27 15:41:41"}
{"error":"getaddrinfo ENOTFOUND redis","level":"warn","message":"Erro no Redis","service":"vetpro-backend","timestamp":"2026-02-27 15:41:44"}
{"error":"getaddrinfo ENOTFOUND redis","level":"warn","message":"Erro no Redis","service":"vetpro-backend","timestamp":"2026-02-27 15:41:44"}
{"error":"getaddrinfo ENOTFOUND redis","level":"warn","message":"Erro no Redis","service":"vetpro-backend","timestamp":"2026-02-27 15:41:46"}
{"error":"getaddrinfo ENOTFOUND redis","level":"warn","message":"Erro no Redis","service":"vetpro-backend","timestamp":"2026-02-27 15:41:46"}
{"error":"getaddrinfo ENOTFOUND redis","level":"warn","message":"Erro no Redis","service":"vetpro-backend","timestamp":"2026-02-27 15:41:49"}
{"error":"getaddrinfo ENOTFOUND redis","level":"warn","message":"Erro no Redis","service":"vetpro-backend","timestamp":"2026-02-27 15:41:49"}
{"error":"getaddrinfo ENOTFOUND redis","level":"warn","message":"Erro no Redis","service":"vetpro-backend","timestamp":"2026-02-27 15:41:50"}
{"error":"getaddrinfo ENOTFOUND redis","level":"warn","message":"Erro no Redis","service":"vetpro-backend","timestamp":"2026-02-27 15:41:51"}
{"error":"getaddrinfo ENOTFOUND redis","level":"warn","message":"Erro no Redis","service":"vetpro-backend","timestamp":"2026-02-27 15:41:53"}
{"error":"getaddrinfo ENOTFOUND redis","level":"warn","message":"Erro no Redis","service":"vetpro-backend","timestamp":"2026-02-27 15:41:54"}
{"error":"getaddrinfo ENOTFOUND redis","level":"warn","message":"Erro no Redis","service":"vetpro-backend","timestamp":"2026-02-27 15:41:55"}
{"error":"getaddrinfo ENOTFOUND redis","level":"warn","message":"Erro no Redis","service":"vetpro-backend","timestamp":"2026-02-27 15:41:55"}
{"error":"getaddrinfo ENOTFOUND redis","level":"warn","message":"Erro no Redis","service":"vetpro-backend","timestamp":"2026-02-27 15:42:02"}
{"error":"getaddrinfo ENOTFOUND redis","level":"warn","message":"Erro no Redis","service":"vetpro-backend","timestamp":"2026-02-27 15:42:03"}
{"error":"getaddrinfo ENOTFOUND redis","level":"warn","message":"Erro no Redis","service":"vetpro-backend","timestamp":"2026-02-27 15:42:04"}
{"error":"getaddrinfo ENOTFOUND redis","level":"warn","message":"Erro no Redis","service":"vetpro-backend","timestamp":"2026-02-27 15:42:05"}
{"error":"getaddrinfo ENOTFOUND redis","level":"warn","message":"Erro no Redis","service":"vetpro-backend","timestamp":"2026-02-27 15:42:07"}
{"error":"getaddrinfo ENOTFOUND redis","level":"warn","message":"Erro no Redis","service":"vetpro-backend","timestamp":"2026-02-27 15:42:08"}
{"error":"getaddrinfo ENOTFOUND redis","level":"warn","message":"Erro no Redis","service":"vetpro-backend","timestamp":"2026-02-27 15:42:09"}
{"error":"getaddrinfo ENOTFOUND redis","level":"warn","message":"Erro no Redis","service":"vetpro-backend","timestamp":"2026-02-27 15:42:09"}
{"error":"getaddrinfo ENOTFOUND redis","level":"warn","message":"Erro no Redis","service":"vetpro-backend","timestamp":"2026-02-27 15:42:12"}
{"error":"getaddrinfo ENOTFOUND redis","level":"warn","message":"Erro no Redis","service":"vetpro-backend","timestamp":"2026-02-27 15:42:12"}
{"error":"getaddrinfo ENOTFOUND redis","level":"warn","message":"Erro no Redis","service":"vetpro-backend","timestamp":"2026-02-27 15:42:14"}
{"error":"getaddrinfo ENOTFOUND redis","level":"warn","message":"Erro no Redis","service":"vetpro-backend","timestamp":"2026-02-27 15:42:14"}
{"error":"getaddrinfo ENOTFOUND redis","level":"warn","message":"Erro no Redis","service":"vetpro-backend","timestamp":"2026-02-27 15:42:16"}
{"error":"getaddrinfo ENOTFOUND redis","level":"warn","message":"Erro no Redis","service":"vetpro-backend","timestamp":"2026-02-27 15:42:17"}
{"error":"getaddrinfo ENOTFOUND redis","level":"warn","message":"Erro no Redis","service":"vetpro-backend","timestamp":"2026-02-27 15:42:23"}
{"error":"getaddrinfo ENOTFOUND redis","level":"warn","message":"Erro no Redis","service":"vetpro-backend","timestamp":"2026-02-27 15:42:23"}
{"error":"getaddrinfo ENOTFOUND redis","level":"warn","message":"Erro no Redis","service":"vetpro-backend","timestamp":"2026-02-27 15:42:26"}
{"error":"getaddrinfo ENOTFOUND redis","level":"warn","message":"Erro no Redis","service":"vetpro-backend","timestamp":"2026-02-27 15:42:26"}
{"error":"getaddrinfo ENOTFOUND redis","level":"warn","message":"Erro no Redis","service":"vetpro-backend","timestamp":"2026-02-27 15:42:27"}
{"error":"getaddrinfo ENOTFOUND redis","level":"warn","message":"Erro no Redis","service":"vetpro-backend","timestamp":"2026-02-27 15:42:28"}
{"error":"getaddrinfo ENOTFOUND redis","level":"warn","message":"Erro no Redis","service":"vetpro-backend","timestamp":"2026-02-27 15:42:30"}
{"error":"getaddrinfo ENOTFOUND redis","level":"warn","message":"Erro no Redis","service":"vetpro-backend","timestamp":"2026-02-27 15:42:31"}
{"error":"getaddrinfo ENOTFOUND redis","level":"warn","message":"Erro no Redis","service":"vetpro-backend","timestamp":"2026-02-27 15:42:32"}
{"error":"getaddrinfo ENOTFOUND redis","level":"warn","message":"Erro no Redis","service":"vetpro-backend","timestamp":"2026-02-27 15:42:32"}
{"error":"getaddrinfo ENOTFOUND redis","level":"warn","message":"Erro no Redis","service":"vetpro-backend","timestamp":"2026-02-27 15:42:35"}
{"error":"getaddrinfo ENOTFOUND redis","level":"warn","message":"Erro no Redis","service":"vetpro-backend","timestamp":"2026-02-27 15:42:35"}
{"error":"getaddrinfo ENOTFOUND redis","level":"warn","message":"Erro no Redis","service":"vetpro-backend","timestamp":"2026-02-27 15:42:37"}
{"error":"getaddrinfo ENOTFOUND redis","level":"warn","message":"Erro no Redis","service":"vetpro-backend","timestamp":"2026-02-27 15:42:37"}
{"error":"getaddrinfo ENOTFOUND redis","level":"warn","message":"Erro no Redis","service":"vetpro-backend","timestamp":"2026-02-27 15:42:44"}
{"error":"getaddrinfo ENOTFOUND redis","level":"warn","message":"Erro no Redis","service":"vetpro-backend","timestamp":"2026-02-27 15:42:45"}
{"error":"getaddrinfo ENOTFOUND redis","level":"warn","message":"Erro no Redis","service":"vetpro-backend","timestamp":"2026-02-27 15:42:46"}
{"error":"getaddrinfo ENOTFOUND redis","level":"warn","message":"Erro no Redis","service":"vetpro-backend","timestamp":"2026-02-27 15:42:46"}
{"error":"getaddrinfo ENOTFOUND redis","level":"warn","message":"Erro no Redis","service":"vetpro-backend","timestamp":"2026-02-27 15:42:49"}
{"error":"getaddrinfo ENOTFOUND redis","level":"warn","message":"Erro no Redis","service":"vetpro-backend","timestamp":"2026-02-27 15:42:49"}
{"error":"getaddrinfo ENOTFOUND redis","level":"warn","message":"Erro no Redis","service":"vetpro-backend","timestamp":"2026-02-27 15:42:51"}
{"error":"getaddrinfo ENOTFOUND redis","level":"warn","message":"Erro no Redis","service":"vetpro-backend","timestamp":"2026-02-27 15:42:51"}
{"error":"getaddrinfo ENOTFOUND redis","level":"warn","message":"Erro no Redis","service":"vetpro-backend","timestamp":"2026-02-27 15:42:53"}
{"error":"getaddrinfo ENOTFOUND redis","level":"warn","message":"Erro no Redis","service":"vetpro-backend","timestamp":"2026-02-27 15:42:54"}
{"error":"getaddrinfo ENOTFOUND redis","level":"warn","message":"Erro no Redis","service":"vetpro-backend","timestamp":"2026-02-27 15:42:55"}
{"error":"getaddrinfo ENOTFOUND redis","level":"warn","message":"Erro no Redis","service":"vetpro-backend","timestamp":"2026-02-27 15:42:56"}
{"error":"getaddrinfo ENOTFOUND redis","level":"warn","message":"Erro no Redis","service":"vetpro-backend","timestamp":"2026-02-27 15:42:58"}
{"error":"getaddrinfo ENOTFOUND redis","level":"warn","message":"Erro no Redis","service":"vetpro-backend","timestamp":"2026-02-27 15:42:59"}
{"error":"getaddrinfo ENOTFOUND redis","level":"warn","message":"Erro no Redis","service":"vetpro-backend","timestamp":"2026-02-27 15:43:04"}
{"error":"getaddrinfo ENOTFOUND redis","level":"warn","message":"Erro no Redis","service":"vetpro-backend","timestamp":"2026-02-27 15:43:05"}
{"error":"getaddrinfo ENOTFOUND redis","level":"warn","message":"Erro no Redis","service":"vetpro-backend","timestamp":"2026-02-27 15:43:07"}
{"error":"getaddrinfo ENOTFOUND redis","level":"warn","message":"Erro no Redis","service":"vetpro-backend","timestamp":"2026-02-27 15:43:08"}
{"error":"getaddrinfo ENOTFOUND redis","level":"warn","message":"Erro no Redis","service":"vetpro-backend","timestamp":"2026-02-27 15:43:09"}
{"error":"getaddrinfo ENOTFOUND redis","level":"warn","message":"Erro no Redis","service":"vetpro-backend","timestamp":"2026-02-27 15:43:10"}
{"error":"getaddrinfo ENOTFOUND redis","level":"warn","message":"Erro no Redis","service":"vetpro-backend","timestamp":"2026-02-27 15:43:12"}
{"error":"getaddrinfo ENOTFOUND redis","level":"warn","message":"Erro no Redis","service":"vetpro-backend","timestamp":"2026-02-27 15:43:12"}
{"error":"getaddrinfo ENOTFOUND redis","level":"warn","message":"Erro no Redis","service":"vetpro-backend","timestamp":"2026-02-27 15:43:14"}
{"error":"getaddrinfo ENOTFOUND redis","level":"warn","message":"Erro no Redis","service":"vetpro-backend","timestamp":"2026-02-27 15:43:14"}
{"error":"getaddrinfo ENOTFOUND redis","level":"warn","message":"Erro no Redis","service":"vetpro-backend","timestamp":"2026-02-27 15:43:17"}
{"error":"getaddrinfo ENOTFOUND redis","level":"warn","message":"Erro no Redis","service":"vetpro-backend","timestamp":"2026-02-27 15:43:17"}
{"error":"getaddrinfo ENOTFOUND redis","level":"warn","message":"Erro no Redis","service":"vetpro-backend","timestamp":"2026-02-27 15:43:18"}
{"error":"getaddrinfo ENOTFOUND redis","level":"warn","message":"Erro no Redis","service":"vetpro-backend","timestamp":"2026-02-27 15:43:19"}
{"error":"getaddrinfo ENOTFOUND redis","level":"warn","message":"Erro no Redis","service":"vetpro-backend","timestamp":"2026-02-27 15:43:26"}
{"error":"getaddrinfo ENOTFOUND redis","level":"warn","message":"Erro no Redis","service":"vetpro-backend","timestamp":"2026-02-27 15:43:26"}
{"error":"getaddrinfo ENOTFOUND redis","level":"warn","message":"Erro no Redis","service":"vetpro-backend","timestamp":"2026-02-27 15:43:28"}
{"error":"getaddrinfo ENOTFOUND redis","level":"warn","message":"Erro no Redis","service":"vetpro-backend","timestamp":"2026-02-27 15:43:28"}
{"error":"getaddrinfo ENOTFOUND redis","level":"warn","message":"Erro no Redis","service":"vetpro-backend","timestamp":"2026-02-27 15:43:31"}
{"error":"getaddrinfo ENOTFOUND redis","level":"warn","message":"Erro no Redis","service":"vetpro-backend","timestamp":"2026-02-27 15:43:31"}
{"error":"getaddrinfo ENOTFOUND redis","level":"warn","message":"Erro no Redis","service":"vetpro-backend","timestamp":"2026-02-27 15:43:32"}
{"error":"getaddrinfo ENOTFOUND redis","level":"warn","message":"Erro no Redis","service":"vetpro-backend","timestamp":"2026-02-27 15:43:33"}
{"error":"getaddrinfo ENOTFOUND redis","level":"warn","message":"Erro no Redis","service":"vetpro-backend","timestamp":"2026-02-27 15:43:35"}
{"error":"getaddrinfo ENOTFOUND redis","level":"warn","message":"Erro no Redis","service":"vetpro-backend","timestamp":"2026-02-27 15:43:36"}
{"error":"getaddrinfo ENOTFOUND redis","level":"warn","message":"Erro no Redis","service":"vetpro-backend","timestamp":"2026-02-27 15:43:37"}
{"error":"getaddrinfo ENOTFOUND redis","level":"warn","message":"Erro no Redis","service":"vetpro-backend","timestamp":"2026-02-27 15:43:37"}
{"error":"getaddrinfo ENOTFOUND redis","level":"warn","message":"Erro no Redis","service":"vetpro-backend","timestamp":"2026-02-27 15:43:40"}
{"error":"getaddrinfo ENOTFOUND redis","level":"warn","message":"Erro no Redis","service":"vetpro-backend","timestamp":"2026-02-27 15:43:40"}
{"error":"getaddrinfo ENOTFOUND redis","level":"warn","message":"Erro no Redis","service":"vetpro-backend","timestamp":"2026-02-27 15:43:46"}
{"error":"getaddrinfo ENOTFOUND redis","level":"warn","message":"Erro no Redis","service":"vetpro-backend","timestamp":"2026-02-27 15:43:47"}
{"error":"getaddrinfo ENOTFOUND redis","level":"warn","message":"Erro no Redis","service":"vetpro-backend","timestamp":"2026-02-27 15:43:49"}
{"error":"getaddrinfo ENOTFOUND redis","level":"warn","message":"Erro no Redis","service":"vetpro-backend","timestamp":"2026-02-27 15:43:50"}
{"error":"getaddrinfo ENOTFOUND redis","level":"warn","message":"Erro no Redis","service":"vetpro-backend","timestamp":"2026-02-27 15:43:51"}
{"error":"getaddrinfo ENOTFOUND redis","level":"warn","message":"Erro no Redis","service":"vetpro-backend","timestamp":"2026-02-27 15:43:51"}
{"error":"getaddrinfo ENOTFOUND redis","level":"warn","message":"Erro no Redis","service":"vetpro-backend","timestamp":"2026-02-27 15:43:54"}
{"error":"getaddrinfo ENOTFOUND redis","level":"warn","message":"Erro no Redis","service":"vetpro-backend","timestamp":"2026-02-27 15:43:54"}
{"error":"getaddrinfo ENOTFOUND redis","level":"warn","message":"Erro no Redis","service":"vetpro-backend","timestamp":"2026-02-27 15:43:56"}
{"error":"getaddrinfo ENOTFOUND redis","level":"warn","message":"Erro no Redis","service":"vetpro-backend","timestamp":"2026-02-27 15:43:56"}
{"error":"getaddrinfo ENOTFOUND redis","level":"warn","message":"Erro no Redis","service":"vetpro-backend","timestamp":"2026-02-27 15:43:58"}
{"error":"getaddrinfo ENOTFOUND redis","level":"warn","message":"Erro no Redis","service":"vetpro-backend","timestamp":"2026-02-27 15:43:59"}
{"error":"getaddrinfo ENOTFOUND redis","level":"warn","message":"Erro no Redis","service":"vetpro-backend","timestamp":"2026-02-27 15:44:00"}
{"error":"getaddrinfo ENOTFOUND redis","level":"warn","message":"Erro no Redis","service":"vetpro-backend","timestamp":"2026-02-27 15:44:01"}
{"error":"getaddrinfo ENOTFOUND redis","level":"warn","message":"Erro no Redis","service":"vetpro-backend","timestamp":"2026-02-27 15:44:08"}
{"error":"getaddrinfo ENOTFOUND redis","level":"warn","message":"Erro no Redis","service":"vetpro-backend","timestamp":"2026-02-27 15:44:08"}
{"error":"getaddrinfo ENOTFOUND redis","level":"warn","message":"Erro no Redis","service":"vetpro-backend","timestamp":"2026-02-27 15:44:09"}
{"error":"getaddrinfo ENOTFOUND redis","level":"warn","message":"Erro no Redis","service":"vetpro-backend","timestamp":"2026-02-27 15:44:10"}
{"error":"getaddrinfo ENOTFOUND redis","level":"warn","message":"Erro no Redis","service":"vetpro-backend","timestamp":"2026-02-27 15:44:12"}
{"error":"getaddrinfo ENOTFOUND redis","level":"warn","message":"Erro no Redis","service":"vetpro-backend","timestamp":"2026-02-27 15:44:13"}
{"error":"getaddrinfo ENOTFOUND redis","level":"warn","message":"Erro no Redis","service":"vetpro-backend","timestamp":"2026-02-27 15:44:14"}
{"error":"getaddrinfo ENOTFOUND redis","level":"warn","message":"Erro no Redis","service":"vetpro-backend","timestamp":"2026-02-27 15:44:15"}
{"error":"getaddrinfo ENOTFOUND redis","level":"warn","message":"Erro no Redis","service":"vetpro-backend","timestamp":"2026-02-27 15:44:17"}
{"error":"getaddrinfo ENOTFOUND redis","level":"warn","message":"Erro no Redis","service":"vetpro-backend","timestamp":"2026-02-27 15:44:17"}
{"error":"getaddrinfo ENOTFOUND redis","level":"warn","message":"Erro no Redis","service":"vetpro-backend","timestamp":"2026-02-27 15:44:19"}
{"error":"getaddrinfo ENOTFOUND redis","level":"warn","message":"Erro no Redis","service":"vetpro-backend","timestamp":"2026-02-27 15:44:19"}
{"error":"getaddrinfo ENOTFOUND redis","level":"warn","message":"Erro no Redis","service":"vetpro-backend","timestamp":"2026-02-27 15:44:22"}
{"error":"getaddrinfo ENOTFOUND redis","level":"warn","message":"Erro no Redis","service":"vetpro-backend","timestamp":"2026-02-27 15:44:22"}
{"error":"getaddrinfo ENOTFOUND redis","level":"warn","message":"Erro no Redis","service":"vetpro-backend","timestamp":"2026-02-27 15:44:28"}
{"error":"getaddrinfo ENOTFOUND redis","level":"warn","message":"Erro no Redis","service":"vetpro-backend","timestamp":"2026-02-27 15:44:28"}
{"error":"getaddrinfo ENOTFOUND redis","level":"warn","message":"Erro no Redis","service":"vetpro-backend","timestamp":"2026-02-27 15:44:31"}
{"error":"getaddrinfo ENOTFOUND redis","level":"warn","message":"Erro no Redis","service":"vetpro-backend","timestamp":"2026-02-27 15:44:31"}
{"error":"getaddrinfo ENOTFOUND redis","level":"warn","message":"Erro no Redis","service":"vetpro-backend","timestamp":"2026-02-27 15:44:33"}
{"error":"getaddrinfo ENOTFOUND redis","level":"warn","message":"Erro no Redis","service":"vetpro-backend","timestamp":"2026-02-27 15:44:33"}
{"error":"getaddrinfo ENOTFOUND redis","level":"warn","message":"Erro no Redis","service":"vetpro-backend","timestamp":"2026-02-27 15:44:36"}
{"error":"getaddrinfo ENOTFOUND redis","level":"warn","message":"Erro no Redis","service":"vetpro-backend","timestamp":"2026-02-27 15:44:36"}
{"error":"getaddrinfo ENOTFOUND redis","level":"warn","message":"Erro no Redis","service":"vetpro-backend","timestamp":"2026-02-27 15:44:37"}
{"error":"getaddrinfo ENOTFOUND redis","level":"warn","message":"Erro no Redis","service":"vetpro-backend","timestamp":"2026-02-27 15:44:38"}
{"error":"getaddrinfo ENOTFOUND redis","level":"warn","message":"Erro no Redis","service":"vetpro-backend","timestamp":"2026-02-27 15:44:40"}
{"error":"getaddrinfo ENOTFOUND redis","level":"warn","message":"Erro no Redis","service":"vetpro-backend","timestamp":"2026-02-27 15:44:41"}
{"error":"getaddrinfo ENOTFOUND redis","level":"warn","message":"Erro no Redis","service":"vetpro-backend","timestamp":"2026-02-27 15:44:42"}
{"error":"getaddrinfo ENOTFOUND redis","level":"warn","message":"Erro no Redis","service":"vetpro-backend","timestamp":"2026-02-27 15:44:42"}
{"error":"getaddrinfo ENOTFOUND redis","level":"warn","message":"Erro no Redis","service":"vetpro-backend","timestamp":"2026-02-27 15:44:49"}
{"error":"getaddrinfo ENOTFOUND redis","level":"warn","message":"Erro no Redis","service":"vetpro-backend","timestamp":"2026-02-27 15:44:50"}
{"error":"getaddrinfo ENOTFOUND redis","level":"warn","message":"Erro no Redis","service":"vetpro-backend","timestamp":"2026-02-27 15:44:51"}
{"error":"getaddrinfo ENOTFOUND redis","level":"warn","message":"Erro no Redis","service":"vetpro-backend","timestamp":"2026-02-27 15:44:52"}
{"error":"getaddrinfo ENOTFOUND redis","level":"warn","message":"Erro no Redis","service":"vetpro-backend","timestamp":"2026-02-27 15:44:54"}
{"error":"getaddrinfo ENOTFOUND redis","level":"warn","message":"Erro no Redis","service":"vetpro-backend","timestamp":"2026-02-27 15:44:55"}
{"error":"getaddrinfo ENOTFOUND redis","level":"warn","message":"Erro no Redis","service":"vetpro-backend","timestamp":"2026-02-27 15:44:56"}
{"error":"getaddrinfo ENOTFOUND redis","level":"warn","message":"Erro no Redis","service":"vetpro-backend","timestamp":"2026-02-27 15:44:56"}
{"error":"getaddrinfo ENOTFOUND redis","level":"warn","message":"Erro no Redis","service":"vetpro-backend","timestamp":"2026-02-27 15:44:59"}
{"error":"getaddrinfo ENOTFOUND redis","level":"warn","message":"Erro no Redis","service":"vetpro-backend","timestamp":"2026-02-27 15:44:59"}
{"error":"getaddrinfo ENOTFOUND redis","level":"warn","message":"Erro no Redis","service":"vetpro-backend","timestamp":"2026-02-27 15:45:00"}
{"error":"getaddrinfo ENOTFOUND redis","level":"warn","message":"Erro no Redis","service":"vetpro-backend","timestamp":"2026-02-27 15:45:01"}
{"error":"getaddrinfo ENOTFOUND redis","level":"warn","message":"Erro no Redis","service":"vetpro-backend","timestamp":"2026-02-27 15:45:03"}
{"error":"getaddrinfo ENOTFOUND redis","level":"warn","message":"Erro no Redis","service":"vetpro-backend","timestamp":"2026-02-27 15:45:04"}
{"error":"getaddrinfo ENOTFOUND redis","level":"warn","message":"Erro no Redis","service":"vetpro-backend","timestamp":"2026-02-27 15:45:10"}
{"error":"getaddrinfo ENOTFOUND redis","level":"warn","message":"Erro no Redis","service":"vetpro-backend","timestamp":"2026-02-27 15:45:10"}
{"error":"getaddrinfo ENOTFOUND redis","level":"warn","message":"Erro no Redis","service":"vetpro-backend","timestamp":"2026-02-27 15:45:13"}
{"error":"getaddrinfo ENOTFOUND redis","level":"warn","message":"Erro no Redis","service":"vetpro-backend","timestamp":"2026-02-27 15:45:13"}
{"error":"getaddrinfo ENOTFOUND redis","level":"warn","message":"Erro no Redis","service":"vetpro-backend","timestamp":"2026-02-27 15:45:14"}
{"error":"getaddrinfo ENOTFOUND redis","level":"warn","message":"Erro no Redis","service":"vetpro-backend","timestamp":"2026-02-27 15:45:15"}
{"error":"getaddrinfo ENOTFOUND redis","level":"warn","message":"Erro no Redis","service":"vetpro-backend","timestamp":"2026-02-27 15:45:17"}
{"error":"getaddrinfo ENOTFOUND redis","level":"warn","message":"Erro no Redis","service":"vetpro-backend","timestamp":"2026-02-27 15:45:18"}
{"error":"getaddrinfo ENOTFOUND redis","level":"warn","message":"Erro no Redis","service":"vetpro-backend","timestamp":"2026-02-27 15:45:19"}
{"error":"getaddrinfo ENOTFOUND redis","level":"warn","message":"Erro no Redis","service":"vetpro-backend","timestamp":"2026-02-27 15:45:19"}
{"error":"getaddrinfo ENOTFOUND redis","level":"warn","message":"Erro no Redis","service":"vetpro-backend","timestamp":"2026-02-27 15:45:22"}
{"error":"getaddrinfo ENOTFOUND redis","level":"warn","message":"Erro no Redis","service":"vetpro-backend","timestamp":"2026-02-27 15:45:22"}
{"error":"getaddrinfo ENOTFOUND redis","level":"warn","message":"Erro no Redis","service":"vetpro-backend","timestamp":"2026-02-27 15:45:24"}
{"error":"getaddrinfo ENOTFOUND redis","level":"warn","message":"Erro no Redis","service":"vetpro-backend","timestamp":"2026-02-27 15:45:24"}
{"error":"getaddrinfo ENOTFOUND redis","level":"warn","message":"Erro no Redis","service":"vetpro-backend","timestamp":"2026-02-27 15:45:31"}
{"error":"getaddrinfo ENOTFOUND redis","level":"warn","message":"Erro no Redis","service":"vetpro-backend","timestamp":"2026-02-27 15:45:32"}
{"error":"getaddrinfo ENOTFOUND redis","level":"warn","message":"Erro no Redis","service":"vetpro-backend","timestamp":"2026-02-27 15:45:33"}
{"error":"getaddrinfo ENOTFOUND redis","level":"warn","message":"Erro no Redis","service":"vetpro-backend","timestamp":"2026-02-27 15:45:33"}
{"error":"getaddrinfo ENOTFOUND redis","level":"warn","message":"Erro no Redis","service":"vetpro-backend","timestamp":"2026-02-27 15:45:36"}
{"error":"getaddrinfo ENOTFOUND redis","level":"warn","message":"Erro no Redis","service":"vetpro-backend","timestamp":"2026-02-27 15:45:36"}
{"error":"getaddrinfo ENOTFOUND redis","level":"warn","message":"Erro no Redis","service":"vetpro-backend","timestamp":"2026-02-27 15:45:38"}
{"error":"getaddrinfo ENOTFOUND redis","level":"warn","message":"Erro no Redis","service":"vetpro-backend","timestamp":"2026-02-27 15:45:38"}
{"error":"getaddrinfo ENOTFOUND redis","level":"warn","message":"Erro no Redis","service":"vetpro-backend","timestamp":"2026-02-27 15:45:41"}
{"error":"getaddrinfo ENOTFOUND redis","level":"warn","message":"Erro no Redis","service":"vetpro-backend","timestamp":"2026-02-27 15:45:41"}
{"error":"getaddrinfo ENOTFOUND redis","level":"warn","message":"Erro no Redis","service":"vetpro-backend","timestamp":"2026-02-27 15:45:42"}
{"error":"getaddrinfo ENOTFOUND redis","level":"warn","message":"Erro no Redis","service":"vetpro-backend","timestamp":"2026-02-27 15:45:43"}
{"error":"getaddrinfo ENOTFOUND redis","level":"warn","message":"Erro no Redis","service":"vetpro-backend","timestamp":"2026-02-27 15:45:45"}
{"error":"getaddrinfo ENOTFOUND redis","level":"warn","message":"Erro no Redis","service":"vetpro-backend","timestamp":"2026-02-27 15:45:46"}
{"error":"getaddrinfo ENOTFOUND redis","level":"warn","message":"Erro no Redis","service":"vetpro-backend","timestamp":"2026-02-27 15:45:51"}
{"error":"getaddrinfo ENOTFOUND redis","level":"warn","message":"Erro no Redis","service":"vetpro-backend","timestamp":"2026-02-27 15:45:52"}
{"error":"getaddrinfo ENOTFOUND redis","level":"warn","message":"Erro no Redis","service":"vetpro-backend","timestamp":"2026-02-27 15:45:54"}
{"error":"getaddrinfo ENOTFOUND redis","level":"warn","message":"Erro no Redis","service":"vetpro-backend","timestamp":"2026-02-27 15:45:55"}
{"error":"getaddrinfo ENOTFOUND redis","level":"warn","message":"Erro no Redis","service":"vetpro-backend","timestamp":"2026-02-27 15:45:56"}
{"error":"getaddrinfo ENOTFOUND redis","level":"warn","message":"Erro no Redis","service":"vetpro-backend","timestamp":"2026-02-27 15:45:57"}
{"error":"getaddrinfo ENOTFOUND redis","level":"warn","message":"Erro no Redis","service":"vetpro-backend","timestamp":"2026-02-27 15:45:59"}
{"error":"getaddrinfo ENOTFOUND redis","level":"warn","message":"Erro no Redis","service":"vetpro-backend","timestamp":"2026-02-27 15:45:59"}
{"error":"getaddrinfo ENOTFOUND redis","level":"warn","message":"Erro no Redis","service":"vetpro-backend","timestamp":"2026-02-27 15:46:01"}
{"error":"getaddrinfo ENOTFOUND redis","level":"warn","message":"Erro no Redis","service":"vetpro-backend","timestamp":"2026-02-27 15:46:01"}
{"error":"getaddrinfo ENOTFOUND redis","level":"warn","message":"Erro no Redis","service":"vetpro-backend","timestamp":"2026-02-27 15:46:04"}
{"error":"getaddrinfo ENOTFOUND redis","level":"warn","message":"Erro no Redis","service":"vetpro-backend","timestamp":"2026-02-27 15:46:04"}
{"error":"getaddrinfo ENOTFOUND redis","level":"warn","message":"Erro no Redis","service":"vetpro-backend","timestamp":"2026-02-27 15:46:05"}
{"error":"getaddrinfo ENOTFOUND redis","level":"warn","message":"Erro no Redis","service":"vetpro-backend","timestamp":"2026-02-27 15:46:06"}
{"error":"getaddrinfo ENOTFOUND redis","level":"warn","message":"Erro no Redis","service":"vetpro-backend","timestamp":"2026-02-27 15:46:13"}
{"error":"getaddrinfo ENOTFOUND redis","level":"warn","message":"Erro no Redis","service":"vetpro-backend","timestamp":"2026-02-27 15:46:13"}
{"error":"getaddrinfo ENOTFOUND redis","level":"warn","message":"Erro no Redis","service":"vetpro-backend","timestamp":"2026-02-27 15:46:15"}
{"error":"getaddrinfo ENOTFOUND redis","level":"warn","message":"Erro no Redis","service":"vetpro-backend","timestamp":"2026-02-27 15:46:15"}
{"level":"error","message":"Nome do paciente e obrigatorio.","service":"vetpro-backend","stack":"ValidationError: Nome do paciente e obrigatorio.\n    at validatePatientInput (C:\\Cliente\\HSS\\VetPro\\vetpro-backend\\src\\services\\patientService.js:70:20)\n    at Object.validatePatientInput [as createPatient] (C:\\Cliente\\HSS\\VetPro\\vetpro-backend\\src\\services\\patientService.js:142:3)\n    at createPatient (C:\\Cliente\\HSS\\VetPro\\vetpro-backend\\src\\controllers\\patientController.js:18:42)\n    at Layer.handle [as handle_request] (C:\\Cliente\\HSS\\VetPro\\vetpro-backend\\node_modules\\express\\lib\\router\\layer.js:95:5)\n    at next (C:\\Cliente\\HSS\\VetPro\\vetpro-backend\\node_modules\\express\\lib\\router\\route.js:149:13)\n    at next (C:\\Cliente\\HSS\\VetPro\\vetpro-backend\\src\\middlewares\\validationMiddleware.js:78:12)\n    at Layer.handle [as handle_request] (C:\\Cliente\\HSS\\VetPro\\vetpro-backend\\node_modules\\express\\lib\\router\\layer.js:95:5)\n    at next (C:\\Cliente\\HSS\\VetPro\\vetpro-backend\\node_modules\\express\\lib\\router\\route.js:149:13)\n    at Route.dispatch (C:\\Cliente\\HSS\\VetPro\\vetpro-backend\\node_modules\\express\\lib\\router\\route.js:119:3)\n    at Layer.handle [as handle_request] (C:\\Cliente\\HSS\\VetPro\\vetpro-backend\\node_modules\\express\\lib\\router\\layer.js:95:5)\n    at C:\\Cliente\\HSS\\VetPro\\vetpro-backend\\node_modules\\express\\lib\\router\\index.js:284:15\n    at Function.process_params (C:\\Cliente\\HSS\\VetPro\\vetpro-backend\\node_modules\\express\\lib\\router\\index.js:346:12)\n    at next (C:\\Cliente\\HSS\\VetPro\\vetpro-backend\\node_modules\\express\\lib\\router\\index.js:280:10)\n    at next (C:\\Cliente\\HSS\\VetPro\\vetpro-backend\\src\\tests\\consultationRoutes.test.js:39:5)\n    at Layer.handle [as handle_request] (C:\\Cliente\\HSS\\VetPro\\vetpro-backend\\node_modules\\express\\lib\\router\\layer.js:95:5)\n    at trim_prefix (C:\\Cliente\\HSS\\VetPro\\vetpro-backend\\node_modules\\express\\lib\\router\\index.js:328:13)\n    at C:\\Cliente\\HSS\\VetPro\\vetpro-backend\\node_modules\\express\\lib\\router\\index.js:286:9\n    at Function.process_params (C:\\Cliente\\HSS\\VetPro\\vetpro-backend\\node_modules\\express\\lib\\router\\index.js:346:12)\n    at next (C:\\Cliente\\HSS\\VetPro\\vetpro-backend\\node_modules\\express\\lib\\router\\index.js:280:10)\n    at Function.handle (C:\\Cliente\\HSS\\VetPro\\vetpro-backend\\node_modules\\express\\lib\\router\\index.js:175:3)\n    at router (C:\\Cliente\\HSS\\VetPro\\vetpro-backend\\node_modules\\express\\lib\\router\\index.js:47:12)\n    at Layer.handle [as handle_request] (C:\\Cliente\\HSS\\VetPro\\vetpro-backend\\node_modules\\express\\lib\\router\\layer.js:95:5)\n    at trim_prefix (C:\\Cliente\\HSS\\VetPro\\vetpro-backend\\node_modules\\express\\lib\\router\\index.js:328:13)\n    at C:\\Cliente\\HSS\\VetPro\\vetpro-backend\\node_modules\\express\\lib\\router\\index.js:286:9\n    at Function.process_params (C:\\Cliente\\HSS\\VetPro\\vetpro-backend\\node_modules\\express\\lib\\router\\index.js:346:12)\n    at next (C:\\Cliente\\HSS\\VetPro\\vetpro-backend\\node_modules\\express\\lib\\router\\index.js:280:10)\n    at C:\\Cliente\\HSS\\VetPro\\vetpro-backend\\node_modules\\express-rate-limit\\dist\\index.cjs:942:7\n    at processTicksAndRejections (node:internal/process/task_queues:95:5)\n    at C:\\Cliente\\HSS\\VetPro\\vetpro-backend\\node_modules\\express-rate-limit\\dist\\index.cjs:825:5","timestamp":"2026-02-27 15:46:17"}
{"level":"error","message":"Especie e obrigatoria.","service":"vetpro-backend","stack":"ValidationError: Especie e obrigatoria.\n    at validatePatientInput (C:\\Cliente\\HSS\\VetPro\\vetpro-backend\\src\\services\\patientService.js:71:23)\n    at Object.validatePatientInput [as updatePatient] (C:\\Cliente\\HSS\\VetPro\\vetpro-backend\\src\\services\\patientService.js:202:3)\n    at updatePatient (C:\\Cliente\\HSS\\VetPro\\vetpro-backend\\src\\controllers\\patientController.js:56:42)\n    at Layer.handle [as handle_request] (C:\\Cliente\\HSS\\VetPro\\vetpro-backend\\node_modules\\express\\lib\\router\\layer.js:95:5)\n    at next (C:\\Cliente\\HSS\\VetPro\\vetpro-backend\\node_modules\\express\\lib\\router\\route.js:149:13)\n    at next (C:\\Cliente\\HSS\\VetPro\\vetpro-backend\\src\\middlewares\\validationMiddleware.js:78:12)\n    at Layer.handle [as handle_request] (C:\\Cliente\\HSS\\VetPro\\vetpro-backend\\node_modules\\express\\lib\\router\\layer.js:95:5)\n    at next (C:\\Cliente\\HSS\\VetPro\\vetpro-backend\\node_modules\\express\\lib\\router\\route.js:149:13)\n    at Route.dispatch (C:\\Cliente\\HSS\\VetPro\\vetpro-backend\\node_modules\\express\\lib\\router\\route.js:119:3)\n    at Layer.handle [as handle_request] (C:\\Cliente\\HSS\\VetPro\\vetpro-backend\\node_modules\\express\\lib\\router\\layer.js:95:5)\n    at C:\\Cliente\\HSS\\VetPro\\vetpro-backend\\node_modules\\express\\lib\\router\\index.js:284:15\n    at param (C:\\Cliente\\HSS\\VetPro\\vetpro-backend\\node_modules\\express\\lib\\router\\index.js:365:14)\n    at param (C:\\Cliente\\HSS\\VetPro\\vetpro-backend\\node_modules\\express\\lib\\router\\index.js:376:14)\n    at Function.process_params (C:\\Cliente\\HSS\\VetPro\\vetpro-backend\\node_modules\\express\\lib\\router\\index.js:421:3)\n    at next (C:\\Cliente\\HSS\\VetPro\\vetpro-backend\\node_modules\\express\\lib\\router\\index.js:280:10)\n    at next (C:\\Cliente\\HSS\\VetPro\\vetpro-backend\\src\\tests\\consultationRoutes.test.js:39:5)\n    at Layer.handle [as handle_request] (C:\\Cliente\\HSS\\VetPro\\vetpro-backend\\node_modules\\express\\lib\\router\\layer.js:95:5)\n    at trim_prefix (C:\\Cliente\\HSS\\VetPro\\vetpro-backend\\node_modules\\express\\lib\\router\\index.js:328:13)\n    at C:\\Cliente\\HSS\\VetPro\\vetpro-backend\\node_modules\\express\\lib\\router\\index.js:286:9\n    at Function.process_params (C:\\Cliente\\HSS\\VetPro\\vetpro-backend\\node_modules\\express\\lib\\router\\index.js:346:12)\n    at next (C:\\Cliente\\HSS\\VetPro\\vetpro-backend\\node_modules\\express\\lib\\router\\index.js:280:10)\n    at Function.handle (C:\\Cliente\\HSS\\VetPro\\vetpro-backend\\node_modules\\express\\lib\\router\\index.js:175:3)\n    at router (C:\\Cliente\\HSS\\VetPro\\vetpro-backend\\node_modules\\express\\lib\\router\\index.js:47:12)\n    at Layer.handle [as handle_request] (C:\\Cliente\\HSS\\VetPro\\vetpro-backend\\node_modules\\express\\lib\\router\\layer.js:95:5)\n    at trim_prefix (C:\\Cliente\\HSS\\VetPro\\vetpro-backend\\node_modules\\express\\lib\\router\\index.js:328:13)\n    at C:\\Cliente\\HSS\\VetPro\\vetpro-backend\\node_modules\\express\\lib\\router\\index.js:286:9\n    at Function.process_params (C:\\Cliente\\HSS\\VetPro\\vetpro-backend\\node_modules\\express\\lib\\router\\index.js:346:12)\n    at next (C:\\Cliente\\HSS\\VetPro\\vetpro-backend\\node_modules\\express\\lib\\router\\index.js:280:10)\n    at C:\\Cliente\\HSS\\VetPro\\vetpro-backend\\node_modules\\express-rate-limit\\dist\\index.cjs:942:7\n    at processTicksAndRejections (node:internal/process/task_queues:95:5)\n    at C:\\Cliente\\HSS\\VetPro\\vetpro-backend\\node_modules\\express-rate-limit\\dist\\index.cjs:825:5","timestamp":"2026-02-27 15:46:17"}
{"error":"getaddrinfo ENOTFOUND redis","level":"warn","message":"Erro no Redis","service":"vetpro-backend","timestamp":"2026-02-27 15:46:18"}
{"error":"getaddrinfo ENOTFOUND redis","level":"warn","message":"Erro no Redis","service":"vetpro-backend","timestamp":"2026-02-27 15:46:18"}
{"error":"getaddrinfo ENOTFOUND redis","level":"warn","message":"Erro no Redis","service":"vetpro-backend","timestamp":"2026-02-27 15:46:19"}
{"error":"getaddrinfo ENOTFOUND redis","level":"warn","message":"Erro no Redis","service":"vetpro-backend","timestamp":"2026-02-27 15:46:20"}
{"error":"getaddrinfo ENOTFOUND redis","level":"warn","message":"Erro no Redis","service":"vetpro-backend","timestamp":"2026-02-27 15:46:22"}
{"error":"getaddrinfo ENOTFOUND redis","level":"warn","message":"Erro no Redis","service":"vetpro-backend","timestamp":"2026-02-27 15:46:23"}
{"error":"getaddrinfo ENOTFOUND redis","level":"warn","message":"Erro no Redis","service":"vetpro-backend","timestamp":"2026-02-27 15:46:24"}
{"error":"getaddrinfo ENOTFOUND redis","level":"warn","message":"Erro no Redis","service":"vetpro-backend","timestamp":"2026-02-27 15:46:24"}
{"error":"getaddrinfo ENOTFOUND redis","level":"warn","message":"Erro no Redis","service":"vetpro-backend","timestamp":"2026-02-27 15:46:27"}
{"error":"getaddrinfo ENOTFOUND redis","level":"warn","message":"Erro no Redis","service":"vetpro-backend","timestamp":"2026-02-27 15:46:27"}
{"error":"getaddrinfo ENOTFOUND redis","level":"warn","message":"Erro no Redis","service":"vetpro-backend","timestamp":"2026-02-27 15:46:33"}
{"error":"getaddrinfo ENOTFOUND redis","level":"warn","message":"Erro no Redis","service":"vetpro-backend","timestamp":"2026-02-27 15:46:34"}
{"error":"getaddrinfo ENOTFOUND redis","level":"warn","message":"Erro no Redis","service":"vetpro-backend","timestamp":"2026-02-27 15:46:36"}
{"error":"getaddrinfo ENOTFOUND redis","level":"warn","message":"Erro no Redis","service":"vetpro-backend","timestamp":"2026-02-27 15:46:37"}
{"error":"getaddrinfo ENOTFOUND redis","level":"warn","message":"Erro no Redis","service":"vetpro-backend","timestamp":"2026-02-27 15:46:38"}
{"error":"getaddrinfo ENOTFOUND redis","level":"warn","message":"Erro no Redis","service":"vetpro-backend","timestamp":"2026-02-27 15:46:38"}
{"error":"getaddrinfo ENOTFOUND redis","level":"warn","message":"Erro no Redis","service":"vetpro-backend","timestamp":"2026-02-27 15:46:41"}
{"error":"getaddrinfo ENOTFOUND redis","level":"warn","message":"Erro no Redis","service":"vetpro-backend","timestamp":"2026-02-27 15:46:41"}
{"error":"getaddrinfo ENOTFOUND redis","level":"warn","message":"Erro no Redis","service":"vetpro-backend","timestamp":"2026-02-27 15:46:43"}
{"error":"getaddrinfo ENOTFOUND redis","level":"warn","message":"Erro no Redis","service":"vetpro-backend","timestamp":"2026-02-27 15:46:43"}
{"error":"getaddrinfo ENOTFOUND redis","level":"warn","message":"Erro no Redis","service":"vetpro-backend","timestamp":"2026-02-27 15:46:46"}
{"error":"getaddrinfo ENOTFOUND redis","level":"warn","message":"Erro no Redis","service":"vetpro-backend","timestamp":"2026-02-27 15:46:46"}
{"error":"getaddrinfo ENOTFOUND redis","level":"warn","message":"Erro no Redis","service":"vetpro-backend","timestamp":"2026-02-27 15:46:47"}
{"error":"getaddrinfo ENOTFOUND redis","level":"warn","message":"Erro no Redis","service":"vetpro-backend","timestamp":"2026-02-27 15:46:48"}
{"error":"getaddrinfo ENOTFOUND redis","level":"warn","message":"Erro no Redis","service":"vetpro-backend","timestamp":"2026-02-27 15:46:55"}
{"error":"getaddrinfo ENOTFOUND redis","level":"warn","message":"Erro no Redis","service":"vetpro-backend","timestamp":"2026-02-27 15:46:55"}
{"error":"getaddrinfo ENOTFOUND redis","level":"warn","message":"Erro no Redis","service":"vetpro-backend","timestamp":"2026-02-27 15:46:56"}
{"error":"getaddrinfo ENOTFOUND redis","level":"warn","message":"Erro no Redis","service":"vetpro-backend","timestamp":"2026-02-27 15:46:57"}
{"error":"getaddrinfo ENOTFOUND redis","level":"warn","message":"Erro no Redis","service":"vetpro-backend","timestamp":"2026-02-27 15:46:59"}
{"error":"getaddrinfo ENOTFOUND redis","level":"warn","message":"Erro no Redis","service":"vetpro-backend","timestamp":"2026-02-27 15:47:00"}
{"error":"getaddrinfo ENOTFOUND redis","level":"warn","message":"Erro no Redis","service":"vetpro-backend","timestamp":"2026-02-27 15:47:01"}
{"error":"getaddrinfo ENOTFOUND redis","level":"warn","message":"Erro no Redis","service":"vetpro-backend","timestamp":"2026-02-27 15:47:02"}
{"error":"getaddrinfo ENOTFOUND redis","level":"warn","message":"Erro no Redis","service":"vetpro-backend","timestamp":"2026-02-27 15:47:04"}
{"error":"getaddrinfo ENOTFOUND redis","level":"warn","message":"Erro no Redis","service":"vetpro-backend","timestamp":"2026-02-27 15:47:05"}
{"error":"getaddrinfo ENOTFOUND redis","level":"warn","message":"Erro no Redis","service":"vetpro-backend","timestamp":"2026-02-27 15:47:06"}
{"error":"getaddrinfo ENOTFOUND redis","level":"warn","message":"Erro no Redis","service":"vetpro-backend","timestamp":"2026-02-27 15:47:06"}
{"error":"getaddrinfo ENOTFOUND redis","level":"warn","message":"Erro no Redis","service":"vetpro-backend","timestamp":"2026-02-27 15:47:09"}
{"error":"getaddrinfo ENOTFOUND redis","level":"warn","message":"Erro no Redis","service":"vetpro-backend","timestamp":"2026-02-27 15:47:09"}
{"error":"getaddrinfo ENOTFOUND redis","level":"warn","message":"Erro no Redis","service":"vetpro-backend","timestamp":"2026-02-27 15:47:15"}
{"error":"getaddrinfo ENOTFOUND redis","level":"warn","message":"Erro no Redis","service":"vetpro-backend","timestamp":"2026-02-27 15:47:15"}
{"error":"getaddrinfo ENOTFOUND redis","level":"warn","message":"Erro no Redis","service":"vetpro-backend","timestamp":"2026-02-27 15:47:18"}
{"error":"getaddrinfo ENOTFOUND redis","level":"warn","message":"Erro no Redis","service":"vetpro-backend","timestamp":"2026-02-27 15:47:18"}
{"error":"getaddrinfo ENOTFOUND redis","level":"warn","message":"Erro no Redis","service":"vetpro-backend","timestamp":"2026-02-27 15:47:20"}
{"error":"getaddrinfo ENOTFOUND redis","level":"warn","message":"Erro no Redis","service":"vetpro-backend","timestamp":"2026-02-27 15:47:20"}
{"error":"getaddrinfo ENOTFOUND redis","level":"warn","message":"Erro no Redis","service":"vetpro-backend","timestamp":"2026-02-27 15:47:23"}
{"error":"getaddrinfo ENOTFOUND redis","level":"warn","message":"Erro no Redis","service":"vetpro-backend","timestamp":"2026-02-27 15:47:23"}
{"error":"getaddrinfo ENOTFOUND redis","level":"warn","message":"Erro no Redis","service":"vetpro-backend","timestamp":"2026-02-27 15:47:24"}
{"error":"getaddrinfo ENOTFOUND redis","level":"warn","message":"Erro no Redis","service":"vetpro-backend","timestamp":"2026-02-27 15:47:25"}
{"error":"getaddrinfo ENOTFOUND redis","level":"warn","message":"Erro no Redis","service":"vetpro-backend","timestamp":"2026-02-27 15:47:27"}
{"error":"getaddrinfo ENOTFOUND redis","level":"warn","message":"Erro no Redis","service":"vetpro-backend","timestamp":"2026-02-27 15:47:28"}
{"error":"getaddrinfo ENOTFOUND redis","level":"warn","message":"Erro no Redis","service":"vetpro-backend","timestamp":"2026-02-27 15:47:29"}
{"error":"getaddrinfo ENOTFOUND redis","level":"warn","message":"Erro no Redis","service":"vetpro-backend","timestamp":"2026-02-27 15:47:29"}
{"error":"getaddrinfo ENOTFOUND redis","level":"warn","message":"Erro no Redis","service":"vetpro-backend","timestamp":"2026-02-27 15:47:36"}
{"error":"getaddrinfo ENOTFOUND redis","level":"warn","message":"Erro no Redis","service":"vetpro-backend","timestamp":"2026-02-27 15:47:37"}
{"error":"getaddrinfo ENOTFOUND redis","level":"warn","message":"Erro no Redis","service":"vetpro-backend","timestamp":"2026-02-27 15:47:38"}
{"error":"getaddrinfo ENOTFOUND redis","level":"warn","message":"Erro no Redis","service":"vetpro-backend","timestamp":"2026-02-27 15:47:39"}
{"error":"getaddrinfo ENOTFOUND redis","level":"warn","message":"Erro no Redis","service":"vetpro-backend","timestamp":"2026-02-27 15:47:41"}
{"error":"getaddrinfo ENOTFOUND redis","level":"warn","message":"Erro no Redis","service":"vetpro-backend","timestamp":"2026-02-27 15:47:42"}
{"error":"getaddrinfo ENOTFOUND redis","level":"warn","message":"Erro no Redis","service":"vetpro-backend","timestamp":"2026-02-27 15:47:43"}
{"error":"getaddrinfo ENOTFOUND redis","level":"warn","message":"Erro no Redis","service":"vetpro-backend","timestamp":"2026-02-27 15:47:43"}
{"error":"getaddrinfo ENOTFOUND redis","level":"warn","message":"Erro no Redis","service":"vetpro-backend","timestamp":"2026-02-27 15:47:46"}
{"error":"getaddrinfo ENOTFOUND redis","level":"warn","message":"Erro no Redis","service":"vetpro-backend","timestamp":"2026-02-27 15:47:46"}
{"error":"getaddrinfo ENOTFOUND redis","level":"warn","message":"Erro no Redis","service":"vetpro-backend","timestamp":"2026-02-27 15:47:48"}
{"error":"getaddrinfo ENOTFOUND redis","level":"warn","message":"Erro no Redis","service":"vetpro-backend","timestamp":"2026-02-27 15:47:48"}
{"error":"getaddrinfo ENOTFOUND redis","level":"warn","message":"Erro no Redis","service":"vetpro-backend","timestamp":"2026-02-27 15:47:50"}
{"error":"getaddrinfo ENOTFOUND redis","level":"warn","message":"Erro no Redis","service":"vetpro-backend","timestamp":"2026-02-27 15:47:51"}
{"error":"getaddrinfo ENOTFOUND redis","level":"warn","message":"Erro no Redis","service":"vetpro-backend","timestamp":"2026-02-27 15:47:57"}
{"error":"getaddrinfo ENOTFOUND redis","level":"warn","message":"Erro no Redis","service":"vetpro-backend","timestamp":"2026-02-27 15:47:57"}
{"error":"getaddrinfo ENOTFOUND redis","level":"warn","message":"Erro no Redis","service":"vetpro-backend","timestamp":"2026-02-27 15:48:00"}
{"error":"getaddrinfo ENOTFOUND redis","level":"warn","message":"Erro no Redis","service":"vetpro-backend","timestamp":"2026-02-27 15:48:00"}
{"error":"getaddrinfo ENOTFOUND redis","level":"warn","message":"Erro no Redis","service":"vetpro-backend","timestamp":"2026-02-27 15:48:01"}
{"error":"getaddrinfo ENOTFOUND redis","level":"warn","message":"Erro no Redis","service":"vetpro-backend","timestamp":"2026-02-27 15:48:02"}
{"error":"getaddrinfo ENOTFOUND redis","level":"warn","message":"Erro no Redis","service":"vetpro-backend","timestamp":"2026-02-27 15:48:04"}
{"error":"getaddrinfo ENOTFOUND redis","level":"warn","message":"Erro no Redis","service":"vetpro-backend","timestamp":"2026-02-27 15:48:05"}
{"error":"getaddrinfo ENOTFOUND redis","level":"warn","message":"Erro no Redis","service":"vetpro-backend","timestamp":"2026-02-27 15:48:06"}
{"error":"getaddrinfo ENOTFOUND redis","level":"warn","message":"Erro no Redis","service":"vetpro-backend","timestamp":"2026-02-27 15:48:07"}
{"error":"getaddrinfo ENOTFOUND redis","level":"warn","message":"Erro no Redis","service":"vetpro-backend","timestamp":"2026-02-27 15:48:09"}
{"error":"getaddrinfo ENOTFOUND redis","level":"warn","message":"Erro no Redis","service":"vetpro-backend","timestamp":"2026-02-27 15:48:09"}
{"error":"getaddrinfo ENOTFOUND redis","level":"warn","message":"Erro no Redis","service":"vetpro-backend","timestamp":"2026-02-27 15:48:11"}
{"error":"getaddrinfo ENOTFOUND redis","level":"warn","message":"Erro no Redis","service":"vetpro-backend","timestamp":"2026-02-27 15:48:11"}
{"error":"getaddrinfo ENOTFOUND redis","level":"warn","message":"Erro no Redis","service":"vetpro-backend","timestamp":"2026-02-27 15:48:18"}
{"error":"getaddrinfo ENOTFOUND redis","level":"warn","message":"Erro no Redis","service":"vetpro-backend","timestamp":"2026-02-27 15:48:19"}
{"error":"getaddrinfo ENOTFOUND redis","level":"warn","message":"Erro no Redis","service":"vetpro-backend","timestamp":"2026-02-27 15:48:20"}
{"error":"getaddrinfo ENOTFOUND redis","level":"warn","message":"Erro no Redis","service":"vetpro-backend","timestamp":"2026-02-27 15:48:20"}
{"error":"getaddrinfo ENOTFOUND redis","level":"warn","message":"Erro no Redis","service":"vetpro-backend","timestamp":"2026-02-27 15:48:23"}
{"error":"getaddrinfo ENOTFOUND redis","level":"warn","message":"Erro no Redis","service":"vetpro-backend","timestamp":"2026-02-27 15:48:23"}
{"error":"getaddrinfo ENOTFOUND redis","level":"warn","message":"Erro no Redis","service":"vetpro-backend","timestamp":"2026-02-27 15:48:25"}
{"error":"getaddrinfo ENOTFOUND redis","level":"warn","message":"Erro no Redis","service":"vetpro-backend","timestamp":"2026-02-27 15:48:25"}
{"error":"getaddrinfo ENOTFOUND redis","level":"warn","message":"Erro no Redis","service":"vetpro-backend","timestamp":"2026-02-27 15:48:28"}
{"error":"getaddrinfo ENOTFOUND redis","level":"warn","message":"Erro no Redis","service":"vetpro-backend","timestamp":"2026-02-27 15:48:28"}
{"error":"getaddrinfo ENOTFOUND redis","level":"warn","message":"Erro no Redis","service":"vetpro-backend","timestamp":"2026-02-27 15:48:29"}
{"error":"getaddrinfo ENOTFOUND redis","level":"warn","message":"Erro no Redis","service":"vetpro-backend","timestamp":"2026-02-27 15:48:30"}
{"error":"getaddrinfo ENOTFOUND redis","level":"warn","message":"Erro no Redis","service":"vetpro-backend","timestamp":"2026-02-27 15:48:32"}
{"error":"getaddrinfo ENOTFOUND redis","level":"warn","message":"Erro no Redis","service":"vetpro-backend","timestamp":"2026-02-27 15:48:33"}
{"error":"getaddrinfo ENOTFOUND redis","level":"warn","message":"Erro no Redis","service":"vetpro-backend","timestamp":"2026-02-27 15:48:38"}
{"error":"getaddrinfo ENOTFOUND redis","level":"warn","message":"Erro no Redis","service":"vetpro-backend","timestamp":"2026-02-27 15:48:39"}
{"error":"getaddrinfo ENOTFOUND redis","level":"warn","message":"Erro no Redis","service":"vetpro-backend","timestamp":"2026-02-27 15:48:41"}
{"error":"getaddrinfo ENOTFOUND redis","level":"warn","message":"Erro no Redis","service":"vetpro-backend","timestamp":"2026-02-27 15:48:42"}
{"error":"getaddrinfo ENOTFOUND redis","level":"warn","message":"Erro no Redis","service":"vetpro-backend","timestamp":"2026-02-27 15:48:43"}
{"error":"getaddrinfo ENOTFOUND redis","level":"warn","message":"Erro no Redis","service":"vetpro-backend","timestamp":"2026-02-27 15:48:44"}
{"error":"getaddrinfo ENOTFOUND redis","level":"warn","message":"Erro no Redis","service":"vetpro-backend","timestamp":"2026-02-27 15:48:46"}
{"error":"getaddrinfo ENOTFOUND redis","level":"warn","message":"Erro no Redis","service":"vetpro-backend","timestamp":"2026-02-27 15:48:47"}
{"error":"getaddrinfo ENOTFOUND redis","level":"warn","message":"Erro no Redis","service":"vetpro-backend","timestamp":"2026-02-27 15:48:48"}
{"error":"getaddrinfo ENOTFOUND redis","level":"warn","message":"Erro no Redis","service":"vetpro-backend","timestamp":"2026-02-27 15:48:48"}
{"error":"getaddrinfo ENOTFOUND redis","level":"warn","message":"Erro no Redis","service":"vetpro-backend","timestamp":"2026-02-27 15:48:51"}
{"error":"getaddrinfo ENOTFOUND redis","level":"warn","message":"Erro no Redis","service":"vetpro-backend","timestamp":"2026-02-27 15:48:51"}
{"error":"getaddrinfo ENOTFOUND redis","level":"warn","message":"Erro no Redis","service":"vetpro-backend","timestamp":"2026-02-27 15:48:52"}
{"error":"getaddrinfo ENOTFOUND redis","level":"warn","message":"Erro no Redis","service":"vetpro-backend","timestamp":"2026-02-27 15:48:53"}
{"error":"getaddrinfo ENOTFOUND redis","level":"warn","message":"Erro no Redis","service":"vetpro-backend","timestamp":"2026-02-27 15:49:00"}
{"error":"getaddrinfo ENOTFOUND redis","level":"warn","message":"Erro no Redis","service":"vetpro-backend","timestamp":"2026-02-27 15:49:00"}
{"error":"getaddrinfo ENOTFOUND redis","level":"warn","message":"Erro no Redis","service":"vetpro-backend","timestamp":"2026-02-27 15:49:02"}
{"error":"getaddrinfo ENOTFOUND redis","level":"warn","message":"Erro no Redis","service":"vetpro-backend","timestamp":"2026-02-27 15:49:02"}
{"error":"getaddrinfo ENOTFOUND redis","level":"warn","message":"Erro no Redis","service":"vetpro-backend","timestamp":"2026-02-27 15:49:05"}
{"error":"getaddrinfo ENOTFOUND redis","level":"warn","message":"Erro no Redis","service":"vetpro-backend","timestamp":"2026-02-27 15:49:05"}
{"error":"getaddrinfo ENOTFOUND redis","level":"warn","message":"Erro no Redis","service":"vetpro-backend","timestamp":"2026-02-27 15:49:06"}
{"error":"getaddrinfo ENOTFOUND redis","level":"warn","message":"Erro no Redis","service":"vetpro-backend","timestamp":"2026-02-27 15:49:07"}
{"error":"getaddrinfo ENOTFOUND redis","level":"warn","message":"Erro no Redis","service":"vetpro-backend","timestamp":"2026-02-27 15:49:09"}
{"error":"getaddrinfo ENOTFOUND redis","level":"warn","message":"Erro no Redis","service":"vetpro-backend","timestamp":"2026-02-27 15:49:10"}
{"error":"getaddrinfo ENOTFOUND redis","level":"warn","message":"Erro no Redis","service":"vetpro-backend","timestamp":"2026-02-27 15:49:11"}
{"error":"getaddrinfo ENOTFOUND redis","level":"warn","message":"Erro no Redis","service":"vetpro-backend","timestamp":"2026-02-27 15:49:11"}
{"error":"getaddrinfo ENOTFOUND redis","level":"warn","message":"Erro no Redis","service":"vetpro-backend","timestamp":"2026-02-27 15:49:14"}
{"error":"getaddrinfo ENOTFOUND redis","level":"warn","message":"Erro no Redis","service":"vetpro-backend","timestamp":"2026-02-27 15:49:14"}
{"error":"getaddrinfo ENOTFOUND redis","level":"warn","message":"Erro no Redis","service":"vetpro-backend","timestamp":"2026-02-27 15:49:20"}
{"error":"getaddrinfo ENOTFOUND redis","level":"warn","message":"Erro no Redis","service":"vetpro-backend","timestamp":"2026-02-27 15:49:21"}
{"error":"getaddrinfo ENOTFOUND redis","level":"warn","message":"Erro no Redis","service":"vetpro-backend","timestamp":"2026-02-27 15:49:23"}
{"error":"getaddrinfo ENOTFOUND redis","level":"warn","message":"Erro no Redis","service":"vetpro-backend","timestamp":"2026-02-27 15:49:24"}
{"error":"getaddrinfo ENOTFOUND redis","level":"warn","message":"Erro no Redis","service":"vetpro-backend","timestamp":"2026-02-27 15:49:25"}
{"error":"getaddrinfo ENOTFOUND redis","level":"warn","message":"Erro no Redis","service":"vetpro-backend","timestamp":"2026-02-27 15:49:25"}
{"error":"getaddrinfo ENOTFOUND redis","level":"warn","message":"Erro no Redis","service":"vetpro-backend","timestamp":"2026-02-27 15:49:28"}
{"error":"getaddrinfo ENOTFOUND redis","level":"warn","message":"Erro no Redis","service":"vetpro-backend","timestamp":"2026-02-27 15:49:28"}
{"error":"getaddrinfo ENOTFOUND redis","level":"warn","message":"Erro no Redis","service":"vetpro-backend","timestamp":"2026-02-27 15:49:30"}
{"error":"getaddrinfo ENOTFOUND redis","level":"warn","message":"Erro no Redis","service":"vetpro-backend","timestamp":"2026-02-27 15:49:30"}
{"error":"getaddrinfo ENOTFOUND redis","level":"warn","message":"Erro no Redis","service":"vetpro-backend","timestamp":"2026-02-27 15:49:33"}
{"error":"getaddrinfo ENOTFOUND redis","level":"warn","message":"Erro no Redis","service":"vetpro-backend","timestamp":"2026-02-27 15:49:33"}
{"error":"getaddrinfo ENOTFOUND redis","level":"warn","message":"Erro no Redis","service":"vetpro-backend","timestamp":"2026-02-27 15:49:34"}
{"error":"getaddrinfo ENOTFOUND redis","level":"warn","message":"Erro no Redis","service":"vetpro-backend","timestamp":"2026-02-27 15:49:35"}
{"error":"getaddrinfo ENOTFOUND redis","level":"warn","message":"Erro no Redis","service":"vetpro-backend","timestamp":"2026-02-27 15:49:42"}
{"error":"getaddrinfo ENOTFOUND redis","level":"warn","message":"Erro no Redis","service":"vetpro-backend","timestamp":"2026-02-27 15:49:42"}
{"error":"getaddrinfo ENOTFOUND redis","level":"warn","message":"Erro no Redis","service":"vetpro-backend","timestamp":"2026-02-27 15:49:43"}
{"error":"getaddrinfo ENOTFOUND redis","level":"warn","message":"Erro no Redis","service":"vetpro-backend","timestamp":"2026-02-27 15:49:44"}
{"error":"getaddrinfo ENOTFOUND redis","level":"warn","message":"Erro no Redis","service":"vetpro-backend","timestamp":"2026-02-27 15:49:46"}
{"error":"getaddrinfo ENOTFOUND redis","level":"warn","message":"Erro no Redis","service":"vetpro-backend","timestamp":"2026-02-27 15:49:47"}
{"error":"getaddrinfo ENOTFOUND redis","level":"warn","message":"Erro no Redis","service":"vetpro-backend","timestamp":"2026-02-27 15:49:48"}
{"error":"getaddrinfo ENOTFOUND redis","level":"warn","message":"Erro no Redis","service":"vetpro-backend","timestamp":"2026-02-27 15:49:49"}
{"error":"getaddrinfo ENOTFOUND redis","level":"warn","message":"Erro no Redis","service":"vetpro-backend","timestamp":"2026-02-27 15:49:51"}
{"error":"getaddrinfo ENOTFOUND redis","level":"warn","message":"Erro no Redis","service":"vetpro-backend","timestamp":"2026-02-27 15:49:52"}
{"error":"getaddrinfo ENOTFOUND redis","level":"warn","message":"Erro no Redis","service":"vetpro-backend","timestamp":"2026-02-27 15:49:53"}
{"error":"getaddrinfo ENOTFOUND redis","level":"warn","message":"Erro no Redis","service":"vetpro-backend","timestamp":"2026-02-27 15:49:53"}
{"error":"getaddrinfo ENOTFOUND redis","level":"warn","message":"Erro no Redis","service":"vetpro-backend","timestamp":"2026-02-27 15:49:56"}
{"error":"getaddrinfo ENOTFOUND redis","level":"warn","message":"Erro no Redis","service":"vetpro-backend","timestamp":"2026-02-27 15:49:56"}
{"error":"getaddrinfo ENOTFOUND redis","level":"warn","message":"Erro no Redis","service":"vetpro-backend","timestamp":"2026-02-27 15:50:02"}
{"error":"getaddrinfo ENOTFOUND redis","level":"warn","message":"Erro no Redis","service":"vetpro-backend","timestamp":"2026-02-27 15:50:02"}
{"error":"getaddrinfo ENOTFOUND redis","level":"warn","message":"Erro no Redis","service":"vetpro-backend","timestamp":"2026-02-27 15:50:05"}
{"error":"getaddrinfo ENOTFOUND redis","level":"warn","message":"Erro no Redis","service":"vetpro-backend","timestamp":"2026-02-27 15:50:05"}
{"error":"getaddrinfo ENOTFOUND redis","level":"warn","message":"Erro no Redis","service":"vetpro-backend","timestamp":"2026-02-27 15:50:07"}
{"error":"getaddrinfo ENOTFOUND redis","level":"warn","message":"Erro no Redis","service":"vetpro-backend","timestamp":"2026-02-27 15:50:07"}
{"error":"getaddrinfo ENOTFOUND redis","level":"warn","message":"Erro no Redis","service":"vetpro-backend","timestamp":"2026-02-27 15:50:10"}
{"error":"getaddrinfo ENOTFOUND redis","level":"warn","message":"Erro no Redis","service":"vetpro-backend","timestamp":"2026-02-27 15:50:10"}
{"error":"getaddrinfo ENOTFOUND redis","level":"warn","message":"Erro no Redis","service":"vetpro-backend","timestamp":"2026-02-27 15:50:11"}
{"error":"getaddrinfo ENOTFOUND redis","level":"warn","message":"Erro no Redis","service":"vetpro-backend","timestamp":"2026-02-27 15:50:12"}
{"error":"getaddrinfo ENOTFOUND redis","level":"warn","message":"Erro no Redis","service":"vetpro-backend","timestamp":"2026-02-27 15:50:15"}
{"error":"getaddrinfo ENOTFOUND redis","level":"warn","message":"Erro no Redis","service":"vetpro-backend","timestamp":"2026-02-27 15:50:15"}
{"error":"getaddrinfo ENOTFOUND redis","level":"warn","message":"Erro no Redis","service":"vetpro-backend","timestamp":"2026-02-27 15:50:16"}
{"error":"getaddrinfo ENOTFOUND redis","level":"warn","message":"Erro no Redis","service":"vetpro-backend","timestamp":"2026-02-27 15:50:16"}
{"error":"getaddrinfo ENOTFOUND redis","level":"warn","message":"Erro no Redis","service":"vetpro-backend","timestamp":"2026-02-27 15:50:24"}
{"error":"getaddrinfo ENOTFOUND redis","level":"warn","message":"Erro no Redis","service":"vetpro-backend","timestamp":"2026-02-27 15:50:24"}
{"error":"getaddrinfo ENOTFOUND redis","level":"warn","message":"Erro no Redis","service":"vetpro-backend","timestamp":"2026-02-27 15:50:25"}
{"error":"getaddrinfo ENOTFOUND redis","level":"warn","message":"Erro no Redis","service":"vetpro-backend","timestamp":"2026-02-27 15:50:26"}
{"error":"getaddrinfo ENOTFOUND redis","level":"warn","message":"Erro no Redis","service":"vetpro-backend","timestamp":"2026-02-27 15:50:28"}
{"error":"getaddrinfo ENOTFOUND redis","level":"warn","message":"Erro no Redis","service":"vetpro-backend","timestamp":"2026-02-27 15:50:29"}
{"error":"getaddrinfo ENOTFOUND redis","level":"warn","message":"Erro no Redis","service":"vetpro-backend","timestamp":"2026-02-27 15:50:30"}
{"error":"getaddrinfo ENOTFOUND redis","level":"warn","message":"Erro no Redis","service":"vetpro-backend","timestamp":"2026-02-27 15:50:30"}
{"error":"getaddrinfo ENOTFOUND redis","level":"warn","message":"Erro no Redis","service":"vetpro-backend","timestamp":"2026-02-27 15:50:33"}
{"error":"getaddrinfo ENOTFOUND redis","level":"warn","message":"Erro no Redis","service":"vetpro-backend","timestamp":"2026-02-27 15:50:33"}
{"error":"getaddrinfo ENOTFOUND redis","level":"warn","message":"Erro no Redis","service":"vetpro-backend","timestamp":"2026-02-27 15:50:34"}
{"error":"getaddrinfo ENOTFOUND redis","level":"warn","message":"Erro no Redis","service":"vetpro-backend","timestamp":"2026-02-27 15:50:35"}
{"error":"getaddrinfo ENOTFOUND redis","level":"warn","message":"Erro no Redis","service":"vetpro-backend","timestamp":"2026-02-27 15:50:38"}
{"error":"getaddrinfo ENOTFOUND redis","level":"warn","message":"Erro no Redis","service":"vetpro-backend","timestamp":"2026-02-27 15:50:38"}
{"error":"getaddrinfo ENOTFOUND redis","level":"warn","message":"Erro no Redis","service":"vetpro-backend","timestamp":"2026-02-27 15:50:44"}
{"error":"getaddrinfo ENOTFOUND redis","level":"warn","message":"Erro no Redis","service":"vetpro-backend","timestamp":"2026-02-27 15:50:44"}
{"error":"getaddrinfo ENOTFOUND redis","level":"warn","message":"Erro no Redis","service":"vetpro-backend","timestamp":"2026-02-27 15:50:47"}
{"error":"getaddrinfo ENOTFOUND redis","level":"warn","message":"Erro no Redis","service":"vetpro-backend","timestamp":"2026-02-27 15:50:47"}
{"error":"getaddrinfo ENOTFOUND redis","level":"warn","message":"Erro no Redis","service":"vetpro-backend","timestamp":"2026-02-27 15:50:48"}
{"error":"getaddrinfo ENOTFOUND redis","level":"warn","message":"Erro no Redis","service":"vetpro-backend","timestamp":"2026-02-27 15:50:49"}
{"error":"getaddrinfo ENOTFOUND redis","level":"warn","message":"Erro no Redis","service":"vetpro-backend","timestamp":"2026-02-27 15:50:52"}
{"error":"getaddrinfo ENOTFOUND redis","level":"warn","message":"Erro no Redis","service":"vetpro-backend","timestamp":"2026-02-27 15:50:52"}
{"error":"getaddrinfo ENOTFOUND redis","level":"warn","message":"Erro no Redis","service":"vetpro-backend","timestamp":"2026-02-27 15:50:53"}
{"error":"getaddrinfo ENOTFOUND redis","level":"warn","message":"Erro no Redis","service":"vetpro-backend","timestamp":"2026-02-27 15:50:53"}
{"error":"getaddrinfo ENOTFOUND redis","level":"warn","message":"Erro no Redis","service":"vetpro-backend","timestamp":"2026-02-27 15:50:56"}
{"error":"getaddrinfo ENOTFOUND redis","level":"warn","message":"Erro no Redis","service":"vetpro-backend","timestamp":"2026-02-27 15:50:56"}
{"error":"getaddrinfo ENOTFOUND redis","level":"warn","message":"Erro no Redis","service":"vetpro-backend","timestamp":"2026-02-27 15:50:58"}
{"error":"getaddrinfo ENOTFOUND redis","level":"warn","message":"Erro no Redis","service":"vetpro-backend","timestamp":"2026-02-27 15:50:58"}
{"error":"getaddrinfo ENOTFOUND redis","level":"warn","message":"Erro no Redis","service":"vetpro-backend","timestamp":"2026-02-27 15:51:06"}
{"error":"getaddrinfo ENOTFOUND redis","level":"warn","message":"Erro no Redis","service":"vetpro-backend","timestamp":"2026-02-27 15:51:06"}
{"error":"getaddrinfo ENOTFOUND redis","level":"warn","message":"Erro no Redis","service":"vetpro-backend","timestamp":"2026-02-27 15:51:07"}
{"error":"getaddrinfo ENOTFOUND redis","level":"warn","message":"Erro no Redis","service":"vetpro-backend","timestamp":"2026-02-27 15:51:07"}
{"error":"getaddrinfo ENOTFOUND redis","level":"warn","message":"Erro no Redis","service":"vetpro-backend","timestamp":"2026-02-27 15:51:10"}
{"error":"getaddrinfo ENOTFOUND redis","level":"warn","message":"Erro no Redis","service":"vetpro-backend","timestamp":"2026-02-27 15:51:10"}
{"error":"getaddrinfo ENOTFOUND redis","level":"warn","message":"Erro no Redis","service":"vetpro-backend","timestamp":"2026-02-27 15:51:12"}
{"error":"getaddrinfo ENOTFOUND redis","level":"warn","message":"Erro no Redis","service":"vetpro-backend","timestamp":"2026-02-27 15:51:12"}
{"error":"getaddrinfo ENOTFOUND redis","level":"warn","message":"Erro no Redis","service":"vetpro-backend","timestamp":"2026-02-27 15:51:15"}
{"error":"getaddrinfo ENOTFOUND redis","level":"warn","message":"Erro no Redis","service":"vetpro-backend","timestamp":"2026-02-27 15:51:15"}
{"error":"getaddrinfo ENOTFOUND redis","level":"warn","message":"Erro no Redis","service":"vetpro-backend","timestamp":"2026-02-27 15:51:16"}
{"error":"getaddrinfo ENOTFOUND redis","level":"warn","message":"Erro no Redis","service":"vetpro-backend","timestamp":"2026-02-27 15:51:17"}
{"error":"getaddrinfo ENOTFOUND redis","level":"warn","message":"Erro no Redis","service":"vetpro-backend","timestamp":"2026-02-27 15:51:20"}
{"error":"getaddrinfo ENOTFOUND redis","level":"warn","message":"Erro no Redis","service":"vetpro-backend","timestamp":"2026-02-27 15:51:20"}
{"error":"getaddrinfo ENOTFOUND redis","level":"warn","message":"Erro no Redis","service":"vetpro-backend","timestamp":"2026-02-27 15:51:25"}
{"error":"getaddrinfo ENOTFOUND redis","level":"warn","message":"Erro no Redis","service":"vetpro-backend","timestamp":"2026-02-27 15:51:26"}
{"error":"getaddrinfo ENOTFOUND redis","level":"warn","message":"Erro no Redis","service":"vetpro-backend","timestamp":"2026-02-27 15:51:29"}
{"error":"getaddrinfo ENOTFOUND redis","level":"warn","message":"Erro no Redis","service":"vetpro-backend","timestamp":"2026-02-27 15:51:29"}
{"error":"getaddrinfo ENOTFOUND redis","level":"warn","message":"Erro no Redis","service":"vetpro-backend","timestamp":"2026-02-27 15:51:30"}
{"error":"getaddrinfo ENOTFOUND redis","level":"warn","message":"Erro no Redis","service":"vetpro-backend","timestamp":"2026-02-27 15:51:31"}
{"error":"getaddrinfo ENOTFOUND redis","level":"warn","message":"Erro no Redis","service":"vetpro-backend","timestamp":"2026-02-27 15:51:33"}
{"error":"getaddrinfo ENOTFOUND redis","level":"warn","message":"Erro no Redis","service":"vetpro-backend","timestamp":"2026-02-27 15:51:34"}
{"error":"getaddrinfo ENOTFOUND redis","level":"warn","message":"Erro no Redis","service":"vetpro-backend","timestamp":"2026-02-27 15:51:35"}
{"error":"getaddrinfo ENOTFOUND redis","level":"warn","message":"Erro no Redis","service":"vetpro-backend","timestamp":"2026-02-27 15:51:35"}
{"error":"getaddrinfo ENOTFOUND redis","level":"warn","message":"Erro no Redis","service":"vetpro-backend","timestamp":"2026-02-27 15:51:38"}
{"error":"getaddrinfo ENOTFOUND redis","level":"warn","message":"Erro no Redis","service":"vetpro-backend","timestamp":"2026-02-27 15:51:38"}
{"error":"getaddrinfo ENOTFOUND redis","level":"warn","message":"Erro no Redis","service":"vetpro-backend","timestamp":"2026-02-27 15:51:39"}
{"error":"getaddrinfo ENOTFOUND redis","level":"warn","message":"Erro no Redis","service":"vetpro-backend","timestamp":"2026-02-27 15:51:40"}
{"error":"getaddrinfo ENOTFOUND redis","level":"warn","message":"Erro no Redis","service":"vetpro-backend","timestamp":"2026-02-27 15:51:47"}
{"error":"getaddrinfo ENOTFOUND redis","level":"warn","message":"Erro no Redis","service":"vetpro-backend","timestamp":"2026-02-27 15:51:47"}
{"error":"getaddrinfo ENOTFOUND redis","level":"warn","message":"Erro no Redis","service":"vetpro-backend","timestamp":"2026-02-27 15:51:49"}
{"error":"getaddrinfo ENOTFOUND redis","level":"warn","message":"Erro no Redis","service":"vetpro-backend","timestamp":"2026-02-27 15:51:49"}
{"error":"getaddrinfo ENOTFOUND redis","level":"warn","message":"Erro no Redis","service":"vetpro-backend","timestamp":"2026-02-27 15:51:52"}
{"error":"getaddrinfo ENOTFOUND redis","level":"warn","message":"Erro no Redis","service":"vetpro-backend","timestamp":"2026-02-27 15:51:52"}
{"error":"getaddrinfo ENOTFOUND redis","level":"warn","message":"Erro no Redis","service":"vetpro-backend","timestamp":"2026-02-27 15:51:53"}
{"error":"getaddrinfo ENOTFOUND redis","level":"warn","message":"Erro no Redis","service":"vetpro-backend","timestamp":"2026-02-27 15:51:54"}
{"error":"getaddrinfo ENOTFOUND redis","level":"warn","message":"Erro no Redis","service":"vetpro-backend","timestamp":"2026-02-27 15:51:57"}
{"error":"getaddrinfo ENOTFOUND redis","level":"warn","message":"Erro no Redis","service":"vetpro-backend","timestamp":"2026-02-27 15:51:57"}
{"error":"getaddrinfo ENOTFOUND redis","level":"warn","message":"Erro no Redis","service":"vetpro-backend","timestamp":"2026-02-27 15:51:58"}
{"error":"getaddrinfo ENOTFOUND redis","level":"warn","message":"Erro no Redis","service":"vetpro-backend","timestamp":"2026-02-27 15:51:58"}
{"error":"getaddrinfo ENOTFOUND redis","level":"warn","message":"Erro no Redis","service":"vetpro-backend","timestamp":"2026-02-27 15:52:01"}
{"error":"getaddrinfo ENOTFOUND redis","level":"warn","message":"Erro no Redis","service":"vetpro-backend","timestamp":"2026-02-27 15:52:01"}
{"error":"getaddrinfo ENOTFOUND redis","level":"warn","message":"Erro no Redis","service":"vetpro-backend","timestamp":"2026-02-27 15:52:07"}
{"error":"getaddrinfo ENOTFOUND redis","level":"warn","message":"Erro no Redis","service":"vetpro-backend","timestamp":"2026-02-27 15:52:08"}
{"error":"getaddrinfo ENOTFOUND redis","level":"warn","message":"Erro no Redis","service":"vetpro-backend","timestamp":"2026-02-27 15:52:10"}
{"error":"getaddrinfo ENOTFOUND redis","level":"warn","message":"Erro no Redis","service":"vetpro-backend","timestamp":"2026-02-27 15:52:11"}
{"error":"getaddrinfo ENOTFOUND redis","level":"warn","message":"Erro no Redis","service":"vetpro-backend","timestamp":"2026-02-27 15:52:12"}
{"error":"getaddrinfo ENOTFOUND redis","level":"warn","message":"Erro no Redis","service":"vetpro-backend","timestamp":"2026-02-27 15:52:12"}
{"error":"getaddrinfo ENOTFOUND redis","level":"warn","message":"Erro no Redis","service":"vetpro-backend","timestamp":"2026-02-27 15:52:15"}
{"error":"getaddrinfo ENOTFOUND redis","level":"warn","message":"Erro no Redis","service":"vetpro-backend","timestamp":"2026-02-27 15:52:15"}
{"error":"getaddrinfo ENOTFOUND redis","level":"warn","message":"Erro no Redis","service":"vetpro-backend","timestamp":"2026-02-27 15:52:17"}
{"error":"getaddrinfo ENOTFOUND redis","level":"warn","message":"Erro no Redis","service":"vetpro-backend","timestamp":"2026-02-27 15:52:17"}
{"error":"getaddrinfo ENOTFOUND redis","level":"warn","message":"Erro no Redis","service":"vetpro-backend","timestamp":"2026-02-27 15:52:20"}
{"error":"getaddrinfo ENOTFOUND redis","level":"warn","message":"Erro no Redis","service":"vetpro-backend","timestamp":"2026-02-27 15:52:20"}
{"error":"getaddrinfo ENOTFOUND redis","level":"warn","message":"Erro no Redis","service":"vetpro-backend","timestamp":"2026-02-27 15:52:21"}
{"error":"getaddrinfo ENOTFOUND redis","level":"warn","message":"Erro no Redis","service":"vetpro-backend","timestamp":"2026-02-27 15:52:22"}
{"error":"getaddrinfo ENOTFOUND redis","level":"warn","message":"Erro no Redis","service":"vetpro-backend","timestamp":"2026-02-27 15:52:29"}
{"error":"getaddrinfo ENOTFOUND redis","level":"warn","message":"Erro no Redis","service":"vetpro-backend","timestamp":"2026-02-27 15:52:29"}
{"error":"getaddrinfo ENOTFOUND redis","level":"warn","message":"Erro no Redis","service":"vetpro-backend","timestamp":"2026-02-27 15:52:30"}
{"error":"getaddrinfo ENOTFOUND redis","level":"warn","message":"Erro no Redis","service":"vetpro-backend","timestamp":"2026-02-27 15:52:31"}
{"error":"getaddrinfo ENOTFOUND redis","level":"warn","message":"Erro no Redis","service":"vetpro-backend","timestamp":"2026-02-27 15:52:34"}
{"error":"getaddrinfo ENOTFOUND redis","level":"warn","message":"Erro no Redis","service":"vetpro-backend","timestamp":"2026-02-27 15:52:34"}
{"error":"getaddrinfo ENOTFOUND redis","level":"warn","message":"Erro no Redis","service":"vetpro-backend","timestamp":"2026-02-27 15:52:35"}
{"error":"getaddrinfo ENOTFOUND redis","level":"warn","message":"Erro no Redis","service":"vetpro-backend","timestamp":"2026-02-27 15:52:36"}
{"error":"getaddrinfo ENOTFOUND redis","level":"warn","message":"Erro no Redis","service":"vetpro-backend","timestamp":"2026-02-27 15:52:38"}
{"error":"getaddrinfo ENOTFOUND redis","level":"warn","message":"Erro no Redis","service":"vetpro-backend","timestamp":"2026-02-27 15:52:39"}
{"error":"getaddrinfo ENOTFOUND redis","level":"warn","message":"Erro no Redis","service":"vetpro-backend","timestamp":"2026-02-27 15:52:40"}
{"error":"getaddrinfo ENOTFOUND redis","level":"warn","message":"Erro no Redis","service":"vetpro-backend","timestamp":"2026-02-27 15:52:40"}
{"error":"getaddrinfo ENOTFOUND redis","level":"warn","message":"Erro no Redis","service":"vetpro-backend","timestamp":"2026-02-27 15:52:43"}
{"error":"getaddrinfo ENOTFOUND redis","level":"warn","message":"Erro no Redis","service":"vetpro-backend","timestamp":"2026-02-27 15:52:43"}
{"error":"getaddrinfo ENOTFOUND redis","level":"warn","message":"Erro no Redis","service":"vetpro-backend","timestamp":"2026-02-27 15:52:49"}
{"error":"getaddrinfo ENOTFOUND redis","level":"warn","message":"Erro no Redis","service":"vetpro-backend","timestamp":"2026-02-27 15:52:49"}
{"error":"getaddrinfo ENOTFOUND redis","level":"warn","message":"Erro no Redis","service":"vetpro-backend","timestamp":"2026-02-27 15:52:52"}
{"error":"getaddrinfo ENOTFOUND redis","level":"warn","message":"Erro no Redis","service":"vetpro-backend","timestamp":"2026-02-27 15:52:53"}
{"error":"getaddrinfo ENOTFOUND redis","level":"warn","message":"Erro no Redis","service":"vetpro-backend","timestamp":"2026-02-27 15:52:54"}
{"error":"getaddrinfo ENOTFOUND redis","level":"warn","message":"Erro no Redis","service":"vetpro-backend","timestamp":"2026-02-27 15:52:54"}
{"error":"getaddrinfo ENOTFOUND redis","level":"warn","message":"Erro no Redis","service":"vetpro-backend","timestamp":"2026-02-27 15:52:57"}
{"error":"getaddrinfo ENOTFOUND redis","level":"warn","message":"Erro no Redis","service":"vetpro-backend","timestamp":"2026-02-27 15:52:57"}
{"error":"getaddrinfo ENOTFOUND redis","level":"warn","message":"Erro no Redis","service":"vetpro-backend","timestamp":"2026-02-27 15:52:58"}
{"error":"getaddrinfo ENOTFOUND redis","level":"warn","message":"Erro no Redis","service":"vetpro-backend","timestamp":"2026-02-27 15:52:59"}
{"error":"getaddrinfo ENOTFOUND redis","level":"warn","message":"Erro no Redis","service":"vetpro-backend","timestamp":"2026-02-27 15:53:02"}
{"error":"getaddrinfo ENOTFOUND redis","level":"warn","message":"Erro no Redis","service":"vetpro-backend","timestamp":"2026-02-27 15:53:02"}
{"error":"getaddrinfo ENOTFOUND redis","level":"warn","message":"Erro no Redis","service":"vetpro-backend","timestamp":"2026-02-27 15:53:03"}
{"error":"getaddrinfo ENOTFOUND redis","level":"warn","message":"Erro no Redis","service":"vetpro-backend","timestamp":"2026-02-27 15:53:03"}
{"error":"getaddrinfo ENOTFOUND redis","level":"warn","message":"Erro no Redis","service":"vetpro-backend","timestamp":"2026-02-27 15:53:11"}
{"error":"getaddrinfo ENOTFOUND redis","level":"warn","message":"Erro no Redis","service":"vetpro-backend","timestamp":"2026-02-27 15:53:11"}
{"error":"getaddrinfo ENOTFOUND redis","level":"warn","message":"Erro no Redis","service":"vetpro-backend","timestamp":"2026-02-27 15:53:12"}
{"error":"getaddrinfo ENOTFOUND redis","level":"warn","message":"Erro no Redis","service":"vetpro-backend","timestamp":"2026-02-27 15:53:13"}
{"error":"getaddrinfo ENOTFOUND redis","level":"warn","message":"Erro no Redis","service":"vetpro-backend","timestamp":"2026-02-27 15:53:15"}
{"error":"getaddrinfo ENOTFOUND redis","level":"warn","message":"Erro no Redis","service":"vetpro-backend","timestamp":"2026-02-27 15:53:16"}
{"error":"getaddrinfo ENOTFOUND redis","level":"warn","message":"Erro no Redis","service":"vetpro-backend","timestamp":"2026-02-27 15:53:17"}
{"error":"getaddrinfo ENOTFOUND redis","level":"warn","message":"Erro no Redis","service":"vetpro-backend","timestamp":"2026-02-27 15:53:17"}
{"error":"getaddrinfo ENOTFOUND redis","level":"warn","message":"Erro no Redis","service":"vetpro-backend","timestamp":"2026-02-27 15:53:20"}
{"error":"getaddrinfo ENOTFOUND redis","level":"warn","message":"Erro no Redis","service":"vetpro-backend","timestamp":"2026-02-27 15:53:20"}
{"error":"getaddrinfo ENOTFOUND redis","level":"warn","message":"Erro no Redis","service":"vetpro-backend","timestamp":"2026-02-27 15:53:21"}
{"error":"getaddrinfo ENOTFOUND redis","level":"warn","message":"Erro no Redis","service":"vetpro-backend","timestamp":"2026-02-27 15:53:22"}
{"error":"getaddrinfo ENOTFOUND redis","level":"warn","message":"Erro no Redis","service":"vetpro-backend","timestamp":"2026-02-27 15:53:25"}
{"error":"getaddrinfo ENOTFOUND redis","level":"warn","message":"Erro no Redis","service":"vetpro-backend","timestamp":"2026-02-27 15:53:25"}
{"error":"getaddrinfo ENOTFOUND redis","level":"warn","message":"Erro no Redis","service":"vetpro-backend","timestamp":"2026-02-27 15:53:31"}
{"error":"getaddrinfo ENOTFOUND redis","level":"warn","message":"Erro no Redis","service":"vetpro-backend","timestamp":"2026-02-27 15:53:31"}
{"error":"getaddrinfo ENOTFOUND redis","level":"warn","message":"Erro no Redis","service":"vetpro-backend","timestamp":"2026-02-27 15:53:34"}
{"error":"getaddrinfo ENOTFOUND redis","level":"warn","message":"Erro no Redis","service":"vetpro-backend","timestamp":"2026-02-27 15:53:34"}
{"error":"getaddrinfo ENOTFOUND redis","level":"warn","message":"Erro no Redis","service":"vetpro-backend","timestamp":"2026-02-27 15:53:35"}
{"error":"getaddrinfo ENOTFOUND redis","level":"warn","message":"Erro no Redis","service":"vetpro-backend","timestamp":"2026-02-27 15:53:36"}
{"error":"getaddrinfo ENOTFOUND redis","level":"warn","message":"Erro no Redis","service":"vetpro-backend","timestamp":"2026-02-27 15:53:39"}
{"error":"getaddrinfo ENOTFOUND redis","level":"warn","message":"Erro no Redis","service":"vetpro-backend","timestamp":"2026-02-27 15:53:39"}
{"error":"getaddrinfo ENOTFOUND redis","level":"warn","message":"Erro no Redis","service":"vetpro-backend","timestamp":"2026-02-27 15:53:40"}
{"error":"getaddrinfo ENOTFOUND redis","level":"warn","message":"Erro no Redis","service":"vetpro-backend","timestamp":"2026-02-27 15:53:41"}
{"error":"getaddrinfo ENOTFOUND redis","level":"warn","message":"Erro no Redis","service":"vetpro-backend","timestamp":"2026-02-27 15:53:43"}
{"error":"getaddrinfo ENOTFOUND redis","level":"warn","message":"Erro no Redis","service":"vetpro-backend","timestamp":"2026-02-27 15:53:44"}
{"error":"getaddrinfo ENOTFOUND redis","level":"warn","message":"Erro no Redis","service":"vetpro-backend","timestamp":"2026-02-27 15:53:45"}
{"error":"getaddrinfo ENOTFOUND redis","level":"warn","message":"Erro no Redis","service":"vetpro-backend","timestamp":"2026-02-27 15:53:45"}
{"error":"getaddrinfo ENOTFOUND redis","level":"warn","message":"Erro no Redis","service":"vetpro-backend","timestamp":"2026-02-27 15:53:53"}
{"error":"getaddrinfo ENOTFOUND redis","level":"warn","message":"Erro no Redis","service":"vetpro-backend","timestamp":"2026-02-27 15:53:53"}
{"error":"getaddrinfo ENOTFOUND redis","level":"warn","message":"Erro no Redis","service":"vetpro-backend","timestamp":"2026-02-27 15:53:54"}
{"error":"getaddrinfo ENOTFOUND redis","level":"warn","message":"Erro no Redis","service":"vetpro-backend","timestamp":"2026-02-27 15:53:54"}
{"error":"getaddrinfo ENOTFOUND redis","level":"warn","message":"Erro no Redis","service":"vetpro-backend","timestamp":"2026-02-27 15:53:57"}
{"error":"getaddrinfo ENOTFOUND redis","level":"warn","message":"Erro no Redis","service":"vetpro-backend","timestamp":"2026-02-27 15:53:58"}
{"error":"getaddrinfo ENOTFOUND redis","level":"warn","message":"Erro no Redis","service":"vetpro-backend","timestamp":"2026-02-27 15:53:59"}
{"error":"getaddrinfo ENOTFOUND redis","level":"warn","message":"Erro no Redis","service":"vetpro-backend","timestamp":"2026-02-27 15:53:59"}
{"error":"getaddrinfo ENOTFOUND redis","level":"warn","message":"Erro no Redis","service":"vetpro-backend","timestamp":"2026-02-27 15:54:02"}
{"error":"getaddrinfo ENOTFOUND redis","level":"warn","message":"Erro no Redis","service":"vetpro-backend","timestamp":"2026-02-27 15:54:02"}
{"error":"getaddrinfo ENOTFOUND redis","level":"warn","message":"Erro no Redis","service":"vetpro-backend","timestamp":"2026-02-27 15:54:03"}
{"error":"getaddrinfo ENOTFOUND redis","level":"warn","message":"Erro no Redis","service":"vetpro-backend","timestamp":"2026-02-27 15:54:04"}
{"error":"getaddrinfo ENOTFOUND redis","level":"warn","message":"Erro no Redis","service":"vetpro-backend","timestamp":"2026-02-27 15:54:07"}
{"error":"getaddrinfo ENOTFOUND redis","level":"warn","message":"Erro no Redis","service":"vetpro-backend","timestamp":"2026-02-27 15:54:07"}
{"error":"getaddrinfo ENOTFOUND redis","level":"warn","message":"Erro no Redis","service":"vetpro-backend","timestamp":"2026-02-27 15:54:12"}
{"error":"getaddrinfo ENOTFOUND redis","level":"warn","message":"Erro no Redis","service":"vetpro-backend","timestamp":"2026-02-27 15:54:13"}
{"error":"getaddrinfo ENOTFOUND redis","level":"warn","message":"Erro no Redis","service":"vetpro-backend","timestamp":"2026-02-27 15:54:16"}
{"error":"getaddrinfo ENOTFOUND redis","level":"warn","message":"Erro no Redis","service":"vetpro-backend","timestamp":"2026-02-27 15:54:16"}
{"error":"getaddrinfo ENOTFOUND redis","level":"warn","message":"Erro no Redis","service":"vetpro-backend","timestamp":"2026-02-27 15:54:17"}
{"error":"getaddrinfo ENOTFOUND redis","level":"warn","message":"Erro no Redis","service":"vetpro-backend","timestamp":"2026-02-27 15:54:18"}
{"error":"getaddrinfo ENOTFOUND redis","level":"warn","message":"Erro no Redis","service":"vetpro-backend","timestamp":"2026-02-27 15:54:20"}
{"error":"getaddrinfo ENOTFOUND redis","level":"warn","message":"Erro no Redis","service":"vetpro-backend","timestamp":"2026-02-27 15:54:21"}
{"error":"getaddrinfo ENOTFOUND redis","level":"warn","message":"Erro no Redis","service":"vetpro-backend","timestamp":"2026-02-27 15:54:22"}
{"error":"getaddrinfo ENOTFOUND redis","level":"warn","message":"Erro no Redis","service":"vetpro-backend","timestamp":"2026-02-27 15:54:22"}
{"error":"getaddrinfo ENOTFOUND redis","level":"warn","message":"Erro no Redis","service":"vetpro-backend","timestamp":"2026-02-27 15:54:25"}
{"error":"getaddrinfo ENOTFOUND redis","level":"warn","message":"Erro no Redis","service":"vetpro-backend","timestamp":"2026-02-27 15:54:25"}
{"error":"getaddrinfo ENOTFOUND redis","level":"warn","message":"Erro no Redis","service":"vetpro-backend","timestamp":"2026-02-27 15:54:26"}
{"error":"getaddrinfo ENOTFOUND redis","level":"warn","message":"Erro no Redis","service":"vetpro-backend","timestamp":"2026-02-27 15:54:27"}
{"level":"error","message":"Nome do paciente e obrigatorio.","service":"vetpro-backend","stack":"ValidationError: Nome do paciente e obrigatorio.\n    at validatePatientInput (C:\\Cliente\\HSS\\VetPro\\vetpro-backend\\src\\services\\patientService.js:70:20)\n    at Object.validatePatientInput [as createPatient] (C:\\Cliente\\HSS\\VetPro\\vetpro-backend\\src\\services\\patientService.js:142:3)\n    at createPatient (C:\\Cliente\\HSS\\VetPro\\vetpro-backend\\src\\controllers\\patientController.js:18:42)\n    at Layer.handle [as handle_request] (C:\\Cliente\\HSS\\VetPro\\vetpro-backend\\node_modules\\express\\lib\\router\\layer.js:95:5)\n    at next (C:\\Cliente\\HSS\\VetPro\\vetpro-backend\\node_modules\\express\\lib\\router\\route.js:149:13)\n    at next (C:\\Cliente\\HSS\\VetPro\\vetpro-backend\\src\\middlewares\\validationMiddleware.js:78:12)\n    at Layer.handle [as handle_request] (C:\\Cliente\\HSS\\VetPro\\vetpro-backend\\node_modules\\express\\lib\\router\\layer.js:95:5)\n    at next (C:\\Cliente\\HSS\\VetPro\\vetpro-backend\\node_modules\\express\\lib\\router\\route.js:149:13)\n    at Route.dispatch (C:\\Cliente\\HSS\\VetPro\\vetpro-backend\\node_modules\\express\\lib\\router\\route.js:119:3)\n    at Layer.handle [as handle_request] (C:\\Cliente\\HSS\\VetPro\\vetpro-backend\\node_modules\\express\\lib\\router\\layer.js:95:5)\n    at C:\\Cliente\\HSS\\VetPro\\vetpro-backend\\node_modules\\express\\lib\\router\\index.js:284:15\n    at Function.process_params (C:\\Cliente\\HSS\\VetPro\\vetpro-backend\\node_modules\\express\\lib\\router\\index.js:346:12)\n    at next (C:\\Cliente\\HSS\\VetPro\\vetpro-backend\\node_modules\\express\\lib\\router\\index.js:280:10)\n    at next (C:\\Cliente\\HSS\\VetPro\\vetpro-backend\\src\\tests\\consultationRoutes.test.js:39:5)\n    at Layer.handle [as handle_request] (C:\\Cliente\\HSS\\VetPro\\vetpro-backend\\node_modules\\express\\lib\\router\\layer.js:95:5)\n    at trim_prefix (C:\\Cliente\\HSS\\VetPro\\vetpro-backend\\node_modules\\express\\lib\\router\\index.js:328:13)\n    at C:\\Cliente\\HSS\\VetPro\\vetpro-backend\\node_modules\\express\\lib\\router\\index.js:286:9\n    at Function.process_params (C:\\Cliente\\HSS\\VetPro\\vetpro-backend\\node_modules\\express\\lib\\router\\index.js:346:12)\n    at next (C:\\Cliente\\HSS\\VetPro\\vetpro-backend\\node_modules\\express\\lib\\router\\index.js:280:10)\n    at Function.handle (C:\\Cliente\\HSS\\VetPro\\vetpro-backend\\node_modules\\express\\lib\\router\\index.js:175:3)\n    at router (C:\\Cliente\\HSS\\VetPro\\vetpro-backend\\node_modules\\express\\lib\\router\\index.js:47:12)\n    at Layer.handle [as handle_request] (C:\\Cliente\\HSS\\VetPro\\vetpro-backend\\node_modules\\express\\lib\\router\\layer.js:95:5)\n    at trim_prefix (C:\\Cliente\\HSS\\VetPro\\vetpro-backend\\node_modules\\express\\lib\\router\\index.js:328:13)\n    at C:\\Cliente\\HSS\\VetPro\\vetpro-backend\\node_modules\\express\\lib\\router\\index.js:286:9\n    at Function.process_params (C:\\Cliente\\HSS\\VetPro\\vetpro-backend\\node_modules\\express\\lib\\router\\index.js:346:12)\n    at next (C:\\Cliente\\HSS\\VetPro\\vetpro-backend\\node_modules\\express\\lib\\router\\index.js:280:10)\n    at C:\\Cliente\\HSS\\VetPro\\vetpro-backend\\node_modules\\express-rate-limit\\dist\\index.cjs:942:7\n    at processTicksAndRejections (node:internal/process/task_queues:95:5)\n    at C:\\Cliente\\HSS\\VetPro\\vetpro-backend\\node_modules\\express-rate-limit\\dist\\index.cjs:825:5","timestamp":"2026-02-27 15:54:29"}
{"level":"error","message":"Especie e obrigatoria.","service":"vetpro-backend","stack":"ValidationError: Especie e obrigatoria.\n    at validatePatientInput (C:\\Cliente\\HSS\\VetPro\\vetpro-backend\\src\\services\\patientService.js:71:23)\n    at Object.validatePatientInput [as updatePatient] (C:\\Cliente\\HSS\\VetPro\\vetpro-backend\\src\\services\\patientService.js:202:3)\n    at updatePatient (C:\\Cliente\\HSS\\VetPro\\vetpro-backend\\src\\controllers\\patientController.js:56:42)\n    at Layer.handle [as handle_request] (C:\\Cliente\\HSS\\VetPro\\vetpro-backend\\node_modules\\express\\lib\\router\\layer.js:95:5)\n    at next (C:\\Cliente\\HSS\\VetPro\\vetpro-backend\\node_modules\\express\\lib\\router\\route.js:149:13)\n    at next (C:\\Cliente\\HSS\\VetPro\\vetpro-backend\\src\\middlewares\\validationMiddleware.js:78:12)\n    at Layer.handle [as handle_request] (C:\\Cliente\\HSS\\VetPro\\vetpro-backend\\node_modules\\express\\lib\\router\\layer.js:95:5)\n    at next (C:\\Cliente\\HSS\\VetPro\\vetpro-backend\\node_modules\\express\\lib\\router\\route.js:149:13)\n    at Route.dispatch (C:\\Cliente\\HSS\\VetPro\\vetpro-backend\\node_modules\\express\\lib\\router\\route.js:119:3)\n    at Layer.handle [as handle_request] (C:\\Cliente\\HSS\\VetPro\\vetpro-backend\\node_modules\\express\\lib\\router\\layer.js:95:5)\n    at C:\\Cliente\\HSS\\VetPro\\vetpro-backend\\node_modules\\express\\lib\\router\\index.js:284:15\n    at param (C:\\Cliente\\HSS\\VetPro\\vetpro-backend\\node_modules\\express\\lib\\router\\index.js:365:14)\n    at param (C:\\Cliente\\HSS\\VetPro\\vetpro-backend\\node_modules\\express\\lib\\router\\index.js:376:14)\n    at Function.process_params (C:\\Cliente\\HSS\\VetPro\\vetpro-backend\\node_modules\\express\\lib\\router\\index.js:421:3)\n    at next (C:\\Cliente\\HSS\\VetPro\\vetpro-backend\\node_modules\\express\\lib\\router\\index.js:280:10)\n    at next (C:\\Cliente\\HSS\\VetPro\\vetpro-backend\\src\\tests\\consultationRoutes.test.js:39:5)\n    at Layer.handle [as handle_request] (C:\\Cliente\\HSS\\VetPro\\vetpro-backend\\node_modules\\express\\lib\\router\\layer.js:95:5)\n    at trim_prefix (C:\\Cliente\\HSS\\VetPro\\vetpro-backend\\node_modules\\express\\lib\\router\\index.js:328:13)\n    at C:\\Cliente\\HSS\\VetPro\\vetpro-backend\\node_modules\\express\\lib\\router\\index.js:286:9\n    at Function.process_params (C:\\Cliente\\HSS\\VetPro\\vetpro-backend\\node_modules\\express\\lib\\router\\index.js:346:12)\n    at next (C:\\Cliente\\HSS\\VetPro\\vetpro-backend\\node_modules\\express\\lib\\router\\index.js:280:10)\n    at Function.handle (C:\\Cliente\\HSS\\VetPro\\vetpro-backend\\node_modules\\express\\lib\\router\\index.js:175:3)\n    at router (C:\\Cliente\\HSS\\VetPro\\vetpro-backend\\node_modules\\express\\lib\\router\\index.js:47:12)\n    at Layer.handle [as handle_request] (C:\\Cliente\\HSS\\VetPro\\vetpro-backend\\node_modules\\express\\lib\\router\\layer.js:95:5)\n    at trim_prefix (C:\\Cliente\\HSS\\VetPro\\vetpro-backend\\node_modules\\express\\lib\\router\\index.js:328:13)\n    at C:\\Cliente\\HSS\\VetPro\\vetpro-backend\\node_modules\\express\\lib\\router\\index.js:286:9\n    at Function.process_params (C:\\Cliente\\HSS\\VetPro\\vetpro-backend\\node_modules\\express\\lib\\router\\index.js:346:12)\n    at next (C:\\Cliente\\HSS\\VetPro\\vetpro-backend\\node_modules\\express\\lib\\router\\index.js:280:10)\n    at C:\\Cliente\\HSS\\VetPro\\vetpro-backend\\node_modules\\express-rate-limit\\dist\\index.cjs:942:7\n    at processTicksAndRejections (node:internal/process/task_queues:95:5)\n    at C:\\Cliente\\HSS\\VetPro\\vetpro-backend\\node_modules\\express-rate-limit\\dist\\index.cjs:825:5","timestamp":"2026-02-27 15:54:29"}
{"error":"getaddrinfo ENOTFOUND redis","level":"warn","message":"Erro no Redis","service":"vetpro-backend","timestamp":"2026-02-27 15:54:34"}
{"error":"getaddrinfo ENOTFOUND redis","level":"warn","message":"Erro no Redis","service":"vetpro-backend","timestamp":"2026-02-27 15:54:35"}
{"error":"getaddrinfo ENOTFOUND redis","level":"warn","message":"Erro no Redis","service":"vetpro-backend","timestamp":"2026-02-27 15:54:36"}
{"error":"getaddrinfo ENOTFOUND redis","level":"warn","message":"Erro no Redis","service":"vetpro-backend","timestamp":"2026-02-27 15:54:36"}
{"error":"getaddrinfo ENOTFOUND redis","level":"warn","message":"Erro no Redis","service":"vetpro-backend","timestamp":"2026-02-27 15:54:39"}
{"error":"getaddrinfo ENOTFOUND redis","level":"warn","message":"Erro no Redis","service":"vetpro-backend","timestamp":"2026-02-27 15:54:39"}
{"error":"getaddrinfo ENOTFOUND redis","level":"warn","message":"Erro no Redis","service":"vetpro-backend","timestamp":"2026-02-27 15:54:40"}
{"error":"getaddrinfo ENOTFOUND redis","level":"warn","message":"Erro no Redis","service":"vetpro-backend","timestamp":"2026-02-27 15:54:41"}
{"error":"getaddrinfo ENOTFOUND redis","level":"warn","message":"Erro no Redis","service":"vetpro-backend","timestamp":"2026-02-27 15:54:44"}
{"error":"getaddrinfo ENOTFOUND redis","level":"warn","message":"Erro no Redis","service":"vetpro-backend","timestamp":"2026-02-27 15:54:44"}
{"error":"getaddrinfo ENOTFOUND redis","level":"warn","message":"Erro no Redis","service":"vetpro-backend","timestamp":"2026-02-27 15:54:45"}
{"error":"getaddrinfo ENOTFOUND redis","level":"warn","message":"Erro no Redis","service":"vetpro-backend","timestamp":"2026-02-27 15:54:45"}
{"error":"getaddrinfo ENOTFOUND redis","level":"warn","message":"Erro no Redis","service":"vetpro-backend","timestamp":"2026-02-27 15:54:48"}
{"error":"getaddrinfo ENOTFOUND redis","level":"warn","message":"Erro no Redis","service":"vetpro-backend","timestamp":"2026-02-27 15:54:49"}
{"error":"getaddrinfo ENOTFOUND redis","level":"warn","message":"Erro no Redis","service":"vetpro-backend","timestamp":"2026-02-27 15:54:54"}
{"error":"getaddrinfo ENOTFOUND redis","level":"warn","message":"Erro no Redis","service":"vetpro-backend","timestamp":"2026-02-27 15:54:55"}
{"error":"getaddrinfo ENOTFOUND redis","level":"warn","message":"Erro no Redis","service":"vetpro-backend","timestamp":"2026-02-27 15:54:58"}
{"error":"getaddrinfo ENOTFOUND redis","level":"warn","message":"Erro no Redis","service":"vetpro-backend","timestamp":"2026-02-27 15:54:58"}
{"error":"getaddrinfo ENOTFOUND redis","level":"warn","message":"Erro no Redis","service":"vetpro-backend","timestamp":"2026-02-27 15:54:59"}
{"error":"getaddrinfo ENOTFOUND redis","level":"warn","message":"Erro no Redis","service":"vetpro-backend","timestamp":"2026-02-27 15:54:59"}
{"error":"getaddrinfo ENOTFOUND redis","level":"warn","message":"Erro no Redis","service":"vetpro-backend","timestamp":"2026-02-27 15:55:02"}
{"error":"getaddrinfo ENOTFOUND redis","level":"warn","message":"Erro no Redis","service":"vetpro-backend","timestamp":"2026-02-27 15:55:03"}
{"error":"getaddrinfo ENOTFOUND redis","level":"warn","message":"Erro no Redis","service":"vetpro-backend","timestamp":"2026-02-27 15:55:04"}
{"error":"getaddrinfo ENOTFOUND redis","level":"warn","message":"Erro no Redis","service":"vetpro-backend","timestamp":"2026-02-27 15:55:04"}
{"error":"getaddrinfo ENOTFOUND redis","level":"warn","message":"Erro no Redis","service":"vetpro-backend","timestamp":"2026-02-27 15:55:07"}
{"error":"getaddrinfo ENOTFOUND redis","level":"warn","message":"Erro no Redis","service":"vetpro-backend","timestamp":"2026-02-27 15:55:07"}
{"error":"getaddrinfo ENOTFOUND redis","level":"warn","message":"Erro no Redis","service":"vetpro-backend","timestamp":"2026-02-27 15:55:08"}
{"error":"getaddrinfo ENOTFOUND redis","level":"warn","message":"Erro no Redis","service":"vetpro-backend","timestamp":"2026-02-27 15:55:09"}
{"error":"getaddrinfo ENOTFOUND redis","level":"warn","message":"Erro no Redis","service":"vetpro-backend","timestamp":"2026-02-27 15:55:16"}
{"error":"getaddrinfo ENOTFOUND redis","level":"warn","message":"Erro no Redis","service":"vetpro-backend","timestamp":"2026-02-27 15:55:17"}
{"error":"getaddrinfo ENOTFOUND redis","level":"warn","message":"Erro no Redis","service":"vetpro-backend","timestamp":"2026-02-27 15:55:17"}
{"error":"getaddrinfo ENOTFOUND redis","level":"warn","message":"Erro no Redis","service":"vetpro-backend","timestamp":"2026-02-27 15:55:18"}
{"error":"getaddrinfo ENOTFOUND redis","level":"warn","message":"Erro no Redis","service":"vetpro-backend","timestamp":"2026-02-27 15:55:21"}
{"error":"getaddrinfo ENOTFOUND redis","level":"warn","message":"Erro no Redis","service":"vetpro-backend","timestamp":"2026-02-27 15:55:21"}
{"error":"getaddrinfo ENOTFOUND redis","level":"warn","message":"Erro no Redis","service":"vetpro-backend","timestamp":"2026-02-27 15:55:22"}
{"error":"getaddrinfo ENOTFOUND redis","level":"warn","message":"Erro no Redis","service":"vetpro-backend","timestamp":"2026-02-27 15:55:23"}
{"error":"getaddrinfo ENOTFOUND redis","level":"warn","message":"Erro no Redis","service":"vetpro-backend","timestamp":"2026-02-27 15:55:25"}
{"error":"getaddrinfo ENOTFOUND redis","level":"warn","message":"Erro no Redis","service":"vetpro-backend","timestamp":"2026-02-27 15:55:26"}
{"error":"getaddrinfo ENOTFOUND redis","level":"warn","message":"Erro no Redis","service":"vetpro-backend","timestamp":"2026-02-27 15:55:27"}
{"error":"getaddrinfo ENOTFOUND redis","level":"warn","message":"Erro no Redis","service":"vetpro-backend","timestamp":"2026-02-27 15:55:27"}
{"error":"getaddrinfo ENOTFOUND redis","level":"warn","message":"Erro no Redis","service":"vetpro-backend","timestamp":"2026-02-27 15:55:30"}
{"error":"getaddrinfo ENOTFOUND redis","level":"warn","message":"Erro no Redis","service":"vetpro-backend","timestamp":"2026-02-27 15:55:31"}
{"error":"getaddrinfo ENOTFOUND redis","level":"warn","message":"Erro no Redis","service":"vetpro-backend","timestamp":"2026-02-27 15:55:36"}
{"error":"getaddrinfo ENOTFOUND redis","level":"warn","message":"Erro no Redis","service":"vetpro-backend","timestamp":"2026-02-27 15:55:36"}
{"error":"getaddrinfo ENOTFOUND redis","level":"warn","message":"Erro no Redis","service":"vetpro-backend","timestamp":"2026-02-27 15:55:39"}
{"error":"getaddrinfo ENOTFOUND redis","level":"warn","message":"Erro no Redis","service":"vetpro-backend","timestamp":"2026-02-27 15:55:40"}
{"error":"getaddrinfo ENOTFOUND redis","level":"warn","message":"Erro no Redis","service":"vetpro-backend","timestamp":"2026-02-27 15:55:41"}
{"error":"getaddrinfo ENOTFOUND redis","level":"warn","message":"Erro no Redis","service":"vetpro-backend","timestamp":"2026-02-27 15:55:41"}
{"error":"getaddrinfo ENOTFOUND redis","level":"warn","message":"Erro no Redis","service":"vetpro-backend","timestamp":"2026-02-27 15:55:44"}
{"error":"getaddrinfo ENOTFOUND redis","level":"warn","message":"Erro no Redis","service":"vetpro-backend","timestamp":"2026-02-27 15:55:44"}
{"error":"getaddrinfo ENOTFOUND redis","level":"warn","message":"Erro no Redis","service":"vetpro-backend","timestamp":"2026-02-27 15:55:45"}
{"error":"getaddrinfo ENOTFOUND redis","level":"warn","message":"Erro no Redis","service":"vetpro-backend","timestamp":"2026-02-27 15:55:46"}
{"error":"getaddrinfo ENOTFOUND redis","level":"warn","message":"Erro no Redis","service":"vetpro-backend","timestamp":"2026-02-27 15:55:49"}
{"error":"getaddrinfo ENOTFOUND redis","level":"warn","message":"Erro no Redis","service":"vetpro-backend","timestamp":"2026-02-27 15:55:49"}
{"error":"getaddrinfo ENOTFOUND redis","level":"warn","message":"Erro no Redis","service":"vetpro-backend","timestamp":"2026-02-27 15:55:50"}
{"error":"getaddrinfo ENOTFOUND redis","level":"warn","message":"Erro no Redis","service":"vetpro-backend","timestamp":"2026-02-27 15:55:50"}
{"error":"getaddrinfo ENOTFOUND redis","level":"warn","message":"Erro no Redis","service":"vetpro-backend","timestamp":"2026-02-27 15:55:58"}
{"error":"getaddrinfo ENOTFOUND redis","level":"warn","message":"Erro no Redis","service":"vetpro-backend","timestamp":"2026-02-27 15:55:58"}
{"error":"getaddrinfo ENOTFOUND redis","level":"warn","message":"Erro no Redis","service":"vetpro-backend","timestamp":"2026-02-27 15:55:59"}
{"error":"getaddrinfo ENOTFOUND redis","level":"warn","message":"Erro no Redis","service":"vetpro-backend","timestamp":"2026-02-27 15:56:00"}
{"error":"getaddrinfo ENOTFOUND redis","level":"warn","message":"Erro no Redis","service":"vetpro-backend","timestamp":"2026-02-27 15:56:03"}
{"error":"getaddrinfo ENOTFOUND redis","level":"warn","message":"Erro no Redis","service":"vetpro-backend","timestamp":"2026-02-27 15:56:03"}
{"error":"getaddrinfo ENOTFOUND redis","level":"warn","message":"Erro no Redis","service":"vetpro-backend","timestamp":"2026-02-27 15:56:04"}
{"error":"getaddrinfo ENOTFOUND redis","level":"warn","message":"Erro no Redis","service":"vetpro-backend","timestamp":"2026-02-27 15:56:04"}
{"error":"getaddrinfo ENOTFOUND redis","level":"warn","message":"Erro no Redis","service":"vetpro-backend","timestamp":"2026-02-27 15:56:07"}
{"error":"getaddrinfo ENOTFOUND redis","level":"warn","message":"Erro no Redis","service":"vetpro-backend","timestamp":"2026-02-27 15:56:08"}
{"error":"getaddrinfo ENOTFOUND redis","level":"warn","message":"Erro no Redis","service":"vetpro-backend","timestamp":"2026-02-27 15:56:09"}
{"error":"getaddrinfo ENOTFOUND redis","level":"warn","message":"Erro no Redis","service":"vetpro-backend","timestamp":"2026-02-27 15:56:09"}
{"error":"getaddrinfo ENOTFOUND redis","level":"warn","message":"Erro no Redis","service":"vetpro-backend","timestamp":"2026-02-27 15:56:12"}
{"error":"getaddrinfo ENOTFOUND redis","level":"warn","message":"Erro no Redis","service":"vetpro-backend","timestamp":"2026-02-27 15:56:12"}
{"error":"getaddrinfo ENOTFOUND redis","level":"warn","message":"Erro no Redis","service":"vetpro-backend","timestamp":"2026-02-27 15:56:18"}
{"error":"getaddrinfo ENOTFOUND redis","level":"warn","message":"Erro no Redis","service":"vetpro-backend","timestamp":"2026-02-27 15:56:18"}
{"error":"getaddrinfo ENOTFOUND redis","level":"warn","message":"Erro no Redis","service":"vetpro-backend","timestamp":"2026-02-27 15:56:21"}
{"level":"error","message":"Nome do paciente e obrigatorio.","service":"vetpro-backend","stack":"ValidationError: Nome do paciente e obrigatorio.\n    at validatePatientInput (C:\\Cliente\\HSS\\VetPro\\vetpro-backend\\src\\services\\patientService.js:70:20)\n    at Object.validatePatientInput [as createPatient] (C:\\Cliente\\HSS\\VetPro\\vetpro-backend\\src\\services\\patientService.js:142:3)\n    at createPatient (C:\\Cliente\\HSS\\VetPro\\vetpro-backend\\src\\controllers\\patientController.js:18:42)\n    at Layer.handle [as handle_request] (C:\\Cliente\\HSS\\VetPro\\vetpro-backend\\node_modules\\express\\lib\\router\\layer.js:95:5)\n    at next (C:\\Cliente\\HSS\\VetPro\\vetpro-backend\\node_modules\\express\\lib\\router\\route.js:149:13)\n    at next (C:\\Cliente\\HSS\\VetPro\\vetpro-backend\\src\\middlewares\\validationMiddleware.js:78:12)\n    at Layer.handle [as handle_request] (C:\\Cliente\\HSS\\VetPro\\vetpro-backend\\node_modules\\express\\lib\\router\\layer.js:95:5)\n    at next (C:\\Cliente\\HSS\\VetPro\\vetpro-backend\\node_modules\\express\\lib\\router\\route.js:149:13)\n    at Route.dispatch (C:\\Cliente\\HSS\\VetPro\\vetpro-backend\\node_modules\\express\\lib\\router\\route.js:119:3)\n    at Layer.handle [as handle_request] (C:\\Cliente\\HSS\\VetPro\\vetpro-backend\\node_modules\\express\\lib\\router\\layer.js:95:5)\n    at C:\\Cliente\\HSS\\VetPro\\vetpro-backend\\node_modules\\express\\lib\\router\\index.js:284:15\n    at Function.process_params (C:\\Cliente\\HSS\\VetPro\\vetpro-backend\\node_modules\\express\\lib\\router\\index.js:346:12)\n    at next (C:\\Cliente\\HSS\\VetPro\\vetpro-backend\\node_modules\\express\\lib\\router\\index.js:280:10)\n    at next (C:\\Cliente\\HSS\\VetPro\\vetpro-backend\\src\\tests\\consultationRoutes.test.js:39:5)\n    at Layer.handle [as handle_request] (C:\\Cliente\\HSS\\VetPro\\vetpro-backend\\node_modules\\express\\lib\\router\\layer.js:95:5)\n    at trim_prefix (C:\\Cliente\\HSS\\VetPro\\vetpro-backend\\node_modules\\express\\lib\\router\\index.js:328:13)\n    at C:\\Cliente\\HSS\\VetPro\\vetpro-backend\\node_modules\\express\\lib\\router\\index.js:286:9\n    at Function.process_params (C:\\Cliente\\HSS\\VetPro\\vetpro-backend\\node_modules\\express\\lib\\router\\index.js:346:12)\n    at next (C:\\Cliente\\HSS\\VetPro\\vetpro-backend\\node_modules\\express\\lib\\router\\index.js:280:10)\n    at Function.handle (C:\\Cliente\\HSS\\VetPro\\vetpro-backend\\node_modules\\express\\lib\\router\\index.js:175:3)\n    at router (C:\\Cliente\\HSS\\VetPro\\vetpro-backend\\node_modules\\express\\lib\\router\\index.js:47:12)\n    at Layer.handle [as handle_request] (C:\\Cliente\\HSS\\VetPro\\vetpro-backend\\node_modules\\express\\lib\\router\\layer.js:95:5)\n    at trim_prefix (C:\\Cliente\\HSS\\VetPro\\vetpro-backend\\node_modules\\express\\lib\\router\\index.js:328:13)\n    at C:\\Cliente\\HSS\\VetPro\\vetpro-backend\\node_modules\\express\\lib\\router\\index.js:286:9\n    at Function.process_params (C:\\Cliente\\HSS\\VetPro\\vetpro-backend\\node_modules\\express\\lib\\router\\index.js:346:12)\n    at next (C:\\Cliente\\HSS\\VetPro\\vetpro-backend\\node_modules\\express\\lib\\router\\index.js:280:10)\n    at C:\\Cliente\\HSS\\VetPro\\vetpro-backend\\node_modules\\express-rate-limit\\dist\\index.cjs:942:7\n    at processTicksAndRejections (node:internal/process/task_queues:95:5)\n    at C:\\Cliente\\HSS\\VetPro\\vetpro-backend\\node_modules\\express-rate-limit\\dist\\index.cjs:825:5","timestamp":"2026-02-27 15:56:21"}
{"level":"error","message":"Especie e obrigatoria.","service":"vetpro-backend","stack":"ValidationError: Especie e obrigatoria.\n    at validatePatientInput (C:\\Cliente\\HSS\\VetPro\\vetpro-backend\\src\\services\\patientService.js:71:23)\n    at Object.validatePatientInput [as updatePatient] (C:\\Cliente\\HSS\\VetPro\\vetpro-backend\\src\\services\\patientService.js:202:3)\n    at updatePatient (C:\\Cliente\\HSS\\VetPro\\vetpro-backend\\src\\controllers\\patientController.js:56:42)\n    at Layer.handle [as handle_request] (C:\\Cliente\\HSS\\VetPro\\vetpro-backend\\node_modules\\express\\lib\\router\\layer.js:95:5)\n    at next (C:\\Cliente\\HSS\\VetPro\\vetpro-backend\\node_modules\\express\\lib\\router\\route.js:149:13)\n    at next (C:\\Cliente\\HSS\\VetPro\\vetpro-backend\\src\\middlewares\\validationMiddleware.js:78:12)\n    at Layer.handle [as handle_request] (C:\\Cliente\\HSS\\VetPro\\vetpro-backend\\node_modules\\express\\lib\\router\\layer.js:95:5)\n    at next (C:\\Cliente\\HSS\\VetPro\\vetpro-backend\\node_modules\\express\\lib\\router\\route.js:149:13)\n    at Route.dispatch (C:\\Cliente\\HSS\\VetPro\\vetpro-backend\\node_modules\\express\\lib\\router\\route.js:119:3)\n    at Layer.handle [as handle_request] (C:\\Cliente\\HSS\\VetPro\\vetpro-backend\\node_modules\\express\\lib\\router\\layer.js:95:5)\n    at C:\\Cliente\\HSS\\VetPro\\vetpro-backend\\node_modules\\express\\lib\\router\\index.js:284:15\n    at param (C:\\Cliente\\HSS\\VetPro\\vetpro-backend\\node_modules\\express\\lib\\router\\index.js:365:14)\n    at param (C:\\Cliente\\HSS\\VetPro\\vetpro-backend\\node_modules\\express\\lib\\router\\index.js:376:14)\n    at Function.process_params (C:\\Cliente\\HSS\\VetPro\\vetpro-backend\\node_modules\\express\\lib\\router\\index.js:421:3)\n    at next (C:\\Cliente\\HSS\\VetPro\\vetpro-backend\\node_modules\\express\\lib\\router\\index.js:280:10)\n    at next (C:\\Cliente\\HSS\\VetPro\\vetpro-backend\\src\\tests\\consultationRoutes.test.js:39:5)\n    at Layer.handle [as handle_request] (C:\\Cliente\\HSS\\VetPro\\vetpro-backend\\node_modules\\express\\lib\\router\\layer.js:95:5)\n    at trim_prefix (C:\\Cliente\\HSS\\VetPro\\vetpro-backend\\node_modules\\express\\lib\\router\\index.js:328:13)\n    at C:\\Cliente\\HSS\\VetPro\\vetpro-backend\\node_modules\\express\\lib\\router\\index.js:286:9\n    at Function.process_params (C:\\Cliente\\HSS\\VetPro\\vetpro-backend\\node_modules\\express\\lib\\router\\index.js:346:12)\n    at next (C:\\Cliente\\HSS\\VetPro\\vetpro-backend\\node_modules\\express\\lib\\router\\index.js:280:10)\n    at Function.handle (C:\\Cliente\\HSS\\VetPro\\vetpro-backend\\node_modules\\express\\lib\\router\\index.js:175:3)\n    at router (C:\\Cliente\\HSS\\VetPro\\vetpro-backend\\node_modules\\express\\lib\\router\\index.js:47:12)\n    at Layer.handle [as handle_request] (C:\\Cliente\\HSS\\VetPro\\vetpro-backend\\node_modules\\express\\lib\\router\\layer.js:95:5)\n    at trim_prefix (C:\\Cliente\\HSS\\VetPro\\vetpro-backend\\node_modules\\express\\lib\\router\\index.js:328:13)\n    at C:\\Cliente\\HSS\\VetPro\\vetpro-backend\\node_modules\\express\\lib\\router\\index.js:286:9\n    at Function.process_params (C:\\Cliente\\HSS\\VetPro\\vetpro-backend\\node_modules\\express\\lib\\router\\index.js:346:12)\n    at next (C:\\Cliente\\HSS\\VetPro\\vetpro-backend\\node_modules\\express\\lib\\router\\index.js:280:10)\n    at C:\\Cliente\\HSS\\VetPro\\vetpro-backend\\node_modules\\express-rate-limit\\dist\\index.cjs:942:7\n    at processTicksAndRejections (node:internal/process/task_queues:95:5)\n    at C:\\Cliente\\HSS\\VetPro\\vetpro-backend\\node_modules\\express-rate-limit\\dist\\index.cjs:825:5","timestamp":"2026-02-27 15:56:21"}
{"error":"getaddrinfo ENOTFOUND redis","level":"warn","message":"Erro no Redis","service":"vetpro-backend","timestamp":"2026-02-27 15:56:22"}
{"error":"getaddrinfo ENOTFOUND redis","level":"warn","message":"Erro no Redis","service":"vetpro-backend","timestamp":"2026-02-27 15:56:22"}
{"error":"getaddrinfo ENOTFOUND redis","level":"warn","message":"Erro no Redis","service":"vetpro-backend","timestamp":"2026-02-27 15:56:23"}
{"error":"getaddrinfo ENOTFOUND redis","level":"warn","message":"Erro no Redis","service":"vetpro-backend","timestamp":"2026-02-27 15:56:26"}
{"error":"getaddrinfo ENOTFOUND redis","level":"warn","message":"Erro no Redis","service":"vetpro-backend","timestamp":"2026-02-27 15:56:26"}
{"error":"getaddrinfo ENOTFOUND redis","level":"warn","message":"Erro no Redis","service":"vetpro-backend","timestamp":"2026-02-27 15:56:27"}
{"error":"getaddrinfo ENOTFOUND redis","level":"warn","message":"Erro no Redis","service":"vetpro-backend","timestamp":"2026-02-27 15:56:28"}
{"error":"getaddrinfo ENOTFOUND redis","level":"warn","message":"Erro no Redis","service":"vetpro-backend","timestamp":"2026-02-27 15:56:30"}
{"error":"getaddrinfo ENOTFOUND redis","level":"warn","message":"Erro no Redis","service":"vetpro-backend","timestamp":"2026-02-27 15:56:31"}
{"error":"getaddrinfo ENOTFOUND redis","level":"warn","message":"Erro no Redis","service":"vetpro-backend","timestamp":"2026-02-27 15:56:32"}
{"error":"getaddrinfo ENOTFOUND redis","level":"warn","message":"Erro no Redis","service":"vetpro-backend","timestamp":"2026-02-27 15:56:32"}
{"error":"getaddrinfo ENOTFOUND redis","level":"warn","message":"Erro no Redis","service":"vetpro-backend","timestamp":"2026-02-27 15:56:40"}
{"error":"getaddrinfo ENOTFOUND redis","level":"warn","message":"Erro no Redis","service":"vetpro-backend","timestamp":"2026-02-27 15:56:40"}
{"error":"getaddrinfo ENOTFOUND redis","level":"warn","message":"Erro no Redis","service":"vetpro-backend","timestamp":"2026-02-27 15:56:41"}
{"error":"getaddrinfo ENOTFOUND redis","level":"warn","message":"Erro no Redis","service":"vetpro-backend","timestamp":"2026-02-27 15:56:41"}
{"error":"getaddrinfo ENOTFOUND redis","level":"warn","message":"Erro no Redis","service":"vetpro-backend","timestamp":"2026-02-27 15:56:44"}
{"error":"getaddrinfo ENOTFOUND redis","level":"warn","message":"Erro no Redis","service":"vetpro-backend","timestamp":"2026-02-27 15:56:45"}
{"error":"getaddrinfo ENOTFOUND redis","level":"warn","message":"Erro no Redis","service":"vetpro-backend","timestamp":"2026-02-27 15:56:46"}
{"error":"getaddrinfo ENOTFOUND redis","level":"warn","message":"Erro no Redis","service":"vetpro-backend","timestamp":"2026-02-27 15:56:46"}
{"error":"getaddrinfo ENOTFOUND redis","level":"warn","message":"Erro no Redis","service":"vetpro-backend","timestamp":"2026-02-27 15:56:49"}
{"error":"getaddrinfo ENOTFOUND redis","level":"warn","message":"Erro no Redis","service":"vetpro-backend","timestamp":"2026-02-27 15:56:50"}
{"error":"getaddrinfo ENOTFOUND redis","level":"warn","message":"Erro no Redis","service":"vetpro-backend","timestamp":"2026-02-27 15:56:50"}
{"error":"getaddrinfo ENOTFOUND redis","level":"warn","message":"Erro no Redis","service":"vetpro-backend","timestamp":"2026-02-27 15:56:51"}
{"error":"getaddrinfo ENOTFOUND redis","level":"warn","message":"Erro no Redis","service":"vetpro-backend","timestamp":"2026-02-27 15:56:54"}
{"error":"getaddrinfo ENOTFOUND redis","level":"warn","message":"Erro no Redis","service":"vetpro-backend","timestamp":"2026-02-27 15:56:54"}
{"error":"getaddrinfo ENOTFOUND redis","level":"warn","message":"Erro no Redis","service":"vetpro-backend","timestamp":"2026-02-27 15:56:59"}
{"error":"getaddrinfo ENOTFOUND redis","level":"warn","message":"Erro no Redis","service":"vetpro-backend","timestamp":"2026-02-27 15:57:00"}
{"error":"getaddrinfo ENOTFOUND redis","level":"warn","message":"Erro no Redis","service":"vetpro-backend","timestamp":"2026-02-27 15:57:03"}
{"error":"getaddrinfo ENOTFOUND redis","level":"warn","message":"Erro no Redis","service":"vetpro-backend","timestamp":"2026-02-27 15:57:03"}
{"error":"getaddrinfo ENOTFOUND redis","level":"warn","message":"Erro no Redis","service":"vetpro-backend","timestamp":"2026-02-27 15:57:04"}
{"error":"getaddrinfo ENOTFOUND redis","level":"warn","message":"Erro no Redis","service":"vetpro-backend","timestamp":"2026-02-27 15:57:05"}
{"error":"getaddrinfo ENOTFOUND redis","level":"warn","message":"Erro no Redis","service":"vetpro-backend","timestamp":"2026-02-27 15:57:07"}
{"error":"getaddrinfo ENOTFOUND redis","level":"warn","message":"Erro no Redis","service":"vetpro-backend","timestamp":"2026-02-27 15:57:08"}
{"error":"getaddrinfo ENOTFOUND redis","level":"warn","message":"Erro no Redis","service":"vetpro-backend","timestamp":"2026-02-27 15:57:09"}
{"error":"getaddrinfo ENOTFOUND redis","level":"warn","message":"Erro no Redis","service":"vetpro-backend","timestamp":"2026-02-27 15:57:09"}
{"error":"getaddrinfo ENOTFOUND redis","level":"warn","message":"Erro no Redis","service":"vetpro-backend","timestamp":"2026-02-27 15:57:12"}
{"error":"getaddrinfo ENOTFOUND redis","level":"warn","message":"Erro no Redis","service":"vetpro-backend","timestamp":"2026-02-27 15:57:13"}
{"error":"getaddrinfo ENOTFOUND redis","level":"warn","message":"Erro no Redis","service":"vetpro-backend","timestamp":"2026-02-27 15:57:13"}
{"error":"getaddrinfo ENOTFOUND redis","level":"warn","message":"Erro no Redis","service":"vetpro-backend","timestamp":"2026-02-27 15:57:14"}
{"error":"getaddrinfo ENOTFOUND redis","level":"warn","message":"Erro no Redis","service":"vetpro-backend","timestamp":"2026-02-27 15:57:21"}
{"error":"getaddrinfo ENOTFOUND redis","level":"warn","message":"Erro no Redis","service":"vetpro-backend","timestamp":"2026-02-27 15:57:22"}
{"error":"getaddrinfo ENOTFOUND redis","level":"warn","message":"Erro no Redis","service":"vetpro-backend","timestamp":"2026-02-27 15:57:23"}
{"error":"getaddrinfo ENOTFOUND redis","level":"warn","message":"Erro no Redis","service":"vetpro-backend","timestamp":"2026-02-27 15:57:23"}
{"error":"getaddrinfo ENOTFOUND redis","level":"warn","message":"Erro no Redis","service":"vetpro-backend","timestamp":"2026-02-27 15:57:26"}
{"error":"getaddrinfo ENOTFOUND redis","level":"warn","message":"Erro no Redis","service":"vetpro-backend","timestamp":"2026-02-27 15:57:27"}
{"error":"getaddrinfo ENOTFOUND redis","level":"warn","message":"Erro no Redis","service":"vetpro-backend","timestamp":"2026-02-27 15:57:27"}
{"error":"getaddrinfo ENOTFOUND redis","level":"warn","message":"Erro no Redis","service":"vetpro-backend","timestamp":"2026-02-27 15:57:28"}
{"error":"getaddrinfo ENOTFOUND redis","level":"warn","message":"Erro no Redis","service":"vetpro-backend","timestamp":"2026-02-27 15:57:31"}
{"error":"getaddrinfo ENOTFOUND redis","level":"warn","message":"Erro no Redis","service":"vetpro-backend","timestamp":"2026-02-27 15:57:31"}
{"error":"getaddrinfo ENOTFOUND redis","level":"warn","message":"Erro no Redis","service":"vetpro-backend","timestamp":"2026-02-27 15:57:32"}
{"error":"getaddrinfo ENOTFOUND redis","level":"warn","message":"Erro no Redis","service":"vetpro-backend","timestamp":"2026-02-27 15:57:33"}
{"error":"getaddrinfo ENOTFOUND redis","level":"warn","message":"Erro no Redis","service":"vetpro-backend","timestamp":"2026-02-27 15:57:35"}
{"error":"getaddrinfo ENOTFOUND redis","level":"warn","message":"Erro no Redis","service":"vetpro-backend","timestamp":"2026-02-27 15:57:36"}
{"error":"getaddrinfo ENOTFOUND redis","level":"warn","message":"Erro no Redis","service":"vetpro-backend","timestamp":"2026-02-27 15:57:41"}
{"error":"getaddrinfo ENOTFOUND redis","level":"warn","message":"Erro no Redis","service":"vetpro-backend","timestamp":"2026-02-27 15:57:42"}
{"error":"getaddrinfo ENOTFOUND redis","level":"warn","message":"Erro no Redis","service":"vetpro-backend","timestamp":"2026-02-27 15:57:45"}
{"error":"getaddrinfo ENOTFOUND redis","level":"warn","message":"Erro no Redis","service":"vetpro-backend","timestamp":"2026-02-27 15:57:45"}
{"error":"getaddrinfo ENOTFOUND redis","level":"warn","message":"Erro no Redis","service":"vetpro-backend","timestamp":"2026-02-27 15:57:46"}
{"error":"getaddrinfo ENOTFOUND redis","level":"warn","message":"Erro no Redis","service":"vetpro-backend","timestamp":"2026-02-27 15:57:46"}
{"error":"getaddrinfo ENOTFOUND redis","level":"warn","message":"Erro no Redis","service":"vetpro-backend","timestamp":"2026-02-27 15:57:49"}
{"error":"getaddrinfo ENOTFOUND redis","level":"warn","message":"Erro no Redis","service":"vetpro-backend","timestamp":"2026-02-27 15:57:50"}
{"error":"getaddrinfo ENOTFOUND redis","level":"warn","message":"Erro no Redis","service":"vetpro-backend","timestamp":"2026-02-27 15:57:51"}
{"error":"getaddrinfo ENOTFOUND redis","level":"warn","message":"Erro no Redis","service":"vetpro-backend","timestamp":"2026-02-27 15:57:51"}
{"error":"getaddrinfo ENOTFOUND redis","level":"warn","message":"Erro no Redis","service":"vetpro-backend","timestamp":"2026-02-27 15:57:54"}
{"error":"getaddrinfo ENOTFOUND redis","level":"warn","message":"Erro no Redis","service":"vetpro-backend","timestamp":"2026-02-27 15:57:54"}
{"error":"getaddrinfo ENOTFOUND redis","level":"warn","message":"Erro no Redis","service":"vetpro-backend","timestamp":"2026-02-27 15:57:55"}
{"error":"getaddrinfo ENOTFOUND redis","level":"warn","message":"Erro no Redis","service":"vetpro-backend","timestamp":"2026-02-27 15:57:56"}
{"error":"getaddrinfo ENOTFOUND redis","level":"warn","message":"Erro no Redis","service":"vetpro-backend","timestamp":"2026-02-27 15:58:03"}
{"error":"getaddrinfo ENOTFOUND redis","level":"warn","message":"Erro no Redis","service":"vetpro-backend","timestamp":"2026-02-27 15:58:04"}
{"error":"getaddrinfo ENOTFOUND redis","level":"warn","message":"Erro no Redis","service":"vetpro-backend","timestamp":"2026-02-27 15:58:04"}
{"error":"getaddrinfo ENOTFOUND redis","level":"warn","message":"Erro no Redis","service":"vetpro-backend","timestamp":"2026-02-27 15:58:05"}
{"error":"getaddrinfo ENOTFOUND redis","level":"warn","message":"Erro no Redis","service":"vetpro-backend","timestamp":"2026-02-27 15:58:08"}
{"error":"getaddrinfo ENOTFOUND redis","level":"warn","message":"Erro no Redis","service":"vetpro-backend","timestamp":"2026-02-27 15:58:09"}
{"error":"getaddrinfo ENOTFOUND redis","level":"warn","message":"Erro no Redis","service":"vetpro-backend","timestamp":"2026-02-27 15:58:09"}
{"error":"getaddrinfo ENOTFOUND redis","level":"warn","message":"Erro no Redis","service":"vetpro-backend","timestamp":"2026-02-27 15:58:10"}
{"error":"getaddrinfo ENOTFOUND redis","level":"warn","message":"Erro no Redis","service":"vetpro-backend","timestamp":"2026-02-27 15:58:12"}
{"error":"getaddrinfo ENOTFOUND redis","level":"warn","message":"Erro no Redis","service":"vetpro-backend","timestamp":"2026-02-27 15:58:13"}
{"error":"getaddrinfo ENOTFOUND redis","level":"warn","message":"Erro no Redis","service":"vetpro-backend","timestamp":"2026-02-27 15:58:14"}
{"error":"getaddrinfo ENOTFOUND redis","level":"warn","message":"Erro no Redis","service":"vetpro-backend","timestamp":"2026-02-27 15:58:14"}
{"error":"getaddrinfo ENOTFOUND redis","level":"warn","message":"Erro no Redis","service":"vetpro-backend","timestamp":"2026-02-27 15:58:17"}
{"error":"getaddrinfo ENOTFOUND redis","level":"warn","message":"Erro no Redis","service":"vetpro-backend","timestamp":"2026-02-27 15:58:18"}
{"error":"getaddrinfo ENOTFOUND redis","level":"warn","message":"Erro no Redis","service":"vetpro-backend","timestamp":"2026-02-27 15:58:23"}
{"error":"getaddrinfo ENOTFOUND redis","level":"warn","message":"Erro no Redis","service":"vetpro-backend","timestamp":"2026-02-27 15:58:23"}
{"error":"getaddrinfo ENOTFOUND redis","level":"warn","message":"Erro no Redis","service":"vetpro-backend","timestamp":"2026-02-27 15:58:26"}
{"error":"getaddrinfo ENOTFOUND redis","level":"warn","message":"Erro no Redis","service":"vetpro-backend","timestamp":"2026-02-27 15:58:27"}
{"error":"getaddrinfo ENOTFOUND redis","level":"warn","message":"Erro no Redis","service":"vetpro-backend","timestamp":"2026-02-27 15:58:28"}
{"error":"getaddrinfo ENOTFOUND redis","level":"warn","message":"Erro no Redis","service":"vetpro-backend","timestamp":"2026-02-27 15:58:28"}
{"error":"getaddrinfo ENOTFOUND redis","level":"warn","message":"Erro no Redis","service":"vetpro-backend","timestamp":"2026-02-27 15:58:31"}
{"error":"getaddrinfo ENOTFOUND redis","level":"warn","message":"Erro no Redis","service":"vetpro-backend","timestamp":"2026-02-27 15:58:32"}
{"error":"getaddrinfo ENOTFOUND redis","level":"warn","message":"Erro no Redis","service":"vetpro-backend","timestamp":"2026-02-27 15:58:32"}
{"error":"getaddrinfo ENOTFOUND redis","level":"warn","message":"Erro no Redis","service":"vetpro-backend","timestamp":"2026-02-27 15:58:33"}
{"error":"getaddrinfo ENOTFOUND redis","level":"warn","message":"Erro no Redis","service":"vetpro-backend","timestamp":"2026-02-27 15:58:36"}
{"error":"getaddrinfo ENOTFOUND redis","level":"warn","message":"Erro no Redis","service":"vetpro-backend","timestamp":"2026-02-27 15:58:36"}
{"error":"getaddrinfo ENOTFOUND redis","level":"warn","message":"Erro no Redis","service":"vetpro-backend","timestamp":"2026-02-27 15:58:37"}
{"error":"getaddrinfo ENOTFOUND redis","level":"warn","message":"Erro no Redis","service":"vetpro-backend","timestamp":"2026-02-27 15:58:37"}
{"error":"getaddrinfo ENOTFOUND redis","level":"warn","message":"Erro no Redis","service":"vetpro-backend","timestamp":"2026-02-27 15:58:45"}
{"level":"error","message":"Nome do paciente e obrigatorio.","service":"vetpro-backend","stack":"ValidationError: Nome do paciente e obrigatorio.\n    at validatePatientInput (C:\\Cliente\\HSS\\VetPro\\vetpro-backend\\src\\services\\patientService.js:70:20)\n    at Object.validatePatientInput [as createPatient] (C:\\Cliente\\HSS\\VetPro\\vetpro-backend\\src\\services\\patientService.js:142:3)\n    at createPatient (C:\\Cliente\\HSS\\VetPro\\vetpro-backend\\src\\controllers\\patientController.js:18:42)\n    at Layer.handle [as handle_request] (C:\\Cliente\\HSS\\VetPro\\vetpro-backend\\node_modules\\express\\lib\\router\\layer.js:95:5)\n    at next (C:\\Cliente\\HSS\\VetPro\\vetpro-backend\\node_modules\\express\\lib\\router\\route.js:149:13)\n    at next (C:\\Cliente\\HSS\\VetPro\\vetpro-backend\\src\\middlewares\\validationMiddleware.js:78:12)\n    at Layer.handle [as handle_request] (C:\\Cliente\\HSS\\VetPro\\vetpro-backend\\node_modules\\express\\lib\\router\\layer.js:95:5)\n    at next (C:\\Cliente\\HSS\\VetPro\\vetpro-backend\\node_modules\\express\\lib\\router\\route.js:149:13)\n    at Route.dispatch (C:\\Cliente\\HSS\\VetPro\\vetpro-backend\\node_modules\\express\\lib\\router\\route.js:119:3)\n    at Layer.handle [as handle_request] (C:\\Cliente\\HSS\\VetPro\\vetpro-backend\\node_modules\\express\\lib\\router\\layer.js:95:5)\n    at C:\\Cliente\\HSS\\VetPro\\vetpro-backend\\node_modules\\express\\lib\\router\\index.js:284:15\n    at Function.process_params (C:\\Cliente\\HSS\\VetPro\\vetpro-backend\\node_modules\\express\\lib\\router\\index.js:346:12)\n    at next (C:\\Cliente\\HSS\\VetPro\\vetpro-backend\\node_modules\\express\\lib\\router\\index.js:280:10)\n    at next (C:\\Cliente\\HSS\\VetPro\\vetpro-backend\\src\\tests\\consultationRoutes.test.js:39:5)\n    at Layer.handle [as handle_request] (C:\\Cliente\\HSS\\VetPro\\vetpro-backend\\node_modules\\express\\lib\\router\\layer.js:95:5)\n    at trim_prefix (C:\\Cliente\\HSS\\VetPro\\vetpro-backend\\node_modules\\express\\lib\\router\\index.js:328:13)\n    at C:\\Cliente\\HSS\\VetPro\\vetpro-backend\\node_modules\\express\\lib\\router\\index.js:286:9\n    at Function.process_params (C:\\Cliente\\HSS\\VetPro\\vetpro-backend\\node_modules\\express\\lib\\router\\index.js:346:12)\n    at next (C:\\Cliente\\HSS\\VetPro\\vetpro-backend\\node_modules\\express\\lib\\router\\index.js:280:10)\n    at Function.handle (C:\\Cliente\\HSS\\VetPro\\vetpro-backend\\node_modules\\express\\lib\\router\\index.js:175:3)\n    at router (C:\\Cliente\\HSS\\VetPro\\vetpro-backend\\node_modules\\express\\lib\\router\\index.js:47:12)\n    at Layer.handle [as handle_request] (C:\\Cliente\\HSS\\VetPro\\vetpro-backend\\node_modules\\express\\lib\\router\\layer.js:95:5)\n    at trim_prefix (C:\\Cliente\\HSS\\VetPro\\vetpro-backend\\node_modules\\express\\lib\\router\\index.js:328:13)\n    at C:\\Cliente\\HSS\\VetPro\\vetpro-backend\\node_modules\\express\\lib\\router\\index.js:286:9\n    at Function.process_params (C:\\Cliente\\HSS\\VetPro\\vetpro-backend\\node_modules\\express\\lib\\router\\index.js:346:12)\n    at next (C:\\Cliente\\HSS\\VetPro\\vetpro-backend\\node_modules\\express\\lib\\router\\index.js:280:10)\n    at C:\\Cliente\\HSS\\VetPro\\vetpro-backend\\node_modules\\express-rate-limit\\dist\\index.cjs:942:7\n    at processTicksAndRejections (node:internal/process/task_queues:95:5)\n    at C:\\Cliente\\HSS\\VetPro\\vetpro-backend\\node_modules\\express-rate-limit\\dist\\index.cjs:825:5","timestamp":"2026-02-27 15:58:45"}
{"level":"error","message":"Especie e obrigatoria.","service":"vetpro-backend","stack":"ValidationError: Especie e obrigatoria.\n    at validatePatientInput (C:\\Cliente\\HSS\\VetPro\\vetpro-backend\\src\\services\\patientService.js:71:23)\n    at Object.validatePatientInput [as updatePatient] (C:\\Cliente\\HSS\\VetPro\\vetpro-backend\\src\\services\\patientService.js:202:3)\n    at updatePatient (C:\\Cliente\\HSS\\VetPro\\vetpro-backend\\src\\controllers\\patientController.js:56:42)\n    at Layer.handle [as handle_request] (C:\\Cliente\\HSS\\VetPro\\vetpro-backend\\node_modules\\express\\lib\\router\\layer.js:95:5)\n    at next (C:\\Cliente\\HSS\\VetPro\\vetpro-backend\\node_modules\\express\\lib\\router\\route.js:149:13)\n    at next (C:\\Cliente\\HSS\\VetPro\\vetpro-backend\\src\\middlewares\\validationMiddleware.js:78:12)\n    at Layer.handle [as handle_request] (C:\\Cliente\\HSS\\VetPro\\vetpro-backend\\node_modules\\express\\lib\\router\\layer.js:95:5)\n    at next (C:\\Cliente\\HSS\\VetPro\\vetpro-backend\\node_modules\\express\\lib\\router\\route.js:149:13)\n    at Route.dispatch (C:\\Cliente\\HSS\\VetPro\\vetpro-backend\\node_modules\\express\\lib\\router\\route.js:119:3)\n    at Layer.handle [as handle_request] (C:\\Cliente\\HSS\\VetPro\\vetpro-backend\\node_modules\\express\\lib\\router\\layer.js:95:5)\n    at C:\\Cliente\\HSS\\VetPro\\vetpro-backend\\node_modules\\express\\lib\\router\\index.js:284:15\n    at param (C:\\Cliente\\HSS\\VetPro\\vetpro-backend\\node_modules\\express\\lib\\router\\index.js:365:14)\n    at param (C:\\Cliente\\HSS\\VetPro\\vetpro-backend\\node_modules\\express\\lib\\router\\index.js:376:14)\n    at Function.process_params (C:\\Cliente\\HSS\\VetPro\\vetpro-backend\\node_modules\\express\\lib\\router\\index.js:421:3)\n    at next (C:\\Cliente\\HSS\\VetPro\\vetpro-backend\\node_modules\\express\\lib\\router\\index.js:280:10)\n    at next (C:\\Cliente\\HSS\\VetPro\\vetpro-backend\\src\\tests\\consultationRoutes.test.js:39:5)\n    at Layer.handle [as handle_request] (C:\\Cliente\\HSS\\VetPro\\vetpro-backend\\node_modules\\express\\lib\\router\\layer.js:95:5)\n    at trim_prefix (C:\\Cliente\\HSS\\VetPro\\vetpro-backend\\node_modules\\express\\lib\\router\\index.js:328:13)\n    at C:\\Cliente\\HSS\\VetPro\\vetpro-backend\\node_modules\\express\\lib\\router\\index.js:286:9\n    at Function.process_params (C:\\Cliente\\HSS\\VetPro\\vetpro-backend\\node_modules\\express\\lib\\router\\index.js:346:12)\n    at next (C:\\Cliente\\HSS\\VetPro\\vetpro-backend\\node_modules\\express\\lib\\router\\index.js:280:10)\n    at Function.handle (C:\\Cliente\\HSS\\VetPro\\vetpro-backend\\node_modules\\express\\lib\\router\\index.js:175:3)\n    at router (C:\\Cliente\\HSS\\VetPro\\vetpro-backend\\node_modules\\express\\lib\\router\\index.js:47:12)\n    at Layer.handle [as handle_request] (C:\\Cliente\\HSS\\VetPro\\vetpro-backend\\node_modules\\express\\lib\\router\\layer.js:95:5)\n    at trim_prefix (C:\\Cliente\\HSS\\VetPro\\vetpro-backend\\node_modules\\express\\lib\\router\\index.js:328:13)\n    at C:\\Cliente\\HSS\\VetPro\\vetpro-backend\\node_modules\\express\\lib\\router\\index.js:286:9\n    at Function.process_params (C:\\Cliente\\HSS\\VetPro\\vetpro-backend\\node_modules\\express\\lib\\router\\index.js:346:12)\n    at next (C:\\Cliente\\HSS\\VetPro\\vetpro-backend\\node_modules\\express\\lib\\router\\index.js:280:10)\n    at C:\\Cliente\\HSS\\VetPro\\vetpro-backend\\node_modules\\express-rate-limit\\dist\\index.cjs:942:7\n    at processTicksAndRejections (node:internal/process/task_queues:95:5)\n    at C:\\Cliente\\HSS\\VetPro\\vetpro-backend\\node_modules\\express-rate-limit\\dist\\index.cjs:825:5","timestamp":"2026-02-27 15:58:45"}
{"error":"getaddrinfo ENOTFOUND redis","level":"warn","message":"Erro no Redis","service":"vetpro-backend","timestamp":"2026-02-27 15:58:46"}
{"error":"getaddrinfo ENOTFOUND redis","level":"warn","message":"Erro no Redis","service":"vetpro-backend","timestamp":"2026-02-27 15:58:46"}
{"error":"getaddrinfo ENOTFOUND redis","level":"warn","message":"Erro no Redis","service":"vetpro-backend","timestamp":"2026-02-27 15:58:47"}
{"error":"getaddrinfo ENOTFOUND redis","level":"warn","message":"Erro no Redis","service":"vetpro-backend","timestamp":"2026-02-27 15:58:50"}
{"error":"getaddrinfo ENOTFOUND redis","level":"warn","message":"Erro no Redis","service":"vetpro-backend","timestamp":"2026-02-27 15:58:50"}
{"error":"getaddrinfo ENOTFOUND redis","level":"warn","message":"Erro no Redis","service":"vetpro-backend","timestamp":"2026-02-27 15:58:51"}
{"error":"getaddrinfo ENOTFOUND redis","level":"warn","message":"Erro no Redis","service":"vetpro-backend","timestamp":"2026-02-27 15:58:51"}
{"error":"getaddrinfo ENOTFOUND redis","level":"warn","message":"Erro no Redis","service":"vetpro-backend","timestamp":"2026-02-27 15:58:54"}
{"error":"getaddrinfo ENOTFOUND redis","level":"warn","message":"Erro no Redis","service":"vetpro-backend","timestamp":"2026-02-27 15:58:55"}
{"error":"getaddrinfo ENOTFOUND redis","level":"warn","message":"Erro no Redis","service":"vetpro-backend","timestamp":"2026-02-27 15:58:56"}
{"error":"getaddrinfo ENOTFOUND redis","level":"warn","message":"Erro no Redis","service":"vetpro-backend","timestamp":"2026-02-27 15:58:56"}
{"error":"getaddrinfo ENOTFOUND redis","level":"warn","message":"Erro no Redis","service":"vetpro-backend","timestamp":"2026-02-27 15:58:59"}
{"error":"getaddrinfo ENOTFOUND redis","level":"warn","message":"Erro no Redis","service":"vetpro-backend","timestamp":"2026-02-27 15:59:00"}
{"level":"error","message":"Nome do paciente e obrigatorio.","service":"vetpro-backend","stack":"ValidationError: Nome do paciente e obrigatorio.\n    at validatePatientInput (C:\\Cliente\\HSS\\VetPro\\vetpro-backend\\src\\services\\patientService.js:70:20)\n    at Object.validatePatientInput [as createPatient] (C:\\Cliente\\HSS\\VetPro\\vetpro-backend\\src\\services\\patientService.js:142:3)\n    at createPatient (C:\\Cliente\\HSS\\VetPro\\vetpro-backend\\src\\controllers\\patientController.js:18:42)\n    at Layer.handle [as handle_request] (C:\\Cliente\\HSS\\VetPro\\vetpro-backend\\node_modules\\express\\lib\\router\\layer.js:95:5)\n    at next (C:\\Cliente\\HSS\\VetPro\\vetpro-backend\\node_modules\\express\\lib\\router\\route.js:149:13)\n    at next (C:\\Cliente\\HSS\\VetPro\\vetpro-backend\\src\\middlewares\\validationMiddleware.js:78:12)\n    at Layer.handle [as handle_request] (C:\\Cliente\\HSS\\VetPro\\vetpro-backend\\node_modules\\express\\lib\\router\\layer.js:95:5)\n    at next (C:\\Cliente\\HSS\\VetPro\\vetpro-backend\\node_modules\\express\\lib\\router\\route.js:149:13)\n    at Route.dispatch (C:\\Cliente\\HSS\\VetPro\\vetpro-backend\\node_modules\\express\\lib\\router\\route.js:119:3)\n    at Layer.handle [as handle_request] (C:\\Cliente\\HSS\\VetPro\\vetpro-backend\\node_modules\\express\\lib\\router\\layer.js:95:5)\n    at C:\\Cliente\\HSS\\VetPro\\vetpro-backend\\node_modules\\express\\lib\\router\\index.js:284:15\n    at Function.process_params (C:\\Cliente\\HSS\\VetPro\\vetpro-backend\\node_modules\\express\\lib\\router\\index.js:346:12)\n    at next (C:\\Cliente\\HSS\\VetPro\\vetpro-backend\\node_modules\\express\\lib\\router\\index.js:280:10)\n    at next (C:\\Cliente\\HSS\\VetPro\\vetpro-backend\\src\\tests\\consultationRoutes.test.js:39:5)\n    at Layer.handle [as handle_request] (C:\\Cliente\\HSS\\VetPro\\vetpro-backend\\node_modules\\express\\lib\\router\\layer.js:95:5)\n    at trim_prefix (C:\\Cliente\\HSS\\VetPro\\vetpro-backend\\node_modules\\express\\lib\\router\\index.js:328:13)\n    at C:\\Cliente\\HSS\\VetPro\\vetpro-backend\\node_modules\\express\\lib\\router\\index.js:286:9\n    at Function.process_params (C:\\Cliente\\HSS\\VetPro\\vetpro-backend\\node_modules\\express\\lib\\router\\index.js:346:12)\n    at next (C:\\Cliente\\HSS\\VetPro\\vetpro-backend\\node_modules\\express\\lib\\router\\index.js:280:10)\n    at Function.handle (C:\\Cliente\\HSS\\VetPro\\vetpro-backend\\node_modules\\express\\lib\\router\\index.js:175:3)\n    at router (C:\\Cliente\\HSS\\VetPro\\vetpro-backend\\node_modules\\express\\lib\\router\\index.js:47:12)\n    at Layer.handle [as handle_request] (C:\\Cliente\\HSS\\VetPro\\vetpro-backend\\node_modules\\express\\lib\\router\\layer.js:95:5)\n    at trim_prefix (C:\\Cliente\\HSS\\VetPro\\vetpro-backend\\node_modules\\express\\lib\\router\\index.js:328:13)\n    at C:\\Cliente\\HSS\\VetPro\\vetpro-backend\\node_modules\\express\\lib\\router\\index.js:286:9\n    at Function.process_params (C:\\Cliente\\HSS\\VetPro\\vetpro-backend\\node_modules\\express\\lib\\router\\index.js:346:12)\n    at next (C:\\Cliente\\HSS\\VetPro\\vetpro-backend\\node_modules\\express\\lib\\router\\index.js:280:10)\n    at C:\\Cliente\\HSS\\VetPro\\vetpro-backend\\node_modules\\express-rate-limit\\dist\\index.cjs:942:7\n    at processTicksAndRejections (node:internal/process/task_queues:95:5)\n    at C:\\Cliente\\HSS\\VetPro\\vetpro-backend\\node_modules\\express-rate-limit\\dist\\index.cjs:825:5","timestamp":"2026-02-27 15:59:03"}
{"level":"error","message":"Especie e obrigatoria.","service":"vetpro-backend","stack":"ValidationError: Especie e obrigatoria.\n    at validatePatientInput (C:\\Cliente\\HSS\\VetPro\\vetpro-backend\\src\\services\\patientService.js:71:23)\n    at Object.validatePatientInput [as updatePatient] (C:\\Cliente\\HSS\\VetPro\\vetpro-backend\\src\\services\\patientService.js:202:3)\n    at updatePatient (C:\\Cliente\\HSS\\VetPro\\vetpro-backend\\src\\controllers\\patientController.js:56:42)\n    at Layer.handle [as handle_request] (C:\\Cliente\\HSS\\VetPro\\vetpro-backend\\node_modules\\express\\lib\\router\\layer.js:95:5)\n    at next (C:\\Cliente\\HSS\\VetPro\\vetpro-backend\\node_modules\\express\\lib\\router\\route.js:149:13)\n    at next (C:\\Cliente\\HSS\\VetPro\\vetpro-backend\\src\\middlewares\\validationMiddleware.js:78:12)\n    at Layer.handle [as handle_request] (C:\\Cliente\\HSS\\VetPro\\vetpro-backend\\node_modules\\express\\lib\\router\\layer.js:95:5)\n    at next (C:\\Cliente\\HSS\\VetPro\\vetpro-backend\\node_modules\\express\\lib\\router\\route.js:149:13)\n    at Route.dispatch (C:\\Cliente\\HSS\\VetPro\\vetpro-backend\\node_modules\\express\\lib\\router\\route.js:119:3)\n    at Layer.handle [as handle_request] (C:\\Cliente\\HSS\\VetPro\\vetpro-backend\\node_modules\\express\\lib\\router\\layer.js:95:5)\n    at C:\\Cliente\\HSS\\VetPro\\vetpro-backend\\node_modules\\express\\lib\\router\\index.js:284:15\n    at param (C:\\Cliente\\HSS\\VetPro\\vetpro-backend\\node_modules\\express\\lib\\router\\index.js:365:14)\n    at param (C:\\Cliente\\HSS\\VetPro\\vetpro-backend\\node_modules\\express\\lib\\router\\index.js:376:14)\n    at Function.process_params (C:\\Cliente\\HSS\\VetPro\\vetpro-backend\\node_modules\\express\\lib\\router\\index.js:421:3)\n    at next (C:\\Cliente\\HSS\\VetPro\\vetpro-backend\\node_modules\\express\\lib\\router\\index.js:280:10)\n    at next (C:\\Cliente\\HSS\\VetPro\\vetpro-backend\\src\\tests\\consultationRoutes.test.js:39:5)\n    at Layer.handle [as handle_request] (C:\\Cliente\\HSS\\VetPro\\vetpro-backend\\node_modules\\express\\lib\\router\\layer.js:95:5)\n    at trim_prefix (C:\\Cliente\\HSS\\VetPro\\vetpro-backend\\node_modules\\express\\lib\\router\\index.js:328:13)\n    at C:\\Cliente\\HSS\\VetPro\\vetpro-backend\\node_modules\\express\\lib\\router\\index.js:286:9\n    at Function.process_params (C:\\Cliente\\HSS\\VetPro\\vetpro-backend\\node_modules\\express\\lib\\router\\index.js:346:12)\n    at next (C:\\Cliente\\HSS\\VetPro\\vetpro-backend\\node_modules\\express\\lib\\router\\index.js:280:10)\n    at Function.handle (C:\\Cliente\\HSS\\VetPro\\vetpro-backend\\node_modules\\express\\lib\\router\\index.js:175:3)\n    at router (C:\\Cliente\\HSS\\VetPro\\vetpro-backend\\node_modules\\express\\lib\\router\\index.js:47:12)\n    at Layer.handle [as handle_request] (C:\\Cliente\\HSS\\VetPro\\vetpro-backend\\node_modules\\express\\lib\\router\\layer.js:95:5)\n    at trim_prefix (C:\\Cliente\\HSS\\VetPro\\vetpro-backend\\node_modules\\express\\lib\\router\\index.js:328:13)\n    at C:\\Cliente\\HSS\\VetPro\\vetpro-backend\\node_modules\\express\\lib\\router\\index.js:286:9\n    at Function.process_params (C:\\Cliente\\HSS\\VetPro\\vetpro-backend\\node_modules\\express\\lib\\router\\index.js:346:12)\n    at next (C:\\Cliente\\HSS\\VetPro\\vetpro-backend\\node_modules\\express\\lib\\router\\index.js:280:10)\n    at C:\\Cliente\\HSS\\VetPro\\vetpro-backend\\node_modules\\express-rate-limit\\dist\\index.cjs:942:7\n    at processTicksAndRejections (node:internal/process/task_queues:95:5)\n    at C:\\Cliente\\HSS\\VetPro\\vetpro-backend\\node_modules\\express-rate-limit\\dist\\index.cjs:825:5","timestamp":"2026-02-27 15:59:03"}
{"error":"getaddrinfo ENOTFOUND redis","level":"warn","message":"Erro no Redis","service":"vetpro-backend","timestamp":"2026-02-27 15:59:05"}
{"error":"getaddrinfo ENOTFOUND redis","level":"warn","message":"Erro no Redis","service":"vetpro-backend","timestamp":"2026-02-27 15:59:05"}
{"error":"getaddrinfo ENOTFOUND redis","level":"warn","message":"Erro no Redis","service":"vetpro-backend","timestamp":"2026-02-27 15:59:08"}
{"error":"getaddrinfo ENOTFOUND redis","level":"warn","message":"Erro no Redis","service":"vetpro-backend","timestamp":"2026-02-27 15:59:09"}
{"error":"getaddrinfo ENOTFOUND redis","level":"warn","message":"Erro no Redis","service":"vetpro-backend","timestamp":"2026-02-27 15:59:09"}
{"error":"getaddrinfo ENOTFOUND redis","level":"warn","message":"Erro no Redis","service":"vetpro-backend","timestamp":"2026-02-27 15:59:10"}
{"error":"getaddrinfo ENOTFOUND redis","level":"warn","message":"Erro no Redis","service":"vetpro-backend","timestamp":"2026-02-27 15:59:13"}
{"error":"getaddrinfo ENOTFOUND redis","level":"warn","message":"Erro no Redis","service":"vetpro-backend","timestamp":"2026-02-27 15:59:14"}
{"error":"getaddrinfo ENOTFOUND redis","level":"warn","message":"Erro no Redis","service":"vetpro-backend","timestamp":"2026-02-27 15:59:14"}
{"error":"getaddrinfo ENOTFOUND redis","level":"warn","message":"Erro no Redis","service":"vetpro-backend","timestamp":"2026-02-27 15:59:15"}
{"error":"getaddrinfo ENOTFOUND redis","level":"warn","message":"Erro no Redis","service":"vetpro-backend","timestamp":"2026-02-27 15:59:17"}
{"error":"getaddrinfo ENOTFOUND redis","level":"warn","message":"Erro no Redis","service":"vetpro-backend","timestamp":"2026-02-27 15:59:18"}
{"error":"getaddrinfo ENOTFOUND redis","level":"warn","message":"Erro no Redis","service":"vetpro-backend","timestamp":"2026-02-27 15:59:19"}
{"error":"getaddrinfo ENOTFOUND redis","level":"warn","message":"Erro no Redis","service":"vetpro-backend","timestamp":"2026-02-27 15:59:19"}
{"error":"getaddrinfo ENOTFOUND redis","level":"warn","message":"Erro no Redis","service":"vetpro-backend","timestamp":"2026-02-27 15:59:27"}
{"error":"getaddrinfo ENOTFOUND redis","level":"warn","message":"Erro no Redis","service":"vetpro-backend","timestamp":"2026-02-27 15:59:27"}
{"error":"getaddrinfo ENOTFOUND redis","level":"warn","message":"Erro no Redis","service":"vetpro-backend","timestamp":"2026-02-27 15:59:28"}
{"error":"getaddrinfo ENOTFOUND redis","level":"warn","message":"Erro no Redis","service":"vetpro-backend","timestamp":"2026-02-27 15:59:29"}
{"error":"getaddrinfo ENOTFOUND redis","level":"warn","message":"Erro no Redis","service":"vetpro-backend","timestamp":"2026-02-27 15:59:31"}
{"error":"getaddrinfo ENOTFOUND redis","level":"warn","message":"Erro no Redis","service":"vetpro-backend","timestamp":"2026-02-27 15:59:32"}
{"error":"getaddrinfo ENOTFOUND redis","level":"warn","message":"Erro no Redis","service":"vetpro-backend","timestamp":"2026-02-27 15:59:33"}
{"error":"getaddrinfo ENOTFOUND redis","level":"warn","message":"Erro no Redis","service":"vetpro-backend","timestamp":"2026-02-27 15:59:33"}
{"error":"getaddrinfo ENOTFOUND redis","level":"warn","message":"Erro no Redis","service":"vetpro-backend","timestamp":"2026-02-27 15:59:36"}
{"error":"getaddrinfo ENOTFOUND redis","level":"warn","message":"Erro no Redis","service":"vetpro-backend","timestamp":"2026-02-27 15:59:37"}
{"error":"getaddrinfo ENOTFOUND redis","level":"warn","message":"Erro no Redis","service":"vetpro-backend","timestamp":"2026-02-27 15:59:37"}
{"error":"getaddrinfo ENOTFOUND redis","level":"warn","message":"Erro no Redis","service":"vetpro-backend","timestamp":"2026-02-27 15:59:38"}
{"error":"getaddrinfo ENOTFOUND redis","level":"warn","message":"Erro no Redis","service":"vetpro-backend","timestamp":"2026-02-27 15:59:41"}
{"error":"getaddrinfo ENOTFOUND redis","level":"warn","message":"Erro no Redis","service":"vetpro-backend","timestamp":"2026-02-27 15:59:41"}
{"error":"getaddrinfo ENOTFOUND redis","level":"warn","message":"Erro no Redis","service":"vetpro-backend","timestamp":"2026-02-27 15:59:46"}
{"error":"getaddrinfo ENOTFOUND redis","level":"warn","message":"Erro no Redis","service":"vetpro-backend","timestamp":"2026-02-27 15:59:47"}
{"error":"getaddrinfo ENOTFOUND redis","level":"warn","message":"Erro no Redis","service":"vetpro-backend","timestamp":"2026-02-27 15:59:50"}
{"error":"getaddrinfo ENOTFOUND redis","level":"warn","message":"Erro no Redis","service":"vetpro-backend","timestamp":"2026-02-27 15:59:51"}
{"error":"getaddrinfo ENOTFOUND redis","level":"warn","message":"Erro no Redis","service":"vetpro-backend","timestamp":"2026-02-27 15:59:51"}
{"error":"getaddrinfo ENOTFOUND redis","level":"warn","message":"Erro no Redis","service":"vetpro-backend","timestamp":"2026-02-27 15:59:52"}
{"error":"getaddrinfo ENOTFOUND redis","level":"warn","message":"Erro no Redis","service":"vetpro-backend","timestamp":"2026-02-27 15:59:55"}
{"error":"getaddrinfo ENOTFOUND redis","level":"warn","message":"Erro no Redis","service":"vetpro-backend","timestamp":"2026-02-27 15:59:55"}
{"error":"getaddrinfo ENOTFOUND redis","level":"warn","message":"Erro no Redis","service":"vetpro-backend","timestamp":"2026-02-27 15:59:56"}
{"error":"getaddrinfo ENOTFOUND redis","level":"warn","message":"Erro no Redis","service":"vetpro-backend","timestamp":"2026-02-27 15:59:57"}
{"error":"getaddrinfo ENOTFOUND redis","level":"warn","message":"Erro no Redis","service":"vetpro-backend","timestamp":"2026-02-27 15:59:59"}
{"error":"getaddrinfo ENOTFOUND redis","level":"warn","message":"Erro no Redis","service":"vetpro-backend","timestamp":"2026-02-27 16:00:00"}
{"error":"getaddrinfo ENOTFOUND redis","level":"warn","message":"Erro no Redis","service":"vetpro-backend","timestamp":"2026-02-27 16:00:01"}
{"error":"getaddrinfo ENOTFOUND redis","level":"warn","message":"Erro no Redis","service":"vetpro-backend","timestamp":"2026-02-27 16:00:01"}
{"error":"getaddrinfo ENOTFOUND redis","level":"warn","message":"Erro no Redis","service":"vetpro-backend","timestamp":"2026-02-27 16:00:08"}
{"error":"getaddrinfo ENOTFOUND redis","level":"warn","message":"Erro no Redis","service":"vetpro-backend","timestamp":"2026-02-27 16:00:09"}
{"error":"getaddrinfo ENOTFOUND redis","level":"warn","message":"Erro no Redis","service":"vetpro-backend","timestamp":"2026-02-27 16:00:10"}
{"error":"getaddrinfo ENOTFOUND redis","level":"warn","message":"Erro no Redis","service":"vetpro-backend","timestamp":"2026-02-27 16:00:11"}
{"error":"getaddrinfo ENOTFOUND redis","level":"warn","message":"Erro no Redis","service":"vetpro-backend","timestamp":"2026-02-27 16:00:13"}
{"error":"getaddrinfo ENOTFOUND redis","level":"warn","message":"Erro no Redis","service":"vetpro-backend","timestamp":"2026-02-27 16:00:14"}
{"error":"getaddrinfo ENOTFOUND redis","level":"warn","message":"Erro no Redis","service":"vetpro-backend","timestamp":"2026-02-27 16:00:15"}
{"error":"getaddrinfo ENOTFOUND redis","level":"warn","message":"Erro no Redis","service":"vetpro-backend","timestamp":"2026-02-27 16:00:15"}
{"error":"getaddrinfo ENOTFOUND redis","level":"warn","message":"Erro no Redis","service":"vetpro-backend","timestamp":"2026-02-27 16:00:18"}
{"error":"getaddrinfo ENOTFOUND redis","level":"warn","message":"Erro no Redis","service":"vetpro-backend","timestamp":"2026-02-27 16:00:19"}
{"error":"getaddrinfo ENOTFOUND redis","level":"warn","message":"Erro no Redis","service":"vetpro-backend","timestamp":"2026-02-27 16:00:19"}
{"error":"getaddrinfo ENOTFOUND redis","level":"warn","message":"Erro no Redis","service":"vetpro-backend","timestamp":"2026-02-27 16:00:20"}
{"error":"getaddrinfo ENOTFOUND redis","level":"warn","message":"Erro no Redis","service":"vetpro-backend","timestamp":"2026-02-27 16:00:22"}
{"error":"getaddrinfo ENOTFOUND redis","level":"warn","message":"Erro no Redis","service":"vetpro-backend","timestamp":"2026-02-27 16:00:23"}
{"error":"getaddrinfo ENOTFOUND redis","level":"warn","message":"Erro no Redis","service":"vetpro-backend","timestamp":"2026-02-27 16:00:29"}
{"error":"getaddrinfo ENOTFOUND redis","level":"warn","message":"Erro no Redis","service":"vetpro-backend","timestamp":"2026-02-27 16:00:29"}
{"error":"getaddrinfo ENOTFOUND redis","level":"warn","message":"Erro no Redis","service":"vetpro-backend","timestamp":"2026-02-27 16:00:32"}
{"error":"getaddrinfo ENOTFOUND redis","level":"warn","message":"Erro no Redis","service":"vetpro-backend","timestamp":"2026-02-27 16:00:33"}
{"error":"getaddrinfo ENOTFOUND redis","level":"warn","message":"Erro no Redis","service":"vetpro-backend","timestamp":"2026-02-27 16:00:33"}
{"error":"getaddrinfo ENOTFOUND redis","level":"warn","message":"Erro no Redis","service":"vetpro-backend","timestamp":"2026-02-27 16:00:34"}
{"error":"getaddrinfo ENOTFOUND redis","level":"warn","message":"Erro no Redis","service":"vetpro-backend","timestamp":"2026-02-27 16:00:36"}
{"error":"getaddrinfo ENOTFOUND redis","level":"warn","message":"Erro no Redis","service":"vetpro-backend","timestamp":"2026-02-27 16:00:37"}
{"error":"getaddrinfo ENOTFOUND redis","level":"warn","message":"Erro no Redis","service":"vetpro-backend","timestamp":"2026-02-27 16:00:38"}
{"error":"getaddrinfo ENOTFOUND redis","level":"warn","message":"Erro no Redis","service":"vetpro-backend","timestamp":"2026-02-27 16:00:39"}
{"error":"getaddrinfo ENOTFOUND redis","level":"warn","message":"Erro no Redis","service":"vetpro-backend","timestamp":"2026-02-27 16:00:41"}
{"error":"getaddrinfo ENOTFOUND redis","level":"warn","message":"Erro no Redis","service":"vetpro-backend","timestamp":"2026-02-27 16:00:42"}
{"error":"getaddrinfo ENOTFOUND redis","level":"warn","message":"Erro no Redis","service":"vetpro-backend","timestamp":"2026-02-27 16:00:43"}
{"error":"getaddrinfo ENOTFOUND redis","level":"warn","message":"Erro no Redis","service":"vetpro-backend","timestamp":"2026-02-27 16:00:43"}
{"error":"getaddrinfo ENOTFOUND redis","level":"warn","message":"Erro no Redis","service":"vetpro-backend","timestamp":"2026-02-27 16:00:50"}
{"error":"getaddrinfo ENOTFOUND redis","level":"warn","message":"Erro no Redis","service":"vetpro-backend","timestamp":"2026-02-27 16:00:51"}
{"error":"getaddrinfo ENOTFOUND redis","level":"warn","message":"Erro no Redis","service":"vetpro-backend","timestamp":"2026-02-27 16:00:52"}
{"error":"getaddrinfo ENOTFOUND redis","level":"warn","message":"Erro no Redis","service":"vetpro-backend","timestamp":"2026-02-27 16:00:52"}
{"error":"getaddrinfo ENOTFOUND redis","level":"warn","message":"Erro no Redis","service":"vetpro-backend","timestamp":"2026-02-27 16:00:55"}
{"error":"getaddrinfo ENOTFOUND redis","level":"warn","message":"Erro no Redis","service":"vetpro-backend","timestamp":"2026-02-27 16:00:56"}
{"error":"getaddrinfo ENOTFOUND redis","level":"warn","message":"Erro no Redis","service":"vetpro-backend","timestamp":"2026-02-27 16:00:56"}
{"error":"getaddrinfo ENOTFOUND redis","level":"warn","message":"Erro no Redis","service":"vetpro-backend","timestamp":"2026-02-27 16:00:57"}
{"error":"getaddrinfo ENOTFOUND redis","level":"warn","message":"Erro no Redis","service":"vetpro-backend","timestamp":"2026-02-27 16:01:00"}
{"error":"getaddrinfo ENOTFOUND redis","level":"warn","message":"Erro no Redis","service":"vetpro-backend","timestamp":"2026-02-27 16:01:00"}
{"error":"getaddrinfo ENOTFOUND redis","level":"warn","message":"Erro no Redis","service":"vetpro-backend","timestamp":"2026-02-27 16:01:01"}
{"error":"getaddrinfo ENOTFOUND redis","level":"warn","message":"Erro no Redis","service":"vetpro-backend","timestamp":"2026-02-27 16:01:02"}
{"error":"getaddrinfo ENOTFOUND redis","level":"warn","message":"Erro no Redis","service":"vetpro-backend","timestamp":"2026-02-27 16:01:04"}
{"error":"getaddrinfo ENOTFOUND redis","level":"warn","message":"Erro no Redis","service":"vetpro-backend","timestamp":"2026-02-27 16:01:05"}
{"level":"error","message":"Nome do paciente e obrigatorio.","service":"vetpro-backend","stack":"ValidationError: Nome do paciente e obrigatorio.\n    at validatePatientInput (C:\\Cliente\\HSS\\VetPro\\vetpro-backend\\src\\services\\patientService.js:70:20)\n    at Object.validatePatientInput [as createPatient] (C:\\Cliente\\HSS\\VetPro\\vetpro-backend\\src\\services\\patientService.js:142:3)\n    at createPatient (C:\\Cliente\\HSS\\VetPro\\vetpro-backend\\src\\controllers\\patientController.js:18:42)\n    at Layer.handle [as handle_request] (C:\\Cliente\\HSS\\VetPro\\vetpro-backend\\node_modules\\express\\lib\\router\\layer.js:95:5)\n    at next (C:\\Cliente\\HSS\\VetPro\\vetpro-backend\\node_modules\\express\\lib\\router\\route.js:149:13)\n    at next (C:\\Cliente\\HSS\\VetPro\\vetpro-backend\\src\\middlewares\\validationMiddleware.js:78:12)\n    at Layer.handle [as handle_request] (C:\\Cliente\\HSS\\VetPro\\vetpro-backend\\node_modules\\express\\lib\\router\\layer.js:95:5)\n    at next (C:\\Cliente\\HSS\\VetPro\\vetpro-backend\\node_modules\\express\\lib\\router\\route.js:149:13)\n    at Route.dispatch (C:\\Cliente\\HSS\\VetPro\\vetpro-backend\\node_modules\\express\\lib\\router\\route.js:119:3)\n    at Layer.handle [as handle_request] (C:\\Cliente\\HSS\\VetPro\\vetpro-backend\\node_modules\\express\\lib\\router\\layer.js:95:5)\n    at C:\\Cliente\\HSS\\VetPro\\vetpro-backend\\node_modules\\express\\lib\\router\\index.js:284:15\n    at Function.process_params (C:\\Cliente\\HSS\\VetPro\\vetpro-backend\\node_modules\\express\\lib\\router\\index.js:346:12)\n    at next (C:\\Cliente\\HSS\\VetPro\\vetpro-backend\\node_modules\\express\\lib\\router\\index.js:280:10)\n    at next (C:\\Cliente\\HSS\\VetPro\\vetpro-backend\\src\\tests\\consultationRoutes.test.js:39:5)\n    at Layer.handle [as handle_request] (C:\\Cliente\\HSS\\VetPro\\vetpro-backend\\node_modules\\express\\lib\\router\\layer.js:95:5)\n    at trim_prefix (C:\\Cliente\\HSS\\VetPro\\vetpro-backend\\node_modules\\express\\lib\\router\\index.js:328:13)\n    at C:\\Cliente\\HSS\\VetPro\\vetpro-backend\\node_modules\\express\\lib\\router\\index.js:286:9\n    at Function.process_params (C:\\Cliente\\HSS\\VetPro\\vetpro-backend\\node_modules\\express\\lib\\router\\index.js:346:12)\n    at next (C:\\Cliente\\HSS\\VetPro\\vetpro-backend\\node_modules\\express\\lib\\router\\index.js:280:10)\n    at Function.handle (C:\\Cliente\\HSS\\VetPro\\vetpro-backend\\node_modules\\express\\lib\\router\\index.js:175:3)\n    at router (C:\\Cliente\\HSS\\VetPro\\vetpro-backend\\node_modules\\express\\lib\\router\\index.js:47:12)\n    at Layer.handle [as handle_request] (C:\\Cliente\\HSS\\VetPro\\vetpro-backend\\node_modules\\express\\lib\\router\\layer.js:95:5)\n    at trim_prefix (C:\\Cliente\\HSS\\VetPro\\vetpro-backend\\node_modules\\express\\lib\\router\\index.js:328:13)\n    at C:\\Cliente\\HSS\\VetPro\\vetpro-backend\\node_modules\\express\\lib\\router\\index.js:286:9\n    at Function.process_params (C:\\Cliente\\HSS\\VetPro\\vetpro-backend\\node_modules\\express\\lib\\router\\index.js:346:12)\n    at next (C:\\Cliente\\HSS\\VetPro\\vetpro-backend\\node_modules\\express\\lib\\router\\index.js:280:10)\n    at C:\\Cliente\\HSS\\VetPro\\vetpro-backend\\node_modules\\express-rate-limit\\dist\\index.cjs:942:7\n    at processTicksAndRejections (node:internal/process/task_queues:95:5)\n    at C:\\Cliente\\HSS\\VetPro\\vetpro-backend\\node_modules\\express-rate-limit\\dist\\index.cjs:825:5","timestamp":"2026-02-27 16:01:07"}
{"level":"error","message":"Especie e obrigatoria.","service":"vetpro-backend","stack":"ValidationError: Especie e obrigatoria.\n    at validatePatientInput (C:\\Cliente\\HSS\\VetPro\\vetpro-backend\\src\\services\\patientService.js:71:23)\n    at Object.validatePatientInput [as updatePatient] (C:\\Cliente\\HSS\\VetPro\\vetpro-backend\\src\\services\\patientService.js:202:3)\n    at updatePatient (C:\\Cliente\\HSS\\VetPro\\vetpro-backend\\src\\controllers\\patientController.js:56:42)\n    at Layer.handle [as handle_request] (C:\\Cliente\\HSS\\VetPro\\vetpro-backend\\node_modules\\express\\lib\\router\\layer.js:95:5)\n    at next (C:\\Cliente\\HSS\\VetPro\\vetpro-backend\\node_modules\\express\\lib\\router\\route.js:149:13)\n    at next (C:\\Cliente\\HSS\\VetPro\\vetpro-backend\\src\\middlewares\\validationMiddleware.js:78:12)\n    at Layer.handle [as handle_request] (C:\\Cliente\\HSS\\VetPro\\vetpro-backend\\node_modules\\express\\lib\\router\\layer.js:95:5)\n    at next (C:\\Cliente\\HSS\\VetPro\\vetpro-backend\\node_modules\\express\\lib\\router\\route.js:149:13)\n    at Route.dispatch (C:\\Cliente\\HSS\\VetPro\\vetpro-backend\\node_modules\\express\\lib\\router\\route.js:119:3)\n    at Layer.handle [as handle_request] (C:\\Cliente\\HSS\\VetPro\\vetpro-backend\\node_modules\\express\\lib\\router\\layer.js:95:5)\n    at C:\\Cliente\\HSS\\VetPro\\vetpro-backend\\node_modules\\express\\lib\\router\\index.js:284:15\n    at param (C:\\Cliente\\HSS\\VetPro\\vetpro-backend\\node_modules\\express\\lib\\router\\index.js:365:14)\n    at param (C:\\Cliente\\HSS\\VetPro\\vetpro-backend\\node_modules\\express\\lib\\router\\index.js:376:14)\n    at Function.process_params (C:\\Cliente\\HSS\\VetPro\\vetpro-backend\\node_modules\\express\\lib\\router\\index.js:421:3)\n    at next (C:\\Cliente\\HSS\\VetPro\\vetpro-backend\\node_modules\\express\\lib\\router\\index.js:280:10)\n    at next (C:\\Cliente\\HSS\\VetPro\\vetpro-backend\\src\\tests\\consultationRoutes.test.js:39:5)\n    at Layer.handle [as handle_request] (C:\\Cliente\\HSS\\VetPro\\vetpro-backend\\node_modules\\express\\lib\\router\\layer.js:95:5)\n    at trim_prefix (C:\\Cliente\\HSS\\VetPro\\vetpro-backend\\node_modules\\express\\lib\\router\\index.js:328:13)\n    at C:\\Cliente\\HSS\\VetPro\\vetpro-backend\\node_modules\\express\\lib\\router\\index.js:286:9\n    at Function.process_params (C:\\Cliente\\HSS\\VetPro\\vetpro-backend\\node_modules\\express\\lib\\router\\index.js:346:12)\n    at next (C:\\Cliente\\HSS\\VetPro\\vetpro-backend\\node_modules\\express\\lib\\router\\index.js:280:10)\n    at Function.handle (C:\\Cliente\\HSS\\VetPro\\vetpro-backend\\node_modules\\express\\lib\\router\\index.js:175:3)\n    at router (C:\\Cliente\\HSS\\VetPro\\vetpro-backend\\node_modules\\express\\lib\\router\\index.js:47:12)\n    at Layer.handle [as handle_request] (C:\\Cliente\\HSS\\VetPro\\vetpro-backend\\node_modules\\express\\lib\\router\\layer.js:95:5)\n    at trim_prefix (C:\\Cliente\\HSS\\VetPro\\vetpro-backend\\node_modules\\express\\lib\\router\\index.js:328:13)\n    at C:\\Cliente\\HSS\\VetPro\\vetpro-backend\\node_modules\\express\\lib\\router\\index.js:286:9\n    at Function.process_params (C:\\Cliente\\HSS\\VetPro\\vetpro-backend\\node_modules\\express\\lib\\router\\index.js:346:12)\n    at next (C:\\Cliente\\HSS\\VetPro\\vetpro-backend\\node_modules\\express\\lib\\router\\index.js:280:10)\n    at C:\\Cliente\\HSS\\VetPro\\vetpro-backend\\node_modules\\express-rate-limit\\dist\\index.cjs:942:7\n    at processTicksAndRejections (node:internal/process/task_queues:95:5)\n    at C:\\Cliente\\HSS\\VetPro\\vetpro-backend\\node_modules\\express-rate-limit\\dist\\index.cjs:825:5","timestamp":"2026-02-27 16:01:07"}
{"error":"getaddrinfo ENOTFOUND redis","level":"warn","message":"Erro no Redis","service":"vetpro-backend","timestamp":"2026-02-27 16:01:10"}
{"error":"getaddrinfo ENOTFOUND redis","level":"warn","message":"Erro no Redis","service":"vetpro-backend","timestamp":"2026-02-27 16:01:11"}
{"error":"getaddrinfo ENOTFOUND redis","level":"warn","message":"Erro no Redis","service":"vetpro-backend","timestamp":"2026-02-27 16:01:13"}
{"error":"getaddrinfo ENOTFOUND redis","level":"warn","message":"Erro no Redis","service":"vetpro-backend","timestamp":"2026-02-27 16:01:14"}
{"error":"getaddrinfo ENOTFOUND redis","level":"warn","message":"Erro no Redis","service":"vetpro-backend","timestamp":"2026-02-27 16:01:15"}
{"error":"getaddrinfo ENOTFOUND redis","level":"warn","message":"Erro no Redis","service":"vetpro-backend","timestamp":"2026-02-27 16:01:16"}
{"error":"getaddrinfo ENOTFOUND redis","level":"warn","message":"Erro no Redis","service":"vetpro-backend","timestamp":"2026-02-27 16:01:18"}
{"error":"getaddrinfo ENOTFOUND redis","level":"warn","message":"Erro no Redis","service":"vetpro-backend","timestamp":"2026-02-27 16:01:19"}
{"error":"getaddrinfo ENOTFOUND redis","level":"warn","message":"Erro no Redis","service":"vetpro-backend","timestamp":"2026-02-27 16:01:20"}
{"error":"getaddrinfo ENOTFOUND redis","level":"warn","message":"Erro no Redis","service":"vetpro-backend","timestamp":"2026-02-27 16:01:20"}
{"error":"getaddrinfo ENOTFOUND redis","level":"warn","message":"Erro no Redis","service":"vetpro-backend","timestamp":"2026-02-27 16:01:23"}
{"error":"getaddrinfo ENOTFOUND redis","level":"warn","message":"Erro no Redis","service":"vetpro-backend","timestamp":"2026-02-27 16:01:24"}
{"error":"getaddrinfo ENOTFOUND redis","level":"warn","message":"Erro no Redis","service":"vetpro-backend","timestamp":"2026-02-27 16:01:24"}
{"error":"getaddrinfo ENOTFOUND redis","level":"warn","message":"Erro no Redis","service":"vetpro-backend","timestamp":"2026-02-27 16:01:25"}
{"error":"getaddrinfo ENOTFOUND redis","level":"warn","message":"Erro no Redis","service":"vetpro-backend","timestamp":"2026-02-27 16:01:32"}
{"error":"getaddrinfo ENOTFOUND redis","level":"warn","message":"Erro no Redis","service":"vetpro-backend","timestamp":"2026-02-27 16:01:33"}
{"error":"getaddrinfo ENOTFOUND redis","level":"warn","message":"Erro no Redis","service":"vetpro-backend","timestamp":"2026-02-27 16:01:33"}
{"error":"getaddrinfo ENOTFOUND redis","level":"warn","message":"Erro no Redis","service":"vetpro-backend","timestamp":"2026-02-27 16:01:34"}
{"error":"getaddrinfo ENOTFOUND redis","level":"warn","message":"Erro no Redis","service":"vetpro-backend","timestamp":"2026-02-27 16:01:37"}
{"error":"getaddrinfo ENOTFOUND redis","level":"warn","message":"Erro no Redis","service":"vetpro-backend","timestamp":"2026-02-27 16:01:38"}
{"error":"getaddrinfo ENOTFOUND redis","level":"warn","message":"Erro no Redis","service":"vetpro-backend","timestamp":"2026-02-27 16:01:38"}
{"error":"getaddrinfo ENOTFOUND redis","level":"warn","message":"Erro no Redis","service":"vetpro-backend","timestamp":"2026-02-27 16:01:39"}
{"error":"getaddrinfo ENOTFOUND redis","level":"warn","message":"Erro no Redis","service":"vetpro-backend","timestamp":"2026-02-27 16:01:41"}
{"error":"getaddrinfo ENOTFOUND redis","level":"warn","message":"Erro no Redis","service":"vetpro-backend","timestamp":"2026-02-27 16:01:42"}
{"error":"getaddrinfo ENOTFOUND redis","level":"warn","message":"Erro no Redis","service":"vetpro-backend","timestamp":"2026-02-27 16:01:43"}
{"error":"getaddrinfo ENOTFOUND redis","level":"warn","message":"Erro no Redis","service":"vetpro-backend","timestamp":"2026-02-27 16:01:44"}
{"error":"getaddrinfo ENOTFOUND redis","level":"warn","message":"Erro no Redis","service":"vetpro-backend","timestamp":"2026-02-27 16:01:46"}
{"error":"getaddrinfo ENOTFOUND redis","level":"warn","message":"Erro no Redis","service":"vetpro-backend","timestamp":"2026-02-27 16:01:47"}
{"error":"getaddrinfo ENOTFOUND redis","level":"warn","message":"Erro no Redis","service":"vetpro-backend","timestamp":"2026-02-27 16:01:52"}
{"error":"getaddrinfo ENOTFOUND redis","level":"warn","message":"Erro no Redis","service":"vetpro-backend","timestamp":"2026-02-27 16:01:53"}
{"error":"getaddrinfo ENOTFOUND redis","level":"warn","message":"Erro no Redis","service":"vetpro-backend","timestamp":"2026-02-27 16:01:55"}
{"error":"getaddrinfo ENOTFOUND redis","level":"warn","message":"Erro no Redis","service":"vetpro-backend","timestamp":"2026-02-27 16:01:56"}
{"error":"getaddrinfo ENOTFOUND redis","level":"warn","message":"Erro no Redis","service":"vetpro-backend","timestamp":"2026-02-27 16:01:57"}
{"error":"getaddrinfo ENOTFOUND redis","level":"warn","message":"Erro no Redis","service":"vetpro-backend","timestamp":"2026-02-27 16:01:57"}
{"error":"getaddrinfo ENOTFOUND redis","level":"warn","message":"Erro no Redis","service":"vetpro-backend","timestamp":"2026-02-27 16:02:00"}
{"error":"getaddrinfo ENOTFOUND redis","level":"warn","message":"Erro no Redis","service":"vetpro-backend","timestamp":"2026-02-27 16:02:01"}
{"error":"getaddrinfo ENOTFOUND redis","level":"warn","message":"Erro no Redis","service":"vetpro-backend","timestamp":"2026-02-27 16:02:01"}
{"error":"getaddrinfo ENOTFOUND redis","level":"warn","message":"Erro no Redis","service":"vetpro-backend","timestamp":"2026-02-27 16:02:02"}
{"error":"getaddrinfo ENOTFOUND redis","level":"warn","message":"Erro no Redis","service":"vetpro-backend","timestamp":"2026-02-27 16:02:05"}
{"error":"getaddrinfo ENOTFOUND redis","level":"warn","message":"Erro no Redis","service":"vetpro-backend","timestamp":"2026-02-27 16:02:05"}
{"error":"getaddrinfo ENOTFOUND redis","level":"warn","message":"Erro no Redis","service":"vetpro-backend","timestamp":"2026-02-27 16:02:06"}
{"error":"getaddrinfo ENOTFOUND redis","level":"warn","message":"Erro no Redis","service":"vetpro-backend","timestamp":"2026-02-27 16:02:07"}
{"error":"getaddrinfo ENOTFOUND redis","level":"warn","message":"Erro no Redis","service":"vetpro-backend","timestamp":"2026-02-27 16:02:14"}
{"error":"getaddrinfo ENOTFOUND redis","level":"warn","message":"Erro no Redis","service":"vetpro-backend","timestamp":"2026-02-27 16:02:15"}
{"error":"getaddrinfo ENOTFOUND redis","level":"warn","message":"Erro no Redis","service":"vetpro-backend","timestamp":"2026-02-27 16:02:15"}
{"error":"getaddrinfo ENOTFOUND redis","level":"warn","message":"Erro no Redis","service":"vetpro-backend","timestamp":"2026-02-27 16:02:16"}
{"error":"getaddrinfo ENOTFOUND redis","level":"warn","message":"Erro no Redis","service":"vetpro-backend","timestamp":"2026-02-27 16:02:18"}
{"error":"getaddrinfo ENOTFOUND redis","level":"warn","message":"Erro no Redis","service":"vetpro-backend","timestamp":"2026-02-27 16:02:19"}
{"error":"getaddrinfo ENOTFOUND redis","level":"warn","message":"Erro no Redis","service":"vetpro-backend","timestamp":"2026-02-27 16:02:20"}
{"error":"getaddrinfo ENOTFOUND redis","level":"warn","message":"Erro no Redis","service":"vetpro-backend","timestamp":"2026-02-27 16:02:21"}
{"error":"getaddrinfo ENOTFOUND redis","level":"warn","message":"Erro no Redis","service":"vetpro-backend","timestamp":"2026-02-27 16:02:23"}
{"error":"getaddrinfo ENOTFOUND redis","level":"warn","message":"Erro no Redis","service":"vetpro-backend","timestamp":"2026-02-27 16:02:24"}
{"error":"getaddrinfo ENOTFOUND redis","level":"warn","message":"Erro no Redis","service":"vetpro-backend","timestamp":"2026-02-27 16:02:25"}
{"error":"getaddrinfo ENOTFOUND redis","level":"warn","message":"Erro no Redis","service":"vetpro-backend","timestamp":"2026-02-27 16:02:25"}
{"error":"getaddrinfo ENOTFOUND redis","level":"warn","message":"Erro no Redis","service":"vetpro-backend","timestamp":"2026-02-27 16:02:28"}
{"error":"getaddrinfo ENOTFOUND redis","level":"warn","message":"Erro no Redis","service":"vetpro-backend","timestamp":"2026-02-27 16:02:29"}
{"error":"getaddrinfo ENOTFOUND redis","level":"warn","message":"Erro no Redis","service":"vetpro-backend","timestamp":"2026-02-27 16:02:34"}
{"error":"getaddrinfo ENOTFOUND redis","level":"warn","message":"Erro no Redis","service":"vetpro-backend","timestamp":"2026-02-27 16:02:34"}
{"error":"getaddrinfo ENOTFOUND redis","level":"warn","message":"Erro no Redis","service":"vetpro-backend","timestamp":"2026-02-27 16:02:37"}
{"error":"getaddrinfo ENOTFOUND redis","level":"warn","message":"Erro no Redis","service":"vetpro-backend","timestamp":"2026-02-27 16:02:38"}
{"error":"getaddrinfo ENOTFOUND redis","level":"warn","message":"Erro no Redis","service":"vetpro-backend","timestamp":"2026-02-27 16:02:38"}
{"error":"getaddrinfo ENOTFOUND redis","level":"warn","message":"Erro no Redis","service":"vetpro-backend","timestamp":"2026-02-27 16:02:39"}
{"error":"getaddrinfo ENOTFOUND redis","level":"warn","message":"Erro no Redis","service":"vetpro-backend","timestamp":"2026-02-27 16:02:42"}
{"error":"getaddrinfo ENOTFOUND redis","level":"warn","message":"Erro no Redis","service":"vetpro-backend","timestamp":"2026-02-27 16:02:42"}
{"error":"getaddrinfo ENOTFOUND redis","level":"warn","message":"Erro no Redis","service":"vetpro-backend","timestamp":"2026-02-27 16:02:43"}
{"error":"getaddrinfo ENOTFOUND redis","level":"warn","message":"Erro no Redis","service":"vetpro-backend","timestamp":"2026-02-27 16:02:44"}
{"error":"getaddrinfo ENOTFOUND redis","level":"warn","message":"Erro no Redis","service":"vetpro-backend","timestamp":"2026-02-27 16:02:46"}
{"error":"getaddrinfo ENOTFOUND redis","level":"warn","message":"Erro no Redis","service":"vetpro-backend","timestamp":"2026-02-27 16:02:47"}
{"error":"getaddrinfo ENOTFOUND redis","level":"warn","message":"Erro no Redis","service":"vetpro-backend","timestamp":"2026-02-27 16:02:48"}
{"error":"getaddrinfo ENOTFOUND redis","level":"warn","message":"Erro no Redis","service":"vetpro-backend","timestamp":"2026-02-27 16:02:48"}
{"error":"getaddrinfo ENOTFOUND redis","level":"warn","message":"Erro no Redis","service":"vetpro-backend","timestamp":"2026-02-27 16:02:55"}
{"error":"getaddrinfo ENOTFOUND redis","level":"warn","message":"Erro no Redis","service":"vetpro-backend","timestamp":"2026-02-27 16:02:56"}
{"error":"getaddrinfo ENOTFOUND redis","level":"warn","message":"Erro no Redis","service":"vetpro-backend","timestamp":"2026-02-27 16:02:57"}
{"error":"getaddrinfo ENOTFOUND redis","level":"warn","message":"Erro no Redis","service":"vetpro-backend","timestamp":"2026-02-27 16:02:58"}
{"error":"getaddrinfo ENOTFOUND redis","level":"warn","message":"Erro no Redis","service":"vetpro-backend","timestamp":"2026-02-27 16:03:00"}
{"error":"getaddrinfo ENOTFOUND redis","level":"warn","message":"Erro no Redis","service":"vetpro-backend","timestamp":"2026-02-27 16:03:01"}
{"error":"getaddrinfo ENOTFOUND redis","level":"warn","message":"Erro no Redis","service":"vetpro-backend","timestamp":"2026-02-27 16:03:02"}
{"error":"getaddrinfo ENOTFOUND redis","level":"warn","message":"Erro no Redis","service":"vetpro-backend","timestamp":"2026-02-27 16:03:02"}
{"error":"getaddrinfo ENOTFOUND redis","level":"warn","message":"Erro no Redis","service":"vetpro-backend","timestamp":"2026-02-27 16:03:05"}
{"error":"getaddrinfo ENOTFOUND redis","level":"warn","message":"Erro no Redis","service":"vetpro-backend","timestamp":"2026-02-27 16:03:06"}
{"error":"getaddrinfo ENOTFOUND redis","level":"warn","message":"Erro no Redis","service":"vetpro-backend","timestamp":"2026-02-27 16:03:06"}
{"error":"getaddrinfo ENOTFOUND redis","level":"warn","message":"Erro no Redis","service":"vetpro-backend","timestamp":"2026-02-27 16:03:07"}
{"error":"getaddrinfo ENOTFOUND redis","level":"warn","message":"Erro no Redis","service":"vetpro-backend","timestamp":"2026-02-27 16:03:09"}
{"error":"getaddrinfo ENOTFOUND redis","level":"warn","message":"Erro no Redis","service":"vetpro-backend","timestamp":"2026-02-27 16:03:10"}
{"error":"getaddrinfo ENOTFOUND redis","level":"warn","message":"Erro no Redis","service":"vetpro-backend","timestamp":"2026-02-27 16:03:16"}
{"error":"getaddrinfo ENOTFOUND redis","level":"warn","message":"Erro no Redis","service":"vetpro-backend","timestamp":"2026-02-27 16:03:16"}
{"error":"getaddrinfo ENOTFOUND redis","level":"warn","message":"Erro no Redis","service":"vetpro-backend","timestamp":"2026-02-27 16:03:19"}
{"error":"getaddrinfo ENOTFOUND redis","level":"warn","message":"Erro no Redis","service":"vetpro-backend","timestamp":"2026-02-27 16:03:20"}
{"error":"getaddrinfo ENOTFOUND redis","level":"warn","message":"Erro no Redis","service":"vetpro-backend","timestamp":"2026-02-27 16:03:20"}
{"error":"getaddrinfo ENOTFOUND redis","level":"warn","message":"Erro no Redis","service":"vetpro-backend","timestamp":"2026-02-27 16:03:21"}
{"error":"getaddrinfo ENOTFOUND redis","level":"warn","message":"Erro no Redis","service":"vetpro-backend","timestamp":"2026-02-27 16:03:23"}
{"error":"getaddrinfo ENOTFOUND redis","level":"warn","message":"Erro no Redis","service":"vetpro-backend","timestamp":"2026-02-27 16:03:24"}
{"error":"getaddrinfo ENOTFOUND redis","level":"warn","message":"Erro no Redis","service":"vetpro-backend","timestamp":"2026-02-27 16:03:25"}
{"error":"getaddrinfo ENOTFOUND redis","level":"warn","message":"Erro no Redis","service":"vetpro-backend","timestamp":"2026-02-27 16:03:26"}
{"error":"getaddrinfo ENOTFOUND redis","level":"warn","message":"Erro no Redis","service":"vetpro-backend","timestamp":"2026-02-27 16:03:28"}
{"error":"getaddrinfo ENOTFOUND redis","level":"warn","message":"Erro no Redis","service":"vetpro-backend","timestamp":"2026-02-27 16:03:29"}
{"error":"getaddrinfo ENOTFOUND redis","level":"warn","message":"Erro no Redis","service":"vetpro-backend","timestamp":"2026-02-27 16:03:30"}
{"error":"getaddrinfo ENOTFOUND redis","level":"warn","message":"Erro no Redis","service":"vetpro-backend","timestamp":"2026-02-27 16:03:30"}
{"error":"getaddrinfo ENOTFOUND redis","level":"warn","message":"Erro no Redis","service":"vetpro-backend","timestamp":"2026-02-27 16:03:37"}
{"error":"getaddrinfo ENOTFOUND redis","level":"warn","message":"Erro no Redis","service":"vetpro-backend","timestamp":"2026-02-27 16:03:38"}
{"error":"getaddrinfo ENOTFOUND redis","level":"warn","message":"Erro no Redis","service":"vetpro-backend","timestamp":"2026-02-27 16:03:39"}
{"error":"getaddrinfo ENOTFOUND redis","level":"warn","message":"Erro no Redis","service":"vetpro-backend","timestamp":"2026-02-27 16:03:39"}
{"error":"getaddrinfo ENOTFOUND redis","level":"warn","message":"Erro no Redis","service":"vetpro-backend","timestamp":"2026-02-27 16:03:42"}
{"error":"getaddrinfo ENOTFOUND redis","level":"warn","message":"Erro no Redis","service":"vetpro-backend","timestamp":"2026-02-27 16:03:43"}
{"error":"getaddrinfo ENOTFOUND redis","level":"warn","message":"Erro no Redis","service":"vetpro-backend","timestamp":"2026-02-27 16:03:43"}
{"error":"getaddrinfo ENOTFOUND redis","level":"warn","message":"Erro no Redis","service":"vetpro-backend","timestamp":"2026-02-27 16:03:44"}
{"error":"getaddrinfo ENOTFOUND redis","level":"warn","message":"Erro no Redis","service":"vetpro-backend","timestamp":"2026-02-27 16:03:47"}
{"error":"getaddrinfo ENOTFOUND redis","level":"warn","message":"Erro no Redis","service":"vetpro-backend","timestamp":"2026-02-27 16:03:47"}
{"error":"getaddrinfo ENOTFOUND redis","level":"warn","message":"Erro no Redis","service":"vetpro-backend","timestamp":"2026-02-27 16:03:48"}
{"error":"getaddrinfo ENOTFOUND redis","level":"warn","message":"Erro no Redis","service":"vetpro-backend","timestamp":"2026-02-27 16:03:49"}
{"error":"getaddrinfo ENOTFOUND redis","level":"warn","message":"Erro no Redis","service":"vetpro-backend","timestamp":"2026-02-27 16:03:51"}
{"error":"getaddrinfo ENOTFOUND redis","level":"warn","message":"Erro no Redis","service":"vetpro-backend","timestamp":"2026-02-27 16:03:52"}
{"error":"getaddrinfo ENOTFOUND redis","level":"warn","message":"Erro no Redis","service":"vetpro-backend","timestamp":"2026-02-27 16:03:57"}
{"error":"getaddrinfo ENOTFOUND redis","level":"warn","message":"Erro no Redis","service":"vetpro-backend","timestamp":"2026-02-27 16:03:58"}
{"error":"getaddrinfo ENOTFOUND redis","level":"warn","message":"Erro no Redis","service":"vetpro-backend","timestamp":"2026-02-27 16:04:00"}
{"error":"getaddrinfo ENOTFOUND redis","level":"warn","message":"Erro no Redis","service":"vetpro-backend","timestamp":"2026-02-27 16:04:01"}
{"error":"getaddrinfo ENOTFOUND redis","level":"warn","message":"Erro no Redis","service":"vetpro-backend","timestamp":"2026-02-27 16:04:02"}
{"error":"getaddrinfo ENOTFOUND redis","level":"warn","message":"Erro no Redis","service":"vetpro-backend","timestamp":"2026-02-27 16:04:03"}
{"error":"getaddrinfo ENOTFOUND redis","level":"warn","message":"Erro no Redis","service":"vetpro-backend","timestamp":"2026-02-27 16:04:05"}
{"error":"getaddrinfo ENOTFOUND redis","level":"warn","message":"Erro no Redis","service":"vetpro-backend","timestamp":"2026-02-27 16:04:06"}
{"error":"getaddrinfo ENOTFOUND redis","level":"warn","message":"Erro no Redis","service":"vetpro-backend","timestamp":"2026-02-27 16:04:07"}
{"error":"getaddrinfo ENOTFOUND redis","level":"warn","message":"Erro no Redis","service":"vetpro-backend","timestamp":"2026-02-27 16:04:07"}
{"error":"getaddrinfo ENOTFOUND redis","level":"warn","message":"Erro no Redis","service":"vetpro-backend","timestamp":"2026-02-27 16:04:10"}
{"error":"getaddrinfo ENOTFOUND redis","level":"warn","message":"Erro no Redis","service":"vetpro-backend","timestamp":"2026-02-27 16:04:11"}
{"error":"getaddrinfo ENOTFOUND redis","level":"warn","message":"Erro no Redis","service":"vetpro-backend","timestamp":"2026-02-27 16:04:11"}
{"error":"getaddrinfo ENOTFOUND redis","level":"warn","message":"Erro no Redis","service":"vetpro-backend","timestamp":"2026-02-27 16:04:12"}
{"error":"getaddrinfo ENOTFOUND redis","level":"warn","message":"Erro no Redis","service":"vetpro-backend","timestamp":"2026-02-27 16:04:19"}
{"error":"getaddrinfo ENOTFOUND redis","level":"warn","message":"Erro no Redis","service":"vetpro-backend","timestamp":"2026-02-27 16:04:20"}
{"error":"getaddrinfo ENOTFOUND redis","level":"warn","message":"Erro no Redis","service":"vetpro-backend","timestamp":"2026-02-27 16:04:20"}
{"error":"getaddrinfo ENOTFOUND redis","level":"warn","message":"Erro no Redis","service":"vetpro-backend","timestamp":"2026-02-27 16:04:21"}
{"error":"getaddrinfo ENOTFOUND redis","level":"warn","message":"Erro no Redis","service":"vetpro-backend","timestamp":"2026-02-27 16:04:24"}
{"error":"getaddrinfo ENOTFOUND redis","level":"warn","message":"Erro no Redis","service":"vetpro-backend","timestamp":"2026-02-27 16:04:25"}
{"error":"getaddrinfo ENOTFOUND redis","level":"warn","message":"Erro no Redis","service":"vetpro-backend","timestamp":"2026-02-27 16:04:25"}
{"error":"getaddrinfo ENOTFOUND redis","level":"warn","message":"Erro no Redis","service":"vetpro-backend","timestamp":"2026-02-27 16:04:26"}
{"error":"getaddrinfo ENOTFOUND redis","level":"warn","message":"Erro no Redis","service":"vetpro-backend","timestamp":"2026-02-27 16:04:28"}
{"error":"getaddrinfo ENOTFOUND redis","level":"warn","message":"Erro no Redis","service":"vetpro-backend","timestamp":"2026-02-27 16:04:29"}
{"error":"getaddrinfo ENOTFOUND redis","level":"warn","message":"Erro no Redis","service":"vetpro-backend","timestamp":"2026-02-27 16:04:30"}
{"error":"getaddrinfo ENOTFOUND redis","level":"warn","message":"Erro no Redis","service":"vetpro-backend","timestamp":"2026-02-27 16:04:30"}
{"error":"getaddrinfo ENOTFOUND redis","level":"warn","message":"Erro no Redis","service":"vetpro-backend","timestamp":"2026-02-27 16:04:33"}
{"error":"getaddrinfo ENOTFOUND redis","level":"warn","message":"Erro no Redis","service":"vetpro-backend","timestamp":"2026-02-27 16:04:34"}
{"error":"getaddrinfo ENOTFOUND redis","level":"warn","message":"Erro no Redis","service":"vetpro-backend","timestamp":"2026-02-27 16:04:39"}
{"error":"getaddrinfo ENOTFOUND redis","level":"warn","message":"Erro no Redis","service":"vetpro-backend","timestamp":"2026-02-27 16:04:40"}
{"error":"getaddrinfo ENOTFOUND redis","level":"warn","message":"Erro no Redis","service":"vetpro-backend","timestamp":"2026-02-27 16:04:42"}
{"error":"getaddrinfo ENOTFOUND redis","level":"warn","message":"Erro no Redis","service":"vetpro-backend","timestamp":"2026-02-27 16:04:43"}
{"error":"getaddrinfo ENOTFOUND redis","level":"warn","message":"Erro no Redis","service":"vetpro-backend","timestamp":"2026-02-27 16:04:44"}
{"error":"getaddrinfo ENOTFOUND redis","level":"warn","message":"Erro no Redis","service":"vetpro-backend","timestamp":"2026-02-27 16:04:44"}
{"error":"getaddrinfo ENOTFOUND redis","level":"warn","message":"Erro no Redis","service":"vetpro-backend","timestamp":"2026-02-27 16:04:47"}
{"error":"getaddrinfo ENOTFOUND redis","level":"warn","message":"Erro no Redis","service":"vetpro-backend","timestamp":"2026-02-27 16:04:48"}
{"error":"getaddrinfo ENOTFOUND redis","level":"warn","message":"Erro no Redis","service":"vetpro-backend","timestamp":"2026-02-27 16:04:48"}
{"error":"getaddrinfo ENOTFOUND redis","level":"warn","message":"Erro no Redis","service":"vetpro-backend","timestamp":"2026-02-27 16:04:49"}
{"error":"getaddrinfo ENOTFOUND redis","level":"warn","message":"Erro no Redis","service":"vetpro-backend","timestamp":"2026-02-27 16:04:52"}
{"error":"getaddrinfo ENOTFOUND redis","level":"warn","message":"Erro no Redis","service":"vetpro-backend","timestamp":"2026-02-27 16:04:52"}
{"error":"getaddrinfo ENOTFOUND redis","level":"warn","message":"Erro no Redis","service":"vetpro-backend","timestamp":"2026-02-27 16:04:53"}
{"error":"getaddrinfo ENOTFOUND redis","level":"warn","message":"Erro no Redis","service":"vetpro-backend","timestamp":"2026-02-27 16:04:54"}
{"error":"getaddrinfo ENOTFOUND redis","level":"warn","message":"Erro no Redis","service":"vetpro-backend","timestamp":"2026-02-27 16:05:01"}
{"error":"getaddrinfo ENOTFOUND redis","level":"warn","message":"Erro no Redis","service":"vetpro-backend","timestamp":"2026-02-27 16:05:02"}
{"error":"getaddrinfo ENOTFOUND redis","level":"warn","message":"Erro no Redis","service":"vetpro-backend","timestamp":"2026-02-27 16:05:02"}
{"error":"getaddrinfo ENOTFOUND redis","level":"warn","message":"Erro no Redis","service":"vetpro-backend","timestamp":"2026-02-27 16:05:03"}
{"error":"getaddrinfo ENOTFOUND redis","level":"warn","message":"Erro no Redis","service":"vetpro-backend","timestamp":"2026-02-27 16:05:05"}
{"error":"getaddrinfo ENOTFOUND redis","level":"warn","message":"Erro no Redis","service":"vetpro-backend","timestamp":"2026-02-27 16:05:06"}
{"error":"getaddrinfo ENOTFOUND redis","level":"warn","message":"Erro no Redis","service":"vetpro-backend","timestamp":"2026-02-27 16:05:07"}
{"error":"getaddrinfo ENOTFOUND redis","level":"warn","message":"Erro no Redis","service":"vetpro-backend","timestamp":"2026-02-27 16:05:08"}
{"error":"getaddrinfo ENOTFOUND redis","level":"warn","message":"Erro no Redis","service":"vetpro-backend","timestamp":"2026-02-27 16:05:10"}
{"error":"getaddrinfo ENOTFOUND redis","level":"warn","message":"Erro no Redis","service":"vetpro-backend","timestamp":"2026-02-27 16:05:11"}
{"error":"getaddrinfo ENOTFOUND redis","level":"warn","message":"Erro no Redis","service":"vetpro-backend","timestamp":"2026-02-27 16:05:12"}
{"error":"getaddrinfo ENOTFOUND redis","level":"warn","message":"Erro no Redis","service":"vetpro-backend","timestamp":"2026-02-27 16:05:12"}
{"error":"getaddrinfo ENOTFOUND redis","level":"warn","message":"Erro no Redis","service":"vetpro-backend","timestamp":"2026-02-27 16:05:15"}
{"error":"getaddrinfo ENOTFOUND redis","level":"warn","message":"Erro no Redis","service":"vetpro-backend","timestamp":"2026-02-27 16:05:16"}
{"error":"getaddrinfo ENOTFOUND redis","level":"warn","message":"Erro no Redis","service":"vetpro-backend","timestamp":"2026-02-27 16:05:21"}
{"error":"getaddrinfo ENOTFOUND redis","level":"warn","message":"Erro no Redis","service":"vetpro-backend","timestamp":"2026-02-27 16:05:21"}
{"error":"getaddrinfo ENOTFOUND redis","level":"warn","message":"Erro no Redis","service":"vetpro-backend","timestamp":"2026-02-27 16:05:24"}
{"error":"getaddrinfo ENOTFOUND redis","level":"warn","message":"Erro no Redis","service":"vetpro-backend","timestamp":"2026-02-27 16:05:25"}
{"error":"getaddrinfo ENOTFOUND redis","level":"warn","message":"Erro no Redis","service":"vetpro-backend","timestamp":"2026-02-27 16:05:25"}
{"error":"getaddrinfo ENOTFOUND redis","level":"warn","message":"Erro no Redis","service":"vetpro-backend","timestamp":"2026-02-27 16:05:26"}
{"error":"getaddrinfo ENOTFOUND redis","level":"warn","message":"Erro no Redis","service":"vetpro-backend","timestamp":"2026-02-27 16:05:29"}
{"error":"getaddrinfo ENOTFOUND redis","level":"warn","message":"Erro no Redis","service":"vetpro-backend","timestamp":"2026-02-27 16:05:29"}
{"error":"getaddrinfo ENOTFOUND redis","level":"warn","message":"Erro no Redis","service":"vetpro-backend","timestamp":"2026-02-27 16:05:30"}
{"error":"getaddrinfo ENOTFOUND redis","level":"warn","message":"Erro no Redis","service":"vetpro-backend","timestamp":"2026-02-27 16:05:31"}
{"error":"getaddrinfo ENOTFOUND redis","level":"warn","message":"Erro no Redis","service":"vetpro-backend","timestamp":"2026-02-27 16:05:33"}
{"error":"getaddrinfo ENOTFOUND redis","level":"warn","message":"Erro no Redis","service":"vetpro-backend","timestamp":"2026-02-27 16:05:34"}
{"error":"getaddrinfo ENOTFOUND redis","level":"warn","message":"Erro no Redis","service":"vetpro-backend","timestamp":"2026-02-27 16:05:35"}
{"error":"getaddrinfo ENOTFOUND redis","level":"warn","message":"Erro no Redis","service":"vetpro-backend","timestamp":"2026-02-27 16:05:35"}
{"error":"getaddrinfo ENOTFOUND redis","level":"warn","message":"Erro no Redis","service":"vetpro-backend","timestamp":"2026-02-27 16:05:43"}
{"error":"getaddrinfo ENOTFOUND redis","level":"warn","message":"Erro no Redis","service":"vetpro-backend","timestamp":"2026-02-27 16:05:43"}
{"error":"getaddrinfo ENOTFOUND redis","level":"warn","message":"Erro no Redis","service":"vetpro-backend","timestamp":"2026-02-27 16:05:44"}
{"error":"getaddrinfo ENOTFOUND redis","level":"warn","message":"Erro no Redis","service":"vetpro-backend","timestamp":"2026-02-27 16:05:45"}
{"error":"getaddrinfo ENOTFOUND redis","level":"warn","message":"Erro no Redis","service":"vetpro-backend","timestamp":"2026-02-27 16:05:47"}
{"error":"getaddrinfo ENOTFOUND redis","level":"warn","message":"Erro no Redis","service":"vetpro-backend","timestamp":"2026-02-27 16:05:48"}
{"error":"getaddrinfo ENOTFOUND redis","level":"warn","message":"Erro no Redis","service":"vetpro-backend","timestamp":"2026-02-27 16:05:49"}
{"error":"getaddrinfo ENOTFOUND redis","level":"warn","message":"Erro no Redis","service":"vetpro-backend","timestamp":"2026-02-27 16:05:49"}
{"error":"getaddrinfo ENOTFOUND redis","level":"warn","message":"Erro no Redis","service":"vetpro-backend","timestamp":"2026-02-27 16:05:52"}
{"error":"getaddrinfo ENOTFOUND redis","level":"warn","message":"Erro no Redis","service":"vetpro-backend","timestamp":"2026-02-27 16:05:53"}
{"error":"getaddrinfo ENOTFOUND redis","level":"warn","message":"Erro no Redis","service":"vetpro-backend","timestamp":"2026-02-27 16:05:53"}
{"error":"getaddrinfo ENOTFOUND redis","level":"warn","message":"Erro no Redis","service":"vetpro-backend","timestamp":"2026-02-27 16:05:54"}
{"error":"getaddrinfo ENOTFOUND redis","level":"warn","message":"Erro no Redis","service":"vetpro-backend","timestamp":"2026-02-27 16:05:57"}
{"error":"getaddrinfo ENOTFOUND redis","level":"warn","message":"Erro no Redis","service":"vetpro-backend","timestamp":"2026-02-27 16:05:57"}
{"error":"getaddrinfo ENOTFOUND redis","level":"warn","message":"Erro no Redis","service":"vetpro-backend","timestamp":"2026-02-27 16:06:02"}
{"error":"getaddrinfo ENOTFOUND redis","level":"warn","message":"Erro no Redis","service":"vetpro-backend","timestamp":"2026-02-27 16:06:03"}
{"error":"getaddrinfo ENOTFOUND redis","level":"warn","message":"Erro no Redis","service":"vetpro-backend","timestamp":"2026-02-27 16:06:06"}
{"error":"getaddrinfo ENOTFOUND redis","level":"warn","message":"Erro no Redis","service":"vetpro-backend","timestamp":"2026-02-27 16:06:07"}
{"error":"getaddrinfo ENOTFOUND redis","level":"warn","message":"Erro no Redis","service":"vetpro-backend","timestamp":"2026-02-27 16:06:07"}
{"error":"getaddrinfo ENOTFOUND redis","level":"warn","message":"Erro no Redis","service":"vetpro-backend","timestamp":"2026-02-27 16:06:08"}
{"error":"getaddrinfo ENOTFOUND redis","level":"warn","message":"Erro no Redis","service":"vetpro-backend","timestamp":"2026-02-27 16:06:10"}
{"error":"getaddrinfo ENOTFOUND redis","level":"warn","message":"Erro no Redis","service":"vetpro-backend","timestamp":"2026-02-27 16:06:11"}
{"error":"getaddrinfo ENOTFOUND redis","level":"warn","message":"Erro no Redis","service":"vetpro-backend","timestamp":"2026-02-27 16:06:12"}
{"error":"getaddrinfo ENOTFOUND redis","level":"warn","message":"Erro no Redis","service":"vetpro-backend","timestamp":"2026-02-27 16:06:13"}
{"error":"getaddrinfo ENOTFOUND redis","level":"warn","message":"Erro no Redis","service":"vetpro-backend","timestamp":"2026-02-27 16:06:15"}
{"error":"getaddrinfo ENOTFOUND redis","level":"warn","message":"Erro no Redis","service":"vetpro-backend","timestamp":"2026-02-27 16:06:16"}
{"error":"getaddrinfo ENOTFOUND redis","level":"warn","message":"Erro no Redis","service":"vetpro-backend","timestamp":"2026-02-27 16:06:16"}
{"error":"getaddrinfo ENOTFOUND redis","level":"warn","message":"Erro no Redis","service":"vetpro-backend","timestamp":"2026-02-27 16:06:17"}
{"error":"getaddrinfo ENOTFOUND redis","level":"warn","message":"Erro no Redis","service":"vetpro-backend","timestamp":"2026-02-27 16:06:24"}
{"error":"getaddrinfo ENOTFOUND redis","level":"warn","message":"Erro no Redis","service":"vetpro-backend","timestamp":"2026-02-27 16:06:25"}
{"error":"getaddrinfo ENOTFOUND redis","level":"warn","message":"Erro no Redis","service":"vetpro-backend","timestamp":"2026-02-27 16:06:26"}
{"error":"getaddrinfo ENOTFOUND redis","level":"warn","message":"Erro no Redis","service":"vetpro-backend","timestamp":"2026-02-27 16:06:26"}
{"error":"getaddrinfo ENOTFOUND redis","level":"warn","message":"Erro no Redis","service":"vetpro-backend","timestamp":"2026-02-27 16:06:29"}
{"error":"getaddrinfo ENOTFOUND redis","level":"warn","message":"Erro no Redis","service":"vetpro-backend","timestamp":"2026-02-27 16:06:30"}
{"error":"getaddrinfo ENOTFOUND redis","level":"warn","message":"Erro no Redis","service":"vetpro-backend","timestamp":"2026-02-27 16:06:30"}
{"error":"getaddrinfo ENOTFOUND redis","level":"warn","message":"Erro no Redis","service":"vetpro-backend","timestamp":"2026-02-27 16:06:31"}
{"error":"getaddrinfo ENOTFOUND redis","level":"warn","message":"Erro no Redis","service":"vetpro-backend","timestamp":"2026-02-27 16:06:34"}
{"error":"getaddrinfo ENOTFOUND redis","level":"warn","message":"Erro no Redis","service":"vetpro-backend","timestamp":"2026-02-27 16:06:34"}
{"error":"getaddrinfo ENOTFOUND redis","level":"warn","message":"Erro no Redis","service":"vetpro-backend","timestamp":"2026-02-27 16:06:35"}
{"error":"getaddrinfo ENOTFOUND redis","level":"warn","message":"Erro no Redis","service":"vetpro-backend","timestamp":"2026-02-27 16:06:36"}
